{"type":"FeatureCollection","features":[{"type":"Feature","id":1,"geometry":{"type":"Point","coordinates":[-114.34998306982007,43.64857387706806]},"properties":{"ObjectID":1,"Loc_name":"World","Status":"M","Score":98.480000000000004,"Match_type":"A","Match_addr":"100 Hospital Dr, Ketchum, Idaho, 83340","LongLabel":"100 Hospital Dr, Ketchum, ID, 83340, USA","ShortLabel":"100 Hospital Dr","Addr_type":"PointAddress","Type":"","PlaceName":"","Place_addr":"100 Hospital Dr, Ketchum, Idaho, 83340","Phone":"","URL":"","Rank":19.5,"AddBldg":"","AddNum":"100","AddNumFrom":"","AddNumTo":"","AddRange":"","Side":"","StPreDir":"","StPreType":"","StName":"Hospital","StType":"Dr","StDir":"","BldgComp":"","BldgType":"","BldgName":"","LevelType":"","LevelName":"","UnitType":"","UnitName":"","RoomType":"","RoomName":"","WingType":"","WingName":"","SubAddr":"","StAddr":"100 Hospital Dr","Block":"","Sector":"","Nbrhd":"","District":"","City":"Ketchum","MetroArea":"","Subregion":"Blaine County","Region":"Idaho","RegionAbbr":"ID","Territory":"","Zone":"","Postal":"83340","PostalExt":"","Country":"USA","CntryName":"United States","LangCode":"ENG","Distance":0,"X":-114.349044875405,"Y":43.648448979317997,"DisplayX":-114.349970405153,"DisplayY":43.648567750886002,"Xmin":-114.35097040515301,"Xmax":-114.348970405153,"Ymin":43.647567750885997,"Ymax":43.649567750886,"ExInfo":"","MatchID":"AQFyAAEAEAoCAJUBBAAAAAAMDkhPU1BJVEFMIERSSVZFFQMxMDBmA0VORw","PotentialID":"","StrucType":"","StrucDet":"","IN_Address":"100 HOSPITAL DRIVE","IN_Address2":null,"IN_Address3":null,"IN_Neighborhood":null,"IN_City":"KETCHUM","IN_Subregion":"BLAINE","IN_Region":"ID","IN_Postal":"83340","IN_PostalExt":null,"IN_CountryCode":null,"USER_TARGET_FID":4,"USER_ID":156083340,"USER_NAME":"ST. LUKE'S WOOD RIVER MEDICAL CENTER","USER_ADDRESS":"100 HOSPITAL DRIVE","USER_CITY":"KETCHUM","USER_STATE":"ID","USER_ZIP":83340,"USER_TELEPHONE":"(208) 727-8800","USER_TYPE":"SPECIAL","USER_COUNTY":"BLAINE","USER_LATITUDE":43.648320249999998,"USER_LONGITUDE":-114.350021,"USER_SOURCE":"http://healthandwelfare.idaho.gov/portals/0/medical/licensingcertification/alphahospital.pdf","USER_SOURCEDATE":1596844800000,"USER_WEBSITE":"NOT AVAILABLE","USER_OWNER":"NON-PROFIT","USER_BEDS":25,"USER_TRAUMA":"NOT AVAILABLE","USER_HELIPAD":"Y","USER_hosp_cnt":1,"USER_HSA_label":"SUN VALLEY","USER_LnD":1,"USER_Pediatric":1,"USER_Gyn":1,"USER_MFM":0,"USER_CriticalAccess":0,"USER_Acute_care":1}},{"type":"Feature","id":2,"geometry":{"type":"Point","coordinates":[-111.98769755066823,43.474317571192053]},"properties":{"ObjectID":2,"Loc_name":"World","Status":"M","Score":98.480000000000004,"Match_type":"A","Match_addr":"2325 Coronado St, Idaho Falls, Idaho, 83404","LongLabel":"2325 Coronado St, Idaho Falls, ID, 83404, USA","ShortLabel":"2325 Coronado St","Addr_type":"PointAddress","Type":"","PlaceName":"","Place_addr":"2325 Coronado St, Idaho Falls, Idaho, 83404","Phone":"","URL":"","Rank":19.5,"AddBldg":"","AddNum":"2325","AddNumFrom":"","AddNumTo":"","AddRange":"","Side":"","StPreDir":"","StPreType":"","StName":"Coronado","StType":"St","StDir":"","BldgComp":"","BldgType":"","BldgName":"","LevelType":"","LevelName":"","UnitType":"","UnitName":"","RoomType":"","RoomName":"","WingType":"","WingName":"","SubAddr":"","StAddr":"2325 Coronado St","Block":"","Sector":"","Nbrhd":"","District":"","City":"Idaho Falls","MetroArea":"","Subregion":"Bonneville County","Region":"Idaho","RegionAbbr":"ID","Territory":"","Zone":"","Postal":"83404","PostalExt":"7407","Country":"USA","CntryName":"United States","LangCode":"ENG","Distance":0,"X":-111.98770902677801,"Y":43.472545688727003,"DisplayX":-111.98768538981101,"DisplayY":43.474311252810999,"Xmin":-111.988685389811,"Xmax":-111.986685389811,"Ymin":43.473311252811001,"Ymax":43.475311252810997,"ExInfo":"","MatchID":"AQGsCQEAYgkCAJUBBAAAAAAMD0NPUk9OQURPIFNUUkVFVBUEMjMyNWYDRU5H","PotentialID":"","StrucType":"Commercial","StrucDet":"Medical","IN_Address":"2325 CORONADO STREET","IN_Address2":null,"IN_Address3":null,"IN_Neighborhood":null,"IN_City":"IDAHO FALLS","IN_Subregion":"BONNEVILLE","IN_Region":"ID","IN_Postal":"83404","IN_PostalExt":null,"IN_CountryCode":null,"USER_TARGET_FID":6,"USER_ID":5283404,"USER_NAME":"MOUNTAIN VIEW HOSPITAL","USER_ADDRESS":"2325 CORONADO STREET","USER_CITY":"IDAHO FALLS","USER_STATE":"ID","USER_ZIP":83404,"USER_TELEPHONE":"(208) 557-2700","USER_TYPE":"GENERAL ACUTE CARE","USER_COUNTY":"BONNEVILLE","USER_LATITUDE":43.474366019999998,"USER_LONGITUDE":-111.9879207,"USER_SOURCE":"http://healthandwelfare.idaho.gov/portals/0/medical/licensingcertification/alphahospital.pdf","USER_SOURCEDATE":1596844800000,"USER_WEBSITE":"https://www.mountainviewhospital.org/","USER_OWNER":"NON-PROFIT","USER_BEDS":43,"USER_TRAUMA":"NOT AVAILABLE","USER_HELIPAD":"N","USER_hosp_cnt":2,"USER_HSA_label":"IDAHO FALLS","USER_LnD":1,"USER_Pediatric":1,"USER_Gyn":1,"USER_MFM":0,"USER_CriticalAccess":0,"USER_Acute_care":1}},{"type":"Feature","id":3,"geometry":{"type":"Point","coordinates":[-112.42060071355826,42.873962986998009]},"properties":{"ObjectID":3,"Loc_name":"World","Status":"M","Score":98.480000000000004,"Match_type":"A","Match_addr":"777 Hospital Way, Pocatello, Idaho, 83201","LongLabel":"777 Hospital Way, Pocatello, ID, 83201, USA","ShortLabel":"777 Hospital Way","Addr_type":"PointAddress","Type":"","PlaceName":"","Place_addr":"777 Hospital Way, Pocatello, Idaho, 83201","Phone":"","URL":"","Rank":19.5,"AddBldg":"","AddNum":"777","AddNumFrom":"","AddNumTo":"","AddRange":"","Side":"","StPreDir":"","StPreType":"","StName":"Hospital","StType":"Way","StDir":"","BldgComp":"","BldgType":"","BldgName":"","LevelType":"","LevelName":"","UnitType":"","UnitName":"","RoomType":"","RoomName":"","WingType":"","WingName":"","SubAddr":"","StAddr":"777 Hospital Way","Block":"","Sector":"","Nbrhd":"","District":"","City":"Pocatello","MetroArea":"","Subregion":"Bannock County","Region":"Idaho","RegionAbbr":"ID","Territory":"","Zone":"","Postal":"83201","PostalExt":"5175","Country":"USA","CntryName":"United States","LangCode":"ENG","Distance":0,"X":-112.418930033417,"Y":42.873962383193003,"DisplayX":-112.42058856059801,"DisplayY":42.873956767317999,"Xmin":-112.421588560598,"Xmax":-112.419588560598,"Ymin":42.872956767318001,"Ymax":42.874956767317997,"ExInfo":"","MatchID":"AQH7BwEACQcCAJUBBAAAAAAMDEhPU1BJVEFMIFdBWRUDNzc3ZgNFTkc","PotentialID":"","StrucType":"Commercial","StrucDet":"","IN_Address":"777 HOSPITAL WAY","IN_Address2":null,"IN_Address3":null,"IN_Neighborhood":null,"IN_City":"POCATELLO","IN_Subregion":"BANNOCK","IN_Region":"ID","IN_Postal":"83201","IN_PostalExt":null,"IN_CountryCode":null,"USER_TARGET_FID":7,"USER_ID":3183201,"USER_NAME":"PORTNEUF MEDICAL CENTER","USER_ADDRESS":"777 HOSPITAL WAY","USER_CITY":"POCATELLO","USER_STATE":"ID","USER_ZIP":83201,"USER_TELEPHONE":"(208) 239-1000","USER_TYPE":"GENERAL ACUTE CARE","USER_COUNTY":"BANNOCK","USER_LATITUDE":42.873853009999998,"USER_LONGITUDE":-112.420762,"USER_SOURCE":"http://healthandwelfare.idaho.gov/portals/0/medical/licensingcertification/alphahospital.pdf","USER_SOURCEDATE":1596844800000,"USER_WEBSITE":"http://www.portmed.org","USER_OWNER":"PROPRIETARY","USER_BEDS":205,"USER_TRAUMA":"LEVEL II","USER_HELIPAD":"Y","USER_hosp_cnt":3,"USER_HSA_label":"POCATELLO","USER_LnD":1,"USER_Pediatric":1,"USER_Gyn":1,"USER_MFM":1,"USER_CriticalAccess":0,"USER_Acute_care":1}},{"type":"Feature","id":4,"geometry":{"type":"Point","coordinates":[-112.35431657785618,43.196217530333293]},"properties":{"ObjectID":4,"Loc_name":"World","Status":"M","Score":98.489999999999995,"Match_type":"A","Match_addr":"350 N Meridian St, Blackfoot, Idaho, 83221","LongLabel":"350 N Meridian St, Blackfoot, ID, 83221, USA","ShortLabel":"350 N Meridian St","Addr_type":"PointAddress","Type":"","PlaceName":"","Place_addr":"350 N Meridian St, Blackfoot, Idaho, 83221","Phone":"","URL":"","Rank":19.5,"AddBldg":"","AddNum":"350","AddNumFrom":"","AddNumTo":"","AddRange":"","Side":"","StPreDir":"N","StPreType":"","StName":"Meridian","StType":"St","StDir":"","BldgComp":"","BldgType":"","BldgName":"","LevelType":"","LevelName":"","UnitType":"","UnitName":"","RoomType":"","RoomName":"","WingType":"","WingName":"","SubAddr":"","StAddr":"350 N Meridian St","Block":"","Sector":"","Nbrhd":"","District":"","City":"Blackfoot","MetroArea":"","Subregion":"Bingham County","Region":"Idaho","RegionAbbr":"ID","Territory":"","Zone":"","Postal":"83221","PostalExt":"1625","Country":"USA","CntryName":"United States","LangCode":"ENG","Distance":0,"X":-112.356094258071,"Y":43.196231808138997,"DisplayX":-112.354304386468,"DisplayY":43.196211272475999,"Xmin":-112.35530438646801,"Xmax":-112.353304386468,"Ymin":43.195211272476001,"Ymax":43.197211272475997,"ExInfo":"","MatchID":"AQE9CAEATAgCAJUBBAAAAAAMFU5PUlRIIE1FUklESUFOIFNUUkVFVBUDMzUwZgNFTkc","PotentialID":"","StrucType":"Commercial","StrucDet":"","IN_Address":"350 NORTH MERIDIAN ST","IN_Address2":null,"IN_Address3":null,"IN_Neighborhood":null,"IN_City":"BLACKFOOT","IN_Subregion":"BINGHAM","IN_Region":"ID","IN_Postal":"83221","IN_PostalExt":null,"IN_CountryCode":null,"USER_TARGET_FID":5,"USER_ID":5183221,"USER_NAME":"GROVE CREEK MEDICAL CENTER","USER_ADDRESS":"350 NORTH MERIDIAN ST","USER_CITY":"BLACKFOOT","USER_STATE":"ID","USER_ZIP":83221,"USER_TELEPHONE":"(208) 785-2900","USER_TYPE":"GENERAL ACUTE CARE","USER_COUNTY":"BINGHAM","USER_LATITUDE":43.196302090000003,"USER_LONGITUDE":-112.35416960000001,"USER_SOURCE":"http://healthandwelfare.idaho.gov/portals/0/medical/licensingcertification/alphahospital.pdf","USER_SOURCEDATE":1596844800000,"USER_WEBSITE":"http://www.binghammemorial.org/idh.html","USER_OWNER":"NON-PROFIT","USER_BEDS":8,"USER_TRAUMA":"NOT AVAILABLE","USER_HELIPAD":"N","USER_hosp_cnt":1,"USER_HSA_label":"BLACKFOOT","USER_LnD":1,"USER_Pediatric":1,"USER_Gyn":1,"USER_MFM":0,"USER_CriticalAccess":0,"USER_Acute_care":1}},{"type":"Feature","id":5,"geometry":{"type":"Point","coordinates":[-116.25523041950103,43.613956944099904]},"properties":{"ObjectID":5,"Loc_name":"World","Status":"M","Score":98.489999999999995,"Match_type":"A","Match_addr":"1055 N Curtis Rd, Boise, Idaho, 83706","LongLabel":"1055 N Curtis Rd, Boise, ID, 83706, USA","ShortLabel":"1055 N Curtis Rd","Addr_type":"PointAddress","Type":"","PlaceName":"","Place_addr":"1055 N Curtis Rd, Boise, Idaho, 83706","Phone":"","URL":"","Rank":19.5,"AddBldg":"","AddNum":"1055","AddNumFrom":"","AddNumTo":"","AddRange":"","Side":"","StPreDir":"N","StPreType":"","StName":"Curtis","StType":"Rd","StDir":"","BldgComp":"","BldgType":"","BldgName":"","LevelType":"","LevelName":"","UnitType":"","UnitName":"","RoomType":"","RoomName":"","WingType":"","WingName":"","SubAddr":"","StAddr":"1055 N Curtis Rd","Block":"","Sector":"","Nbrhd":"","District":"","City":"Boise","MetroArea":"","Subregion":"Ada County","Region":"Idaho","RegionAbbr":"ID","Territory":"","Zone":"","Postal":"83706","PostalExt":"1309","Country":"USA","CntryName":"United States","LangCode":"ENG","Distance":0,"X":-116.25364688050701,"Y":43.613948814391001,"DisplayX":-116.255217397704,"DisplayY":43.613950993685997,"Xmin":-116.25621739770401,"Xmax":-116.254217397704,"Ymin":43.612950993685999,"Ymax":43.614950993686001,"ExInfo":"","MatchID":"AQEA+QAA7QkCAJUBBAAAAAAMEU5PUlRIIENVUlRJUyBST0FEFQQxMDU1ZgNFTkc","PotentialID":"","StrucType":"Commercial","StrucDet":"","IN_Address":"1055 NORTH CURTIS ROAD","IN_Address2":null,"IN_Address3":null,"IN_Neighborhood":null,"IN_City":"BOISE","IN_Subregion":"ADA","IN_Region":"ID","IN_Postal":"83706","IN_PostalExt":null,"IN_CountryCode":null,"USER_TARGET_FID":9,"USER_ID":1083706,"USER_NAME":"SAINT ALPHONSUS REGIONAL MEDICAL CENTER","USER_ADDRESS":"1055 NORTH CURTIS ROAD","USER_CITY":"BOISE","USER_STATE":"ID","USER_ZIP":83706,"USER_TELEPHONE":"(208) 367-2121","USER_TYPE":"GENERAL ACUTE CARE","USER_COUNTY":"ADA","USER_LATITUDE":43.613432799999998,"USER_LONGITUDE":-116.2558081,"USER_SOURCE":"http://healthandwelfare.idaho.gov/portals/0/medical/licensingcertification/alphahospital.pdf","USER_SOURCEDATE":1596844800000,"USER_WEBSITE":"http://www.saintalphonsus.org","USER_OWNER":"NON-PROFIT","USER_BEDS":384,"USER_TRAUMA":"LEVEL II","USER_HELIPAD":"Y","USER_hosp_cnt":5,"USER_HSA_label":"BOISE","USER_LnD":1,"USER_Pediatric":1,"USER_Gyn":1,"USER_MFM":1,"USER_CriticalAccess":0,"USER_Acute_care":1}},{"type":"Feature","id":6,"geometry":{"type":"Point","coordinates":[-116.79425644678152,47.695648092689062]},"properties":{"ObjectID":6,"Loc_name":"World","Status":"M","Score":98.469999999999999,"Match_type":"A","Match_addr":"2003 Kootenai Health Way, Coeur D Alene, Idaho, 83814","LongLabel":"2003 Kootenai Health Way, Coeur D Alene, ID, 83814, USA","ShortLabel":"2003 Kootenai Health Way","Addr_type":"PointAddress","Type":"","PlaceName":"","Place_addr":"2003 Kootenai Health Way, Coeur D Alene, Idaho, 83814","Phone":"","URL":"","Rank":19.5,"AddBldg":"","AddNum":"2003","AddNumFrom":"","AddNumTo":"","AddRange":"","Side":"","StPreDir":"","StPreType":"","StName":"Kootenai Health","StType":"Way","StDir":"","BldgComp":"","BldgType":"","BldgName":"","LevelType":"","LevelName":"","UnitType":"","UnitName":"","RoomType":"","RoomName":"","WingType":"","WingName":"","SubAddr":"","StAddr":"2003 Kootenai Health Way","Block":"","Sector":"","Nbrhd":"","District":"","City":"Coeur D Alene","MetroArea":"","Subregion":"Kootenai County","Region":"Idaho","RegionAbbr":"ID","Territory":"","Zone":"","Postal":"83814","PostalExt":"6051","Country":"USA","CntryName":"United States","LangCode":"ENG","Distance":0,"X":-116.792663604391,"Y":47.694820448614003,"DisplayX":-116.79424250349101,"DisplayY":47.695641875124998,"Xmin":-116.795242503491,"Xmax":-116.793242503491,"Ymin":47.694641875125001,"Ymax":47.696641875125003,"ExInfo":"","MatchID":"AQHl9gAA3xkCAJUBBAAAAAAME0tPT1RFTkFJIEhFQUxUSCBXQVkVBDIwMDNmA0VORw","PotentialID":"","StrucType":"","StrucDet":"","IN_Address":"2003 KOOTENAI HEALTH WAY","IN_Address2":null,"IN_Address3":null,"IN_Neighborhood":null,"IN_City":"COEUR D'ALENE","IN_Subregion":"KOOTENAI","IN_Region":"ID","IN_Postal":"83814","IN_PostalExt":null,"IN_CountryCode":null,"USER_TARGET_FID":10,"USER_ID":783814,"USER_NAME":"KOOTENAI HEALTH","USER_ADDRESS":"2003 KOOTENAI HEALTH WAY","USER_CITY":"COEUR D'ALENE","USER_STATE":"ID","USER_ZIP":83814,"USER_TELEPHONE":"(208) 666-2000","USER_TYPE":"GENERAL ACUTE CARE","USER_COUNTY":"KOOTENAI","USER_LATITUDE":47.69550332,"USER_LONGITUDE":-116.7937027,"USER_SOURCE":"http://healthandwelfare.idaho.gov/portals/0/medical/licensingcertification/alphahospital.pdf","USER_SOURCEDATE":1596844800000,"USER_WEBSITE":"http://www.kmc.org","USER_OWNER":"GOVERNMENT - DISTRICT/AUTHORITY","USER_BEDS":292,"USER_TRAUMA":"LEVEL III","USER_HELIPAD":"Y","USER_hosp_cnt":1,"USER_HSA_label":"COEUR D'ALENE","USER_LnD":1,"USER_Pediatric":1,"USER_Gyn":1,"USER_MFM":1,"USER_CriticalAccess":0,"USER_Acute_care":1}},{"type":"Feature","id":7,"geometry":{"type":"Point","coordinates":[-117.02441480140598,46.416275137248618]},"properties":{"ObjectID":7,"Loc_name":"World","Status":"M","Score":99.340000000000003,"Match_type":"A","Match_addr":"415 6th St, Lewiston, Idaho, 83501","LongLabel":"415 6th St, Lewiston, ID, 83501, USA","ShortLabel":"415 6th St","Addr_type":"PointAddress","Type":"","PlaceName":"","Place_addr":"415 6th St, Lewiston, Idaho, 83501","Phone":"","URL":"","Rank":19.5,"AddBldg":"","AddNum":"415","AddNumFrom":"","AddNumTo":"","AddRange":"","Side":"","StPreDir":"","StPreType":"","StName":"6th","StType":"St","StDir":"","BldgComp":"","BldgType":"","BldgName":"","LevelType":"","LevelName":"","UnitType":"","UnitName":"","RoomType":"","RoomName":"","WingType":"","WingName":"","SubAddr":"","StAddr":"415 6th St","Block":"","Sector":"","Nbrhd":"","District":"","City":"Lewiston","MetroArea":"","Subregion":"Nez Perce County","Region":"Idaho","RegionAbbr":"ID","Territory":"","Zone":"","Postal":"83501","PostalExt":"2434","Country":"USA","CntryName":"United States","LangCode":"ENG","Distance":0,"X":-117.02496335703199,"Y":46.416416138603999,"DisplayX":-117.024401098967,"DisplayY":46.416269036204,"Xmin":-117.025401098967,"Xmax":-117.023401098967,"Ymin":46.415269036204002,"Ymax":46.417269036203997,"ExInfo":"","MatchID":"AQH/9QAA4BQCAJUBBAAAAAAMCjZUSCBTVFJFRVQVAzQxNWYDRU5H","PotentialID":"","StrucType":"Commercial","StrucDet":"","IN_Address":"415 SIXTH STREET","IN_Address2":null,"IN_Address3":null,"IN_Neighborhood":null,"IN_City":"LEWISTON","IN_Subregion":"NEZ PERCE","IN_Region":"ID","IN_Postal":"83501","IN_PostalExt":null,"IN_CountryCode":null,"USER_TARGET_FID":11,"USER_ID":1483501,"USER_NAME":"ST. JOSEPH REGIONAL MEDICAL CENTER","USER_ADDRESS":"415 SIXTH STREET","USER_CITY":"LEWISTON","USER_STATE":"ID","USER_ZIP":83501,"USER_TELEPHONE":"(208) 743-2511","USER_TYPE":"GENERAL ACUTE CARE","USER_COUNTY":"NEZ PERCE","USER_LATITUDE":46.41643973,"USER_LONGITUDE":-117.02436609999999,"USER_SOURCE":"http://healthandwelfare.idaho.gov/portals/0/medical/licensingcertification/alphahospital.pdf","USER_SOURCEDATE":1596844800000,"USER_WEBSITE":"http://www.sjrmc.org","USER_OWNER":"NON-PROFIT","USER_BEDS":145,"USER_TRAUMA":"NOT AVAILABLE","USER_HELIPAD":"Y","USER_hosp_cnt":1,"USER_HSA_label":"LEWISTON","USER_LnD":1,"USER_Pediatric":1,"USER_Gyn":1,"USER_MFM":0,"USER_CriticalAccess":0,"USER_Acute_care":1}},{"type":"Feature","id":8,"geometry":{"type":"Point","coordinates":[-112.2502989918934,42.189088183043879]},"properties":{"ObjectID":8,"Loc_name":"World","Status":"M","Score":98.480000000000004,"Match_type":"A","Match_addr":"150 N 200 W, Malad City, Idaho, 83252","LongLabel":"150 N 200 W, Malad City, ID, 83252, USA","ShortLabel":"150 N 200 W","Addr_type":"PointAddress","Type":"","PlaceName":"","Place_addr":"150 N 200 W, Malad City, Idaho, 83252","Phone":"","URL":"","Rank":19.5,"AddBldg":"","AddNum":"150","AddNumFrom":"","AddNumTo":"","AddRange":"","Side":"","StPreDir":"N","StPreType":"","StName":"200","StType":"","StDir":"W","BldgComp":"","BldgType":"","BldgName":"","LevelType":"","LevelName":"","UnitType":"","UnitName":"","RoomType":"","RoomName":"","WingType":"","WingName":"","SubAddr":"","StAddr":"150 N 200 W","Block":"","Sector":"","Nbrhd":"","District":"","City":"Malad City","MetroArea":"","Subregion":"Oneida County","Region":"Idaho","RegionAbbr":"ID","Territory":"","Zone":"","Postal":"83252","PostalExt":"1239","Country":"USA","CntryName":"United States","LangCode":"ENG","Distance":0,"X":-112.25075527664799,"Y":42.189113619825001,"DisplayX":-112.250286979717,"DisplayY":42.189082020050002,"Xmin":-112.25128697971699,"Xmax":-112.249286979717,"Ymin":42.188082020049997,"Ymax":42.190082020049999,"ExInfo":"","MatchID":"AQGlCAEAXQQCAJUBBAAAAAAMDk5PUlRIIDIwMCBXRVNUFQMxNTBmA0VORw","PotentialID":"","StrucType":"","StrucDet":"","IN_Address":"150 NORTH 200 WEST","IN_Address2":null,"IN_Address3":null,"IN_Neighborhood":null,"IN_City":"MALAD CITY","IN_Subregion":"ONEIDA","IN_Region":"ID","IN_Postal":"83252","IN_PostalExt":null,"IN_CountryCode":null,"USER_TARGET_FID":13,"USER_ID":155883252,"USER_NAME":"NELL J. REDFIELD MEMORIAL HOSPITAL","USER_ADDRESS":"150 NORTH 200 WEST","USER_CITY":"MALAD CITY","USER_STATE":"ID","USER_ZIP":83252,"USER_TELEPHONE":"(208) 766-2231","USER_TYPE":"GENERAL ACUTE CARE","USER_COUNTY":"ONEIDA","USER_LATITUDE":42.189419809999997,"USER_LONGITUDE":-112.2503325,"USER_SOURCE":"http://healthandwelfare.idaho.gov/portals/0/medical/licensingcertification/alphahospital.pdf","USER_SOURCEDATE":1596844800000,"USER_WEBSITE":"NOT AVAILABLE","USER_OWNER":"NOT AVAILABLE","USER_BEDS":11,"USER_TRAUMA":"NOT AVAILABLE","USER_HELIPAD":"Y","USER_hosp_cnt":1,"USER_HSA_label":"MALAD CITY","USER_LnD":0,"USER_Pediatric":1,"USER_Gyn":1,"USER_MFM":0,"USER_CriticalAccess":1,"USER_Acute_care":1}},{"type":"Feature","id":9,"geometry":{"type":"Point","coordinates":[-111.99239619839346,40.545460515749681]},"properties":{"ObjectID":9,"Loc_name":"World","Status":"M","Score":95.840000000000003,"Match_type":"A","Match_addr":"W Daybreak Pkwy, South Jordan, Utah, 84009","LongLabel":"W Daybreak Pkwy, South Jordan, UT, 84009, USA","ShortLabel":"W Daybreak Pkwy","Addr_type":"StreetName","Type":"","PlaceName":"","Place_addr":"W Daybreak Pkwy, South Jordan, Utah, 84009","Phone":"","URL":"","Rank":20,"AddBldg":"","AddNum":"","AddNumFrom":"","AddNumTo":"","AddRange":"","Side":"","StPreDir":"W","StPreType":"","StName":"Daybreak","StType":"Pkwy","StDir":"","BldgComp":"","BldgType":"","BldgName":"","LevelType":"","LevelName":"","UnitType":"","UnitName":"","RoomType":"","RoomName":"","WingType":"","WingName":"","SubAddr":"","StAddr":"W Daybreak Pkwy","Block":"","Sector":"","Nbrhd":"","District":"","City":"South Jordan","MetroArea":"","Subregion":"Salt Lake County","Region":"Utah","RegionAbbr":"UT","Territory":"","Zone":"","Postal":"84009","PostalExt":"","Country":"USA","CntryName":"United States","LangCode":"ENG","Distance":0,"X":-111.99238447118,"Y":40.545454510166998,"DisplayX":-111.99238447118,"DisplayY":40.545454510166998,"Xmin":-111.99338447117999,"Xmax":-111.99138447118,"Ymin":40.544454510167,"Ymax":40.546454510167003,"ExInfo":"5126","MatchID":"AQinCQEA8f0BAJUBBAAAAAAMFVdFU1QgREFZQlJFQUsgUEFSS1dBWWYDRU5H","PotentialID":"","StrucType":"","StrucDet":"","IN_Address":"5126 WEST DAYBREAK PARKWAY","IN_Address2":null,"IN_Address3":null,"IN_Neighborhood":null,"IN_City":"SOUTH JORDAN","IN_Subregion":"SALT LAKE","IN_Region":"UT","IN_Postal":"84095","IN_PostalExt":null,"IN_CountryCode":null,"USER_TARGET_FID":8,"USER_ID":167684095,"USER_NAME":"SOUTH JORDAN HEALTH CENTER","USER_ADDRESS":"5126 WEST DAYBREAK PARKWAY","USER_CITY":"SOUTH JORDAN","USER_STATE":"UT","USER_ZIP":84095,"USER_TELEPHONE":"NOT AVAILABLE","USER_TYPE":"CRITICAL ACCESS","USER_COUNTY":"SALT LAKE","USER_LATITUDE":40.541743869999998,"USER_LONGITUDE":-112.0133527,"USER_SOURCE":"https://opendata.utah.gov/health/utah-hospital-characteristics/ierb-h3t5/data","USER_SOURCEDATE":1597017600000,"USER_WEBSITE":"NOT AVAILABLE","USER_OWNER":"NOT AVAILABLE","USER_BEDS":-999,"USER_TRAUMA":"NOT AVAILABLE","USER_HELIPAD":"Y","USER_hosp_cnt":10,"USER_HSA_label":"SALT LAKE CITY","USER_LnD":0,"USER_Pediatric":1,"USER_Gyn":1,"USER_MFM":0,"USER_CriticalAccess":1,"USER_Acute_care":0}},{"type":"Feature","id":10,"geometry":{"type":"Point","coordinates":[-118.95954742041206,44.417116793982515]},"properties":{"ObjectID":10,"Loc_name":"World","Status":"M","Score":98.480000000000004,"Match_type":"A","Match_addr":"170 Ford Rd, John Day, Oregon, 97845","LongLabel":"170 Ford Rd, John Day, OR, 97845, USA","ShortLabel":"170 Ford Rd","Addr_type":"PointAddress","Type":"","PlaceName":"","Place_addr":"170 Ford Rd, John Day, Oregon, 97845","Phone":"","URL":"","Rank":19.5,"AddBldg":"","AddNum":"170","AddNumFrom":"","AddNumTo":"","AddRange":"","Side":"","StPreDir":"","StPreType":"","StName":"Ford","StType":"Rd","StDir":"","BldgComp":"","BldgType":"","BldgName":"","LevelType":"","LevelName":"","UnitType":"","UnitName":"","RoomType":"","RoomName":"","WingType":"","WingName":"","SubAddr":"","StAddr":"170 Ford Rd","Block":"","Sector":"","Nbrhd":"","District":"","City":"John Day","MetroArea":"","Subregion":"Grant County","Region":"Oregon","RegionAbbr":"OR","Territory":"","Zone":"","Postal":"97845","PostalExt":"2009","Country":"USA","CntryName":"United States","LangCode":"ENG","Distance":0,"X":-118.959556482248,"Y":44.417606319495,"DisplayX":-118.95953376729,"DisplayY":44.417111032836999,"Xmin":-118.96053376729,"Xmax":-118.95853376729001,"Ymin":44.416111032837001,"Ymax":44.418111032836997,"ExInfo":"","MatchID":"AQFw7gAAEQ0CAJUBBAAAAAAMCUZPUkQgUk9BRBUDMTcwZgNFTkc","PotentialID":"","StrucType":"Commercial","StrucDet":"Transport","IN_Address":"170 FORD ROAD","IN_Address2":null,"IN_Address3":null,"IN_Neighborhood":null,"IN_City":"JOHN DAY","IN_Subregion":"GRANT","IN_Region":"OR","IN_Postal":"97845","IN_PostalExt":null,"IN_CountryCode":null,"USER_TARGET_FID":1,"USER_ID":497845,"USER_NAME":"BLUE MOUNTAIN HOSPITAL","USER_ADDRESS":"170 FORD ROAD","USER_CITY":"JOHN DAY","USER_STATE":"OR","USER_ZIP":97845,"USER_TELEPHONE":"NOT AVAILABLE","USER_TYPE":"CRITICAL ACCESS","USER_COUNTY":"GRANT","USER_LATITUDE":44.417112719999999,"USER_LONGITUDE":-118.95969150000001,"USER_SOURCE":"https://public.health.oregon.gov/providerpartnerresources/healthcareprovidersfacilities/healthcarehealthcareregulationqualityimprovement/pages/forms.aspx#hospital","USER_SOURCEDATE":1596931200000,"USER_WEBSITE":"www.bluemountainhospital.org","USER_OWNER":"NON-PROFIT","USER_BEDS":25,"USER_TRAUMA":"LEVEL IV","USER_HELIPAD":"N","USER_hosp_cnt":1,"USER_HSA_label":"JOHN DAY","USER_LnD":1,"USER_Pediatric":1,"USER_Gyn":1,"USER_MFM":0,"USER_CriticalAccess":1,"USER_Acute_care":1}},{"type":"Feature","id":11,"geometry":{"type":"Point","coordinates":[-111.84128867283172,40.7583862722161]},"properties":{"ObjectID":11,"Loc_name":"World","Status":"M","Score":100,"Match_type":"A","Match_addr":"500 Foothill Dr, Salt Lake City, Utah, 84148","LongLabel":"500 Foothill Dr, Salt Lake City, UT, 84148, USA","ShortLabel":"500 Foothill Dr","Addr_type":"StreetAddress","Type":"","PlaceName":"","Place_addr":"500 Foothill Dr, Salt Lake City, Utah, 84148","Phone":"","URL":"","Rank":20,"AddBldg":"","AddNum":"500","AddNumFrom":"500","AddNumTo":"502","AddRange":"500-502","Side":"R","StPreDir":"","StPreType":"","StName":"Foothill","StType":"Dr","StDir":"","BldgComp":"","BldgType":"","BldgName":"","LevelType":"","LevelName":"","UnitType":"","UnitName":"","RoomType":"","RoomName":"","WingType":"","WingName":"","SubAddr":"","StAddr":"500 Foothill Dr","Block":"","Sector":"","Nbrhd":"University of Utah","District":"","City":"Salt Lake City","MetroArea":"","Subregion":"Salt Lake County","Region":"Utah","RegionAbbr":"UT","Territory":"","Zone":"","Postal":"84148","PostalExt":"0001","Country":"USA","CntryName":"United States","LangCode":"ENG","Distance":0,"X":-111.841276948028,"Y":40.758380231532001,"DisplayX":-111.841276948028,"DisplayY":40.758380231532001,"Xmin":-111.842276948028,"Xmax":-111.84027694802801,"Ymin":40.757380231531997,"Ymax":40.759380231531999,"ExInfo":"","MatchID":"AQI+CgEAxv4BAJUBBAAAAAAMDkZPT1RISUxMIERSSVZFFQM1MDBmA0VORw","PotentialID":"","StrucType":"","StrucDet":"","IN_Address":"500 FOOTHILL DRIVE","IN_Address2":null,"IN_Address3":null,"IN_Neighborhood":null,"IN_City":"SALT LAKE CITY","IN_Subregion":"SALT LAKE","IN_Region":"UT","IN_Postal":"84148","IN_PostalExt":null,"IN_CountryCode":null,"USER_TARGET_FID":14,"USER_ID":14784148,"USER_NAME":"GEORGE E. WAHLEN DEPARTMENT OF VETERANS AFFAIRS MEDICAL CENTER","USER_ADDRESS":"500 FOOTHILL DRIVE","USER_CITY":"SALT LAKE CITY","USER_STATE":"UT","USER_ZIP":84148,"USER_TELEPHONE":"(801) 582-1565","USER_TYPE":"MILITARY","USER_COUNTY":"SALT LAKE","USER_LATITUDE":40.757397249999997,"USER_LONGITUDE":-111.840554,"USER_SOURCE":"https://www.va.gov/directory/guide/allstate.asp","USER_SOURCEDATE":1600992000000,"USER_WEBSITE":"http://www.saltlakecity.va.gov/","USER_OWNER":"GOVERNMENT - FEDERAL","USER_BEDS":-999,"USER_TRAUMA":"NOT AVAILABLE","USER_HELIPAD":"Y","USER_hosp_cnt":10,"USER_HSA_label":"SALT LAKE CITY","USER_LnD":0,"USER_Pediatric":0,"USER_Gyn":1,"USER_MFM":0,"USER_CriticalAccess":0,"USER_Acute_care":1}},{"type":"Feature","id":12,"geometry":{"type":"Point","coordinates":[-116.92445299678731,47.715410597025937]},"properties":{"ObjectID":12,"Loc_name":"World","Status":"M","Score":98.489999999999995,"Match_type":"A","Match_addr":"1593 E Polston Ave, Post Falls, Idaho, 83854","LongLabel":"1593 E Polston Ave, Post Falls, ID, 83854, USA","ShortLabel":"1593 E Polston Ave","Addr_type":"PointAddress","Type":"","PlaceName":"","Place_addr":"1593 E Polston Ave, Post Falls, Idaho, 83854","Phone":"","URL":"","Rank":19.5,"AddBldg":"","AddNum":"1593","AddNumFrom":"","AddNumTo":"","AddRange":"","Side":"","StPreDir":"E","StPreType":"","StName":"Polston","StType":"Ave","StDir":"","BldgComp":"","BldgType":"","BldgName":"","LevelType":"","LevelName":"","UnitType":"","UnitName":"","RoomType":"","RoomName":"","WingType":"","WingName":"","SubAddr":"","StAddr":"1593 E Polston Ave","Block":"","Sector":"","Nbrhd":"","District":"","City":"Post Falls","MetroArea":"","Subregion":"Kootenai County","Region":"Idaho","RegionAbbr":"ID","Territory":"","Zone":"","Postal":"83854","PostalExt":"5326","Country":"USA","CntryName":"United States","LangCode":"ENG","Distance":0,"X":-116.924499458133,"Y":47.714439466462998,"DisplayX":-116.924439024611,"DisplayY":47.715404391156,"Xmin":-116.92543902461099,"Xmax":-116.923439024611,"Ymin":47.714404391156002,"Ymax":47.716404391155997,"ExInfo":"","MatchID":"AQFj9gAA8xkCAJUBBAAAAAAME0VBU1QgUE9MU1RPTiBBVkVOVUUVBDE1OTNmA0VORw","PotentialID":"","StrucType":"Commercial","StrucDet":"Medical","IN_Address":"1593 EAST POLSTON AVENUE","IN_Address2":null,"IN_Address3":null,"IN_Neighborhood":null,"IN_City":"POST FALLS","IN_Subregion":"KOOTENAI","IN_Region":"ID","IN_Postal":"83854","IN_PostalExt":null,"IN_CountryCode":null,"USER_TARGET_FID":17,"USER_ID":5383854,"USER_NAME":"NORTHWEST SPECIALTY HOSPITAL","USER_ADDRESS":"1593 EAST POLSTON AVENUE","USER_CITY":"POST FALLS","USER_STATE":"ID","USER_ZIP":83854,"USER_TELEPHONE":"(208) 262-2300","USER_TYPE":"GENERAL ACUTE CARE","USER_COUNTY":"KOOTENAI","USER_LATITUDE":47.715455679999998,"USER_LONGITUDE":-116.92438850000001,"USER_SOURCE":"http://healthandwelfare.idaho.gov/portals/0/medical/licensingcertification/alphahospital.pdf","USER_SOURCEDATE":1596844800000,"USER_WEBSITE":"http://www.northwestspecialtyhospital.com/","USER_OWNER":"PROPRIETARY","USER_BEDS":34,"USER_TRAUMA":"NOT AVAILABLE","USER_HELIPAD":"N","USER_hosp_cnt":1,"USER_HSA_label":"COEUR D'ALENE","USER_LnD":0,"USER_Pediatric":0,"USER_Gyn":1,"USER_MFM":0,"USER_CriticalAccess":0,"USER_Acute_care":1}},{"type":"Feature","id":13,"geometry":{"type":"Point","coordinates":[-116.29104302995403,43.612390949038286]},"properties":{"ObjectID":13,"Loc_name":"World","Status":"M","Score":98.489999999999995,"Match_type":"A","Match_addr":"8800 W Emerald St, Boise, Idaho, 83704","LongLabel":"8800 W Emerald St, Boise, ID, 83704, USA","ShortLabel":"8800 W Emerald St","Addr_type":"PointAddress","Type":"","PlaceName":"","Place_addr":"8800 W Emerald St, Boise, Idaho, 83704","Phone":"","URL":"","Rank":19.5,"AddBldg":"","AddNum":"8800","AddNumFrom":"","AddNumTo":"","AddRange":"","Side":"","StPreDir":"W","StPreType":"","StName":"Emerald","StType":"St","StDir":"","BldgComp":"","BldgType":"","BldgName":"","LevelType":"","LevelName":"","UnitType":"","UnitName":"","RoomType":"","RoomName":"","WingType":"","WingName":"","SubAddr":"","StAddr":"8800 W Emerald St","Block":"","Sector":"","Nbrhd":"","District":"","City":"Boise","MetroArea":"","Subregion":"Ada County","Region":"Idaho","RegionAbbr":"ID","Territory":"","Zone":"","Postal":"83704","PostalExt":"8205","Country":"USA","CntryName":"United States","LangCode":"ENG","Distance":0,"X":-116.291008040444,"Y":43.611316729156002,"DisplayX":-116.291030001031,"DisplayY":43.612385002716003,"Xmin":-116.29203000103099,"Xmax":-116.290030001031,"Ymin":43.611385002715998,"Ymax":43.613385002716001,"ExInfo":"","MatchID":"AQHc+AAA7AkCAJUBBAAAAAAME1dFU1QgRU1FUkFMRCBTVFJFRVQVBDg4MDBmA0VORw","PotentialID":"","StrucType":"Commercial","StrucDet":"","IN_Address":"8800 WEST EMERALD STREET","IN_Address2":null,"IN_Address3":null,"IN_Neighborhood":null,"IN_City":"BOISE","IN_Subregion":"ADA","IN_Region":"ID","IN_Postal":"83704","IN_PostalExt":null,"IN_CountryCode":null,"USER_TARGET_FID":18,"USER_ID":5883704,"USER_NAME":"TREASURE VALLEY HOSPITAL","USER_ADDRESS":"8800 WEST EMERALD STREET","USER_CITY":"BOISE","USER_STATE":"ID","USER_ZIP":83704,"USER_TELEPHONE":"(208) 373-5000","USER_TYPE":"GENERAL ACUTE CARE","USER_COUNTY":"ADA","USER_LATITUDE":43.612619270000003,"USER_LONGITUDE":-116.290926,"USER_SOURCE":"http://healthandwelfare.idaho.gov/portals/0/medical/licensingcertification/alphahospital.pdf","USER_SOURCEDATE":1596844800000,"USER_WEBSITE":"http://treasurevalleyhospital.com/","USER_OWNER":"PROPRIETARY","USER_BEDS":10,"USER_TRAUMA":"NOT AVAILABLE","USER_HELIPAD":"N","USER_hosp_cnt":5,"USER_HSA_label":"BOISE","USER_LnD":0,"USER_Pediatric":0,"USER_Gyn":1,"USER_MFM":0,"USER_CriticalAccess":0,"USER_Acute_care":1}},{"type":"Feature","id":14,"geometry":{"type":"Point","coordinates":[-111.29982569684009,42.316501041187088]},"properties":{"ObjectID":14,"Loc_name":"World","Status":"M","Score":99.349999999999994,"Match_type":"A","Match_addr":"164 S 5th St, Montpelier, Idaho, 83254","LongLabel":"164 S 5th St, Montpelier, ID, 83254, USA","ShortLabel":"164 S 5th St","Addr_type":"PointAddress","Type":"","PlaceName":"","Place_addr":"164 S 5th St, Montpelier, Idaho, 83254","Phone":"","URL":"","Rank":19.5,"AddBldg":"","AddNum":"164","AddNumFrom":"","AddNumTo":"","AddRange":"","Side":"","StPreDir":"S","StPreType":"","StName":"5th","StType":"St","StDir":"","BldgComp":"","BldgType":"","BldgName":"","LevelType":"","LevelName":"","UnitType":"","UnitName":"","RoomType":"","RoomName":"","WingType":"","WingName":"","SubAddr":"","StAddr":"164 S 5th St","Block":"","Sector":"","Nbrhd":"","District":"","City":"Montpelier","MetroArea":"","Subregion":"Bear Lake County","Region":"Idaho","RegionAbbr":"ID","Territory":"","Zone":"","Postal":"83254","PostalExt":"1597","Country":"USA","CntryName":"United States","LangCode":"ENG","Distance":0,"X":-111.30081935380601,"Y":42.316322369647999,"DisplayX":-111.29981386070099,"DisplayY":42.316494785396998,"Xmin":-111.300813860701,"Xmax":-111.298813860701,"Ymin":42.315494785397,"Ymax":42.317494785397002,"ExInfo":"","MatchID":"AQFcDAEA3AQCAJUBBAAAAAAMEFNPVVRIIDVUSCBTVFJFRVQVAzE2NGYDRU5H","PotentialID":"","StrucType":"","StrucDet":"","IN_Address":"164 SOUTH FIFTH STREET","IN_Address2":null,"IN_Address3":null,"IN_Neighborhood":null,"IN_City":"MONTPELIER","IN_Subregion":"BEAR LAKE","IN_Region":"ID","IN_Postal":"83254","IN_PostalExt":null,"IN_CountryCode":null,"USER_TARGET_FID":16,"USER_ID":1183254,"USER_NAME":"BEAR LAKE MEMORIAL HOSPITAL","USER_ADDRESS":"164 SOUTH FIFTH STREET","USER_CITY":"MONTPELIER","USER_STATE":"ID","USER_ZIP":83254,"USER_TELEPHONE":"(208) 847-1630","USER_TYPE":"GENERAL ACUTE CARE","USER_COUNTY":"BEAR LAKE","USER_LATITUDE":42.316163070000002,"USER_LONGITUDE":-111.30027389999999,"USER_SOURCE":"http://healthandwelfare.idaho.gov/portals/0/medical/licensingcertification/alphahospital.pdf","USER_SOURCEDATE":1596844800000,"USER_WEBSITE":"http://www.blmhospital.com","USER_OWNER":"GOVERNMENT - LOCAL","USER_BEDS":21,"USER_TRAUMA":"NOT AVAILABLE","USER_HELIPAD":"Y","USER_hosp_cnt":1,"USER_HSA_label":"MONTPELIER","USER_LnD":1,"USER_Pediatric":1,"USER_Gyn":1,"USER_MFM":0,"USER_CriticalAccess":1,"USER_Acute_care":1}},{"type":"Feature","id":15,"geometry":{"type":"Point","coordinates":[-116.3503420855201,43.688572937205144]},"properties":{"ObjectID":15,"Loc_name":"World","Status":"M","Score":98.489999999999995,"Match_type":"A","Match_addr":"323 E Riverside Dr, Eagle, Idaho, 83616","LongLabel":"323 E Riverside Dr, Eagle, ID, 83616, USA","ShortLabel":"323 E Riverside Dr","Addr_type":"PointAddress","Type":"","PlaceName":"","Place_addr":"323 E Riverside Dr, Eagle, Idaho, 83616","Phone":"","URL":"","Rank":19.5,"AddBldg":"","AddNum":"323","AddNumFrom":"","AddNumTo":"","AddRange":"","Side":"","StPreDir":"E","StPreType":"","StName":"Riverside","StType":"Dr","StDir":"","BldgComp":"","BldgType":"","BldgName":"","LevelType":"","LevelName":"","UnitType":"","UnitName":"","RoomType":"","RoomName":"","WingType":"","WingName":"","SubAddr":"","StAddr":"323 E Riverside Dr","Block":"","Sector":"","Nbrhd":"","District":"","City":"Eagle","MetroArea":"","Subregion":"Ada County","Region":"Idaho","RegionAbbr":"ID","Territory":"","Zone":"","Postal":"83616","PostalExt":"6864","Country":"USA","CntryName":"United States","LangCode":"ENG","Distance":0,"X":-116.350151168346,"Y":43.689552281837997,"DisplayX":-116.350329032331,"DisplayY":43.688566989119998,"Xmin":-116.35132903233099,"Xmax":-116.349329032331,"Ymin":43.68756698912,"Ymax":43.689566989120003,"ExInfo":"","MatchID":"AQGh+AAAOAoCAJUBBAAAAAAMFEVBU1QgUklWRVJTSURFIERSSVZFFQMzMjNmA0VORw","PotentialID":"","StrucType":"","StrucDet":"","IN_Address":"323 E RIVERSIDE DR","IN_Address2":null,"IN_Address3":null,"IN_Neighborhood":null,"IN_City":"EAGLE","IN_Subregion":"ADA","IN_Region":"ID","IN_Postal":"83616","IN_PostalExt":null,"IN_CountryCode":null,"USER_TARGET_FID":15,"USER_ID":138,"USER_NAME":"SAINT ALPHONSUS EAGLE HEALTH PLZ-ER","USER_ADDRESS":"323 E RIVERSIDE DR","USER_CITY":"EAGLE","USER_STATE":"ID","USER_ZIP":83616,"USER_TELEPHONE":"(208) 367-5355","USER_TYPE":"GENERAL ACUTE CARE","USER_COUNTY":"ADA","USER_LATITUDE":43.688928820000001,"USER_LONGITUDE":-116.3503012,"USER_SOURCE":"http://healthandwelfare.idaho.gov/portals/0/medical/licensingcertification/alphahospital.pdf","USER_SOURCEDATE":1596844800000,"USER_WEBSITE":"http://www.saintalphonsus.org/","USER_OWNER":"NOT AVAILABLE","USER_BEDS":-999,"USER_TRAUMA":"NOT AVAILABLE","USER_HELIPAD":"N","USER_hosp_cnt":5,"USER_HSA_label":"BOISE","USER_LnD":0,"USER_Pediatric":1,"USER_Gyn":1,"USER_MFM":0,"USER_CriticalAccess":0,"USER_Acute_care":0}},{"type":"Feature","id":16,"geometry":{"type":"Point","coordinates":[-111.10823568996135,43.727088045859837]},"properties":{"ObjectID":16,"Loc_name":"World","Status":"M","Score":97.5,"Match_type":"A","Match_addr":"120 E Howard St, Driggs, Idaho, 83422","LongLabel":"120 E Howard St, Driggs, ID, 83422, USA","ShortLabel":"120 E Howard St","Addr_type":"PointAddress","Type":"","PlaceName":"","Place_addr":"120 E Howard St, Driggs, Idaho, 83422","Phone":"","URL":"","Rank":19.5,"AddBldg":"","AddNum":"120","AddNumFrom":"","AddNumTo":"","AddRange":"","Side":"","StPreDir":"E","StPreType":"","StName":"Howard","StType":"St","StDir":"","BldgComp":"","BldgType":"","BldgName":"","LevelType":"","LevelName":"","UnitType":"","UnitName":"","RoomType":"","RoomName":"","WingType":"","WingName":"","SubAddr":"","StAddr":"120 E Howard St","Block":"","Sector":"","Nbrhd":"","District":"","City":"Driggs","MetroArea":"","Subregion":"Teton County","Region":"Idaho","RegionAbbr":"ID","Territory":"","Zone":"","Postal":"83422","PostalExt":"5112","Country":"USA","CntryName":"United States","LangCode":"ENG","Distance":0,"X":-111.108223000126,"Y":43.727252950764999,"DisplayX":-111.108223670678,"DisplayY":43.727081624664002,"Xmin":-111.10922367067801,"Xmax":-111.107223670678,"Ymin":43.726081624663998,"Ymax":43.728081624664,"ExInfo":"","MatchID":"AQEbDQEAXwoCAJUBBAAAAAAMEkVBU1QgSE9XQVJEIFNUUkVFVBUDMTIwZgNFTkc","PotentialID":"","StrucType":"Commercial","StrucDet":"","IN_Address":"120 EAST HOWARD","IN_Address2":null,"IN_Address3":null,"IN_Neighborhood":null,"IN_City":"DRIGGS","IN_Subregion":"TETON","IN_Region":"ID","IN_Postal":"83422","IN_PostalExt":null,"IN_CountryCode":null,"USER_TARGET_FID":21,"USER_ID":3983422,"USER_NAME":"TETON VALLEY HOSPITAL","USER_ADDRESS":"120 EAST HOWARD","USER_CITY":"DRIGGS","USER_STATE":"ID","USER_ZIP":83422,"USER_TELEPHONE":"(208) 354-2383","USER_TYPE":"GENERAL ACUTE CARE","USER_COUNTY":"TETON","USER_LATITUDE":43.72698338,"USER_LONGITUDE":-111.10822210000001,"USER_SOURCE":"http://healthandwelfare.idaho.gov/portals/0/medical/licensingcertification/alphahospital.pdf","USER_SOURCEDATE":1596844800000,"USER_WEBSITE":"http://www.tvhcare.org","USER_OWNER":"GOVERNMENT - LOCAL","USER_BEDS":13,"USER_TRAUMA":"NOT AVAILABLE","USER_HELIPAD":"Y","USER_hosp_cnt":1,"USER_HSA_label":"DRIGGS","USER_LnD":0,"USER_Pediatric":1,"USER_Gyn":1,"USER_MFM":0,"USER_CriticalAccess":1,"USER_Acute_care":1}},{"type":"Feature","id":17,"geometry":{"type":"Point","coordinates":[-116.26791400062643,43.607316044392249]},"properties":{"ObjectID":17,"Loc_name":"World","Status":"M","Score":98.489999999999995,"Match_type":"A","Match_addr":"303 N Allumbaugh St, Boise, Idaho, 83704","LongLabel":"303 N Allumbaugh St, Boise, ID, 83704, USA","ShortLabel":"303 N Allumbaugh St","Addr_type":"PointAddress","Type":"","PlaceName":"","Place_addr":"303 N Allumbaugh St, Boise, Idaho, 83704","Phone":"","URL":"","Rank":19.5,"AddBldg":"","AddNum":"303","AddNumFrom":"","AddNumTo":"","AddRange":"","Side":"","StPreDir":"N","StPreType":"","StName":"Allumbaugh","StType":"St","StDir":"","BldgComp":"","BldgType":"","BldgName":"","LevelType":"","LevelName":"","UnitType":"","UnitName":"","RoomType":"","RoomName":"","WingType":"","WingName":"","SubAddr":"","StAddr":"303 N Allumbaugh St","Block":"","Sector":"","Nbrhd":"","District":"","City":"Boise","MetroArea":"","Subregion":"Ada County","Region":"Idaho","RegionAbbr":"ID","Territory":"","Zone":"","Postal":"83704","PostalExt":"9208","Country":"USA","CntryName":"United States","LangCode":"ENG","Distance":0,"X":-116.266258208205,"Y":43.607276987101997,"DisplayX":-116.267900977408,"DisplayY":43.607310095618999,"Xmin":-116.26890097740799,"Xmax":-116.266900977408,"Ymin":43.606310095619001,"Ymax":43.608310095618997,"ExInfo":"","MatchID":"AQH0+AAA5wkCAJUBBAAAAAAMF05PUlRIIEFMTFVNQkFVR0ggU1RSRUVUFQMzMDNmA0VORw","PotentialID":"","StrucType":"Commercial","StrucDet":"","IN_Address":"303 NORTH ALLUMBAUGH STREET","IN_Address2":null,"IN_Address3":null,"IN_Neighborhood":null,"IN_City":"BOISE","IN_Subregion":"ADA","IN_Region":"ID","IN_Postal":"83704","IN_PostalExt":null,"IN_CountryCode":null,"USER_TARGET_FID":22,"USER_ID":683704,"USER_NAME":"INTERMOUNTAIN HOSPITAL","USER_ADDRESS":"303 NORTH ALLUMBAUGH STREET","USER_CITY":"BOISE","USER_STATE":"ID","USER_ZIP":83704,"USER_TELEPHONE":"(208) 377-8400","USER_TYPE":"GENERAL ACUTE CARE","USER_COUNTY":"ADA","USER_LATITUDE":43.60707274,"USER_LONGITUDE":-116.2669173,"USER_SOURCE":"http://healthandwelfare.idaho.gov/portals/0/medical/licensingcertification/alphahospital.pdf","USER_SOURCEDATE":1596844800000,"USER_WEBSITE":"http://www.intermountainhospital.com","USER_OWNER":"PROPRIETARY","USER_BEDS":155,"USER_TRAUMA":"NOT AVAILABLE","USER_HELIPAD":"N","USER_hosp_cnt":5,"USER_HSA_label":"BOISE","USER_LnD":0,"USER_Pediatric":0,"USER_Gyn":0,"USER_MFM":0,"USER_CriticalAccess":0,"USER_Acute_care":0}},{"type":"Feature","id":18,"geometry":{"type":"Point","coordinates":[-111.6145439821329,42.651827259550856]},"properties":{"ObjectID":18,"Loc_name":"World","Status":"M","Score":98.480000000000004,"Match_type":"A","Match_addr":"300 S 3rd W, Soda Springs, Idaho, 83276","LongLabel":"300 S 3rd W, Soda Springs, ID, 83276, USA","ShortLabel":"300 S 3rd W","Addr_type":"PointAddress","Type":"","PlaceName":"","Place_addr":"300 S 3rd W, Soda Springs, Idaho, 83276","Phone":"","URL":"","Rank":19.5,"AddBldg":"","AddNum":"300","AddNumFrom":"","AddNumTo":"","AddRange":"","Side":"","StPreDir":"S","StPreType":"","StName":"3rd","StType":"","StDir":"W","BldgComp":"","BldgType":"","BldgName":"","LevelType":"","LevelName":"","UnitType":"","UnitName":"","RoomType":"","RoomName":"","WingType":"","WingName":"","SubAddr":"","StAddr":"300 S 3rd W","Block":"","Sector":"","Nbrhd":"","District":"","City":"Soda Springs","MetroArea":"","Subregion":"Caribou County","Region":"Idaho","RegionAbbr":"ID","Territory":"","Zone":"","Postal":"83276","PostalExt":"1598","Country":"USA","CntryName":"United States","LangCode":"ENG","Distance":0,"X":-111.613739101037,"Y":42.651325288532,"DisplayX":-111.614532029077,"DisplayY":42.651820994285998,"Xmin":-111.615532029077,"Xmax":-111.61353202907701,"Ymin":42.650820994286001,"Ymax":42.652820994286003,"ExInfo":"","MatchID":"AQEhCwEAKwYCAJUBBAAAAAAMDlNPVVRIIDNSRCBXRVNUFQMzMDBmA0VORw","PotentialID":"","StrucType":"","StrucDet":"","IN_Address":"300 SOUTH THIRD WEST","IN_Address2":null,"IN_Address3":null,"IN_Neighborhood":null,"IN_City":"SODA SPRINGS","IN_Subregion":"CARIBOU","IN_Region":"ID","IN_Postal":"83276","IN_PostalExt":null,"IN_CountryCode":null,"USER_TARGET_FID":19,"USER_ID":1783276,"USER_NAME":"CARIBOU MEMORIAL HOSPITAL","USER_ADDRESS":"300 SOUTH THIRD WEST","USER_CITY":"SODA SPRINGS","USER_STATE":"ID","USER_ZIP":83276,"USER_TELEPHONE":"(208) 547-3341","USER_TYPE":"GENERAL ACUTE CARE","USER_COUNTY":"CARIBOU","USER_LATITUDE":42.651490520000003,"USER_LONGITUDE":-111.6147357,"USER_SOURCE":"http://healthandwelfare.idaho.gov/portals/0/medical/licensingcertification/alphahospital.pdf","USER_SOURCEDATE":1596844800000,"USER_WEBSITE":"http://www.cariboumemorial.org","USER_OWNER":"GOVERNMENT - LOCAL","USER_BEDS":25,"USER_TRAUMA":"NOT AVAILABLE","USER_HELIPAD":"Y","USER_hosp_cnt":1,"USER_HSA_label":"SODA SPRINGS","USER_LnD":1,"USER_Pediatric":1,"USER_Gyn":1,"USER_MFM":0,"USER_CriticalAccess":1,"USER_Acute_care":1}},{"type":"Feature","id":19,"geometry":{"type":"Point","coordinates":[-115.69351087399149,43.138824957372449]},"properties":{"ObjectID":19,"Loc_name":"World","Status":"M","Score":98.480000000000004,"Match_type":"A","Match_addr":"895 N 6th E, Mountain Home, Idaho, 83647","LongLabel":"895 N 6th E, Mountain Home, ID, 83647, USA","ShortLabel":"895 N 6th E","Addr_type":"PointAddress","Type":"","PlaceName":"","Place_addr":"895 N 6th E, Mountain Home, Idaho, 83647","Phone":"","URL":"","Rank":19.5,"AddBldg":"","AddNum":"895","AddNumFrom":"","AddNumTo":"","AddRange":"","Side":"","StPreDir":"N","StPreType":"","StName":"6th","StType":"","StDir":"E","BldgComp":"","BldgType":"","BldgName":"","LevelType":"","LevelName":"","UnitType":"","UnitName":"","RoomType":"","RoomName":"","WingType":"","WingName":"","SubAddr":"","StAddr":"895 N 6th E","Block":"","Sector":"","Nbrhd":"","District":"","City":"Mountain Home","MetroArea":"","Subregion":"Elmore County","Region":"Idaho","RegionAbbr":"ID","Territory":"","Zone":"","Postal":"83647","PostalExt":"2207","Country":"USA","CntryName":"United States","LangCode":"ENG","Distance":0,"X":-115.693496780327,"Y":43.138820590982,"DisplayX":-115.693498037613,"DisplayY":43.13881899842,"Xmin":-115.694498037613,"Xmax":-115.69249803761301,"Ymin":43.137818998420002,"Ymax":43.139818998419997,"ExInfo":"","MatchID":"AQEy+wAAEggCAJUBBAAAAAAMDk5PUlRIIDZUSCBFQVNUFQM4OTVmA0VORw","PotentialID":"","StrucType":"Commercial","StrucDet":"","IN_Address":"895 NORTH 6TH EAST","IN_Address2":null,"IN_Address3":null,"IN_Neighborhood":null,"IN_City":"MOUNTAIN HOME","IN_Subregion":"ELMORE","IN_Region":"ID","IN_Postal":"83647","IN_PostalExt":null,"IN_CountryCode":null,"USER_TARGET_FID":20,"USER_ID":155983647,"USER_NAME":"ST LUKE'S ELMORE MEDICAL CENTER","USER_ADDRESS":"895 NORTH 6TH EAST","USER_CITY":"MOUNTAIN HOME","USER_STATE":"ID","USER_ZIP":83647,"USER_TELEPHONE":"(208) 587-8401","USER_TYPE":"CRITICAL ACCESS","USER_COUNTY":"ELMORE","USER_LATITUDE":43.138891059999999,"USER_LONGITUDE":-115.6935963,"USER_SOURCE":"http://healthandwelfare.idaho.gov/portals/0/medical/licensingcertification/alphahospital.pdf","USER_SOURCEDATE":1596844800000,"USER_WEBSITE":"https://www.stlukesonline.org/communities-and-locations/facilities/hospitals-and-medical-centers/st-lukes-elmore-medical-center","USER_OWNER":"NON-PROFIT","USER_BEDS":25,"USER_TRAUMA":"NOT AVAILABLE","USER_HELIPAD":"Y","USER_hosp_cnt":1,"USER_HSA_label":"MOUNTAIN HOME","USER_LnD":1,"USER_Pediatric":1,"USER_Gyn":1,"USER_MFM":0,"USER_CriticalAccess":1,"USER_Acute_care":1}},{"type":"Feature","id":20,"geometry":{"type":"Point","coordinates":[-114.71019673312738,42.920919723015437]},"properties":{"ObjectID":20,"Loc_name":"World","Status":"M","Score":100,"Match_type":"A","Match_addr":"267 N Canyon Dr, Gooding, Idaho, 83330","LongLabel":"267 N Canyon Dr, Gooding, ID, 83330, USA","ShortLabel":"267 N Canyon Dr","Addr_type":"PointAddress","Type":"","PlaceName":"","Place_addr":"267 N Canyon Dr, Gooding, Idaho, 83330","Phone":"","URL":"","Rank":19.5,"AddBldg":"","AddNum":"267","AddNumFrom":"","AddNumTo":"","AddRange":"","Side":"","StPreDir":"N","StPreType":"","StName":"Canyon","StType":"Dr","StDir":"","BldgComp":"","BldgType":"","BldgName":"","LevelType":"","LevelName":"","UnitType":"","UnitName":"","RoomType":"","RoomName":"","WingType":"","WingName":"","SubAddr":"","StAddr":"267 N Canyon Dr","Block":"","Sector":"","Nbrhd":"","District":"","City":"Gooding","MetroArea":"","Subregion":"Gooding County","Region":"Idaho","RegionAbbr":"ID","Territory":"","Zone":"","Postal":"83330","PostalExt":"5500","Country":"USA","CntryName":"United States","LangCode":"ENG","Distance":0,"X":-114.710189818735,"Y":42.921852051709003,"DisplayX":-114.710184119041,"DisplayY":42.920913697648999,"Xmin":-114.71118411904099,"Xmax":-114.709184119041,"Ymin":42.919913697649001,"Ymax":42.921913697649003,"ExInfo":"","MatchID":"AQEJ/wAAOAcCAJUBBAAAAAAMEk5PUlRIIENBTllPTiBEUklWRRUDMjY3ZgNFTkc","PotentialID":"","StrucType":"","StrucDet":"","IN_Address":"267 NORTH CANYON DRIVE","IN_Address2":null,"IN_Address3":null,"IN_Neighborhood":null,"IN_City":"GOODING","IN_Subregion":"GOODING","IN_Region":"ID","IN_Postal":"83330","IN_PostalExt":null,"IN_CountryCode":null,"USER_TARGET_FID":23,"USER_ID":2883330,"USER_NAME":"NORTH CANYON MEDICAL CENTER","USER_ADDRESS":"267 NORTH CANYON DRIVE","USER_CITY":"GOODING","USER_STATE":"ID","USER_ZIP":83330,"USER_TELEPHONE":"(208) 934-4433","USER_TYPE":"GENERAL ACUTE CARE","USER_COUNTY":"GOODING","USER_LATITUDE":42.920995449999999,"USER_LONGITUDE":-114.70965750000001,"USER_SOURCE":"http://healthandwelfare.idaho.gov/portals/0/medical/licensingcertification/alphahospital.pdf","USER_SOURCEDATE":1596844800000,"USER_WEBSITE":"http://www.goodinghospital.org","USER_OWNER":"NON-PROFIT","USER_BEDS":18,"USER_TRAUMA":"NOT AVAILABLE","USER_HELIPAD":"Y","USER_hosp_cnt":4,"USER_HSA_label":"TWIN FALLS","USER_LnD":2,"USER_Pediatric":1,"USER_Gyn":1,"USER_MFM":0,"USER_CriticalAccess":1,"USER_Acute_care":1}},{"type":"Feature","id":21,"geometry":{"type":"Point","coordinates":[-116.4844060747356,43.880052950457809]},"properties":{"ObjectID":21,"Loc_name":"World","Status":"M","Score":98.489999999999995,"Match_type":"A","Match_addr":"1202 E Locust St, Emmett, Idaho, 83617","LongLabel":"1202 E Locust St, Emmett, ID, 83617, USA","ShortLabel":"1202 E Locust St","Addr_type":"PointAddress","Type":"","PlaceName":"","Place_addr":"1202 E Locust St, Emmett, Idaho, 83617","Phone":"","URL":"","Rank":19.5,"AddBldg":"","AddNum":"1202","AddNumFrom":"","AddNumTo":"","AddRange":"","Side":"","StPreDir":"E","StPreType":"","StName":"Locust","StType":"St","StDir":"","BldgComp":"","BldgType":"","BldgName":"","LevelType":"","LevelName":"","UnitType":"","UnitName":"","RoomType":"","RoomName":"","WingType":"","WingName":"","SubAddr":"","StAddr":"1202 E Locust St","Block":"","Sector":"","Nbrhd":"","District":"","City":"Emmett","MetroArea":"","Subregion":"Gem County","Region":"Idaho","RegionAbbr":"ID","Territory":"","Zone":"","Postal":"83617","PostalExt":"2715","Country":"USA","CntryName":"United States","LangCode":"ENG","Distance":0,"X":-116.484390281366,"Y":43.880046915206997,"DisplayX":-116.484392963575,"DisplayY":43.880046999026,"Xmin":-116.48539296357499,"Xmax":-116.483392963575,"Ymin":43.879046999026002,"Ymax":43.881046999025997,"ExInfo":"","MatchID":"AQEb+AAA+AoCAJUBBAAAAAAMEkVBU1QgTE9DVVNUIFNUUkVFVBUEMTIwMmYDRU5H","PotentialID":"","StrucType":"","StrucDet":"","IN_Address":"1202 EAST LOCUST STREET","IN_Address2":null,"IN_Address3":null,"IN_Neighborhood":null,"IN_City":"EMMETT","IN_Subregion":"GEM","IN_Region":"ID","IN_Postal":"83617","IN_PostalExt":null,"IN_CountryCode":null,"USER_TARGET_FID":24,"USER_ID":4183617,"USER_NAME":"VALOR HEALTH","USER_ADDRESS":"1202 EAST LOCUST STREET","USER_CITY":"EMMETT","USER_STATE":"ID","USER_ZIP":83617,"USER_TELEPHONE":"(208) 365-3561","USER_TYPE":"GENERAL ACUTE CARE","USER_COUNTY":"GEM","USER_LATITUDE":43.879979220000003,"USER_LONGITUDE":-116.48490289999999,"USER_SOURCE":"http://healthandwelfare.idaho.gov/portals/0/medical/licensingcertification/alphahospital.pdf","USER_SOURCEDATE":1596844800000,"USER_WEBSITE":"http://www.wkmh.org","USER_OWNER":"GOVERNMENT - LOCAL","USER_BEDS":16,"USER_TRAUMA":"NOT AVAILABLE","USER_HELIPAD":"Y","USER_hosp_cnt":5,"USER_HSA_label":"BOISE","USER_LnD":2,"USER_Pediatric":1,"USER_Gyn":1,"USER_MFM":0,"USER_CriticalAccess":1,"USER_Acute_care":1}},{"type":"Feature","id":22,"geometry":{"type":"Point","coordinates":[-112.84864354251955,42.78151536880285]},"properties":{"ObjectID":22,"Loc_name":"World","Status":"M","Score":98.480000000000004,"Match_type":"A","Match_addr":"510 Roosevelt St, American Falls, Idaho, 83211","LongLabel":"510 Roosevelt St, American Falls, ID, 83211, USA","ShortLabel":"510 Roosevelt St","Addr_type":"PointAddress","Type":"","PlaceName":"","Place_addr":"510 Roosevelt St, American Falls, Idaho, 83211","Phone":"","URL":"","Rank":19.5,"AddBldg":"","AddNum":"510","AddNumFrom":"","AddNumTo":"","AddRange":"","Side":"","StPreDir":"","StPreType":"","StName":"Roosevelt","StType":"St","StDir":"","BldgComp":"","BldgType":"","BldgName":"","LevelType":"","LevelName":"","UnitType":"","UnitName":"","RoomType":"","RoomName":"","WingType":"","WingName":"","SubAddr":"","StAddr":"510 Roosevelt St","Block":"","Sector":"","Nbrhd":"","District":"","City":"American Falls","MetroArea":"","Subregion":"Power County","Region":"Idaho","RegionAbbr":"ID","Territory":"","Zone":"","Postal":"83211","PostalExt":"1362","Country":"USA","CntryName":"United States","LangCode":"ENG","Distance":0,"X":-112.848632742115,"Y":42.781841202072002,"DisplayX":-112.84863131719101,"DisplayY":42.781509194887001,"Xmin":-112.849631317191,"Xmax":-112.847631317191,"Ymin":42.780509194887003,"Ymax":42.782509194886998,"ExInfo":"","MatchID":"AQFPBgEArQYCAJUBBAAAAAAMEFJPT1NFVkVMVCBTVFJFRVQVAzUxMGYDRU5H","PotentialID":"","StrucType":"","StrucDet":"","IN_Address":"510 ROOSEVELT STREET","IN_Address2":null,"IN_Address3":null,"IN_Neighborhood":null,"IN_City":"AMERICAN FALLS","IN_Subregion":"POWER","IN_Region":"ID","IN_Postal":"83211","IN_PostalExt":null,"IN_CountryCode":null,"USER_TARGET_FID":30,"USER_ID":3283211,"USER_NAME":"POWER COUNTY HOSPITAL DISTRICT","USER_ADDRESS":"510 ROOSEVELT STREET","USER_CITY":"AMERICAN FALLS","USER_STATE":"ID","USER_ZIP":83211,"USER_TELEPHONE":"(208) 226-3200","USER_TYPE":"GENERAL ACUTE CARE","USER_COUNTY":"POWER","USER_LATITUDE":42.781448580000003,"USER_LONGITUDE":-112.8486307,"USER_SOURCE":"http://healthandwelfare.idaho.gov/portals/0/medical/licensingcertification/alphahospital.pdf","USER_SOURCEDATE":1596844800000,"USER_WEBSITE":"http://www.pchd.net","USER_OWNER":"GOVERNMENT - FEDERAL","USER_BEDS":10,"USER_TRAUMA":"NOT AVAILABLE","USER_HELIPAD":"Y","USER_hosp_cnt":3,"USER_HSA_label":"POCATELLO","USER_LnD":0,"USER_Pediatric":1,"USER_Gyn":1,"USER_MFM":0,"USER_CriticalAccess":1,"USER_Acute_care":1}},{"type":"Feature","id":23,"geometry":{"type":"Point","coordinates":[-117.72756084553548,40.971580715921903]},"properties":{"ObjectID":23,"Loc_name":"World","Status":"M","Score":98.489999999999995,"Match_type":"A","Match_addr":"118 E Haskell St, Winnemucca, Nevada, 89445","LongLabel":"118 E Haskell St, Winnemucca, NV, 89445, USA","ShortLabel":"118 E Haskell St","Addr_type":"PointAddress","Type":"","PlaceName":"","Place_addr":"118 E Haskell St, Winnemucca, Nevada, 89445","Phone":"","URL":"","Rank":19.5,"AddBldg":"","AddNum":"118","AddNumFrom":"","AddNumTo":"","AddRange":"","Side":"","StPreDir":"E","StPreType":"","StName":"Haskell","StType":"St","StDir":"","BldgComp":"","BldgType":"","BldgName":"","LevelType":"","LevelName":"","UnitType":"","UnitName":"","RoomType":"","RoomName":"","WingType":"","WingName":"","SubAddr":"","StAddr":"118 E Haskell St","Block":"","Sector":"","Nbrhd":"","District":"","City":"Winnemucca","MetroArea":"","Subregion":"Humboldt County","Region":"Nevada","RegionAbbr":"NV","Territory":"","Zone":"","Postal":"89445","PostalExt":"3299","Country":"USA","CntryName":"United States","LangCode":"ENG","Distance":0,"X":-117.728126495019,"Y":40.972064966787997,"DisplayX":-117.727547976061,"DisplayY":40.971575128367,"Xmin":-117.72854797606099,"Xmax":-117.726547976061,"Ymin":40.970575128367003,"Ymax":40.972575128366998,"ExInfo":"","MatchID":"AQFA8wAAm/8BAJUBBAAAAAAME0VBU1QgSEFTS0VMTCBTVFJFRVQVAzExOGYDRU5H","PotentialID":"","StrucType":"Commercial","StrucDet":"Retail","IN_Address":"118 EAST HASKELL STREET","IN_Address2":null,"IN_Address3":null,"IN_Neighborhood":null,"IN_City":"WINNEMUCCA","IN_Subregion":"HUMBOLDT","IN_Region":"NV","IN_Postal":"89445","IN_PostalExt":null,"IN_CountryCode":null,"USER_TARGET_FID":28,"USER_ID":5489445,"USER_NAME":"HUMBOLDT GENERAL HOSPITAL","USER_ADDRESS":"118 EAST HASKELL STREET","USER_CITY":"WINNEMUCCA","USER_STATE":"NV","USER_ZIP":89445,"USER_TELEPHONE":"(775) 623-5222","USER_TYPE":"GENERAL ACUTE CARE","USER_COUNTY":"HUMBOLDT","USER_LATITUDE":40.971325040000004,"USER_LONGITUDE":-117.7271873,"USER_SOURCE":"http://dpbh.nv.gov/reg/healthfacilities/community_resources/","USER_SOURCEDATE":1596844800000,"USER_WEBSITE":"http://www.hghospital.ws","USER_OWNER":"GOVERNMENT - DISTRICT/AUTHORITY","USER_BEDS":67,"USER_TRAUMA":"NOT AVAILABLE","USER_HELIPAD":"Y","USER_hosp_cnt":1,"USER_HSA_label":"WINNEMUCCA","USER_LnD":1,"USER_Pediatric":1,"USER_Gyn":1,"USER_MFM":0,"USER_CriticalAccess":0,"USER_Acute_care":1}},{"type":"Feature","id":24,"geometry":{"type":"Point","coordinates":[-111.99171600356767,43.470308547648429]},"properties":{"ObjectID":24,"Loc_name":"World","Status":"M","Score":98.480000000000004,"Match_type":"A","Match_addr":"3100 Channing Way, Idaho Falls, Idaho, 83404","LongLabel":"3100 Channing Way, Idaho Falls, ID, 83404, USA","ShortLabel":"3100 Channing Way","Addr_type":"PointAddress","Type":"","PlaceName":"","Place_addr":"3100 Channing Way, Idaho Falls, Idaho, 83404","Phone":"","URL":"","Rank":19.5,"AddBldg":"","AddNum":"3100","AddNumFrom":"","AddNumTo":"","AddRange":"","Side":"","StPreDir":"","StPreType":"","StName":"Channing","StType":"Way","StDir":"","BldgComp":"","BldgType":"","BldgName":"","LevelType":"","LevelName":"","UnitType":"","UnitName":"","RoomType":"","RoomName":"","WingType":"","WingName":"","SubAddr":"","StAddr":"3100 Channing Way","Block":"","Sector":"","Nbrhd":"","District":"","City":"Idaho Falls","MetroArea":"","Subregion":"Bonneville County","Region":"Idaho","RegionAbbr":"ID","Territory":"","Zone":"","Postal":"83404","PostalExt":"7533","Country":"USA","CntryName":"United States","LangCode":"ENG","Distance":0,"X":-111.990203900258,"Y":43.470458972021,"DisplayX":-111.991703841831,"DisplayY":43.470302230431997,"Xmin":-111.992703841831,"Xmax":-111.99070384183101,"Ymin":43.469302230432,"Ymax":43.471302230432002,"ExInfo":"","MatchID":"AQGoCQEAXgkCAJUBBAAAAAAMDENIQU5OSU5HIFdBWRUEMzEwMGYDRU5H","PotentialID":"","StrucType":"Commercial","StrucDet":"","IN_Address":"3100 CHANNING WAY","IN_Address2":null,"IN_Address3":null,"IN_Neighborhood":null,"IN_City":"IDAHO FALLS","IN_Subregion":"BONNEVILLE","IN_Region":"ID","IN_Postal":"83404","IN_PostalExt":null,"IN_CountryCode":null,"USER_TARGET_FID":26,"USER_ID":483403,"USER_NAME":"EASTERN IDAHO REGIONAL MEDICAL CENTER","USER_ADDRESS":"3100 CHANNING WAY","USER_CITY":"IDAHO FALLS","USER_STATE":"ID","USER_ZIP":83404,"USER_TELEPHONE":"(208) 529-6111","USER_TYPE":"GENERAL ACUTE CARE","USER_COUNTY":"BONNEVILLE","USER_LATITUDE":43.469975910000002,"USER_LONGITUDE":-111.99165410000001,"USER_SOURCE":"http://healthandwelfare.idaho.gov/portals/0/medical/licensingcertification/alphahospital.pdf","USER_SOURCEDATE":1596844800000,"USER_WEBSITE":"http://www.eirmc.com","USER_OWNER":"PROPRIETARY","USER_BEDS":289,"USER_TRAUMA":"LEVEL II","USER_HELIPAD":"Y","USER_hosp_cnt":2,"USER_HSA_label":"IDAHO FALLS","USER_LnD":1,"USER_Pediatric":1,"USER_Gyn":1,"USER_MFM":1,"USER_CriticalAccess":0,"USER_Acute_care":1}},{"type":"Feature","id":25,"geometry":{"type":"Point","coordinates":[-116.69404736296909,43.654491622815684]},"properties":{"ObjectID":25,"Loc_name":"World","Status":"M","Score":98.480000000000004,"Match_type":"A","Match_addr":"1717 Arlington Ave, Caldwell, Idaho, 83605","LongLabel":"1717 Arlington Ave, Caldwell, ID, 83605, USA","ShortLabel":"1717 Arlington Ave","Addr_type":"PointAddress","Type":"","PlaceName":"","Place_addr":"1717 Arlington Ave, Caldwell, Idaho, 83605","Phone":"","URL":"","Rank":19.5,"AddBldg":"","AddNum":"1717","AddNumFrom":"","AddNumTo":"","AddRange":"","Side":"","StPreDir":"","StPreType":"","StName":"Arlington","StType":"Ave","StDir":"","BldgComp":"","BldgType":"","BldgName":"","LevelType":"","LevelName":"","UnitType":"","UnitName":"","RoomType":"","RoomName":"","WingType":"","WingName":"","SubAddr":"","StAddr":"1717 Arlington Ave","Block":"","Sector":"","Nbrhd":"","District":"","City":"Caldwell","MetroArea":"","Subregion":"Canyon County","Region":"Idaho","RegionAbbr":"ID","Territory":"","Zone":"","Postal":"83605","PostalExt":"4800","Country":"USA","CntryName":"United States","LangCode":"ENG","Distance":0,"X":-116.695609966617,"Y":43.654232073414001,"DisplayX":-116.694034252639,"DisplayY":43.654485709804,"Xmin":-116.695034252639,"Xmax":-116.69303425263899,"Ymin":43.653485709804002,"Ymax":43.655485709803997,"ExInfo":"","MatchID":"AQFJ9wAAFgoCAJUBBAAAAAAMEEFSTElOR1RPTiBBVkVOVUUVBDE3MTdmA0VORw","PotentialID":"","StrucType":"Commercial","StrucDet":"","IN_Address":"1717 ARLINGTON AVENUE","IN_Address2":null,"IN_Address3":null,"IN_Neighborhood":null,"IN_City":"CALDWELL","IN_Subregion":"CANYON","IN_Region":"ID","IN_Postal":"83605","IN_PostalExt":null,"IN_CountryCode":null,"USER_TARGET_FID":31,"USER_ID":2383605,"USER_NAME":"WEST VALLEY MEDICAL CENTER","USER_ADDRESS":"1717 ARLINGTON AVENUE","USER_CITY":"CALDWELL","USER_STATE":"ID","USER_ZIP":83605,"USER_TELEPHONE":"(208) 459-4641","USER_TYPE":"GENERAL ACUTE CARE","USER_COUNTY":"CANYON","USER_LATITUDE":43.654327930000001,"USER_LONGITUDE":-116.69427589999999,"USER_SOURCE":"http://healthandwelfare.idaho.gov/portals/0/medical/licensingcertification/alphahospital.pdf","USER_SOURCEDATE":1596844800000,"USER_WEBSITE":"http://www.westvalleymedctr.com","USER_OWNER":"PROPRIETARY","USER_BEDS":150,"USER_TRAUMA":"NOT AVAILABLE","USER_HELIPAD":"Y","USER_hosp_cnt":1,"USER_HSA_label":"CALDWELL","USER_LnD":1,"USER_Pediatric":1,"USER_Gyn":1,"USER_MFM":0,"USER_CriticalAccess":0,"USER_Acute_care":1}},{"type":"Feature","id":26,"geometry":{"type":"Point","coordinates":[-111.77073518589303,43.825525361235435]},"properties":{"ObjectID":26,"Loc_name":"World","Status":"M","Score":98.489999999999995,"Match_type":"A","Match_addr":"450 E Main St, Rexburg, Idaho, 83440","LongLabel":"450 E Main St, Rexburg, ID, 83440, USA","ShortLabel":"450 E Main St","Addr_type":"PointAddress","Type":"","PlaceName":"","Place_addr":"450 E Main St, Rexburg, Idaho, 83440","Phone":"","URL":"","Rank":19.5,"AddBldg":"","AddNum":"450","AddNumFrom":"","AddNumTo":"","AddRange":"","Side":"","StPreDir":"E","StPreType":"","StName":"Main","StType":"St","StDir":"","BldgComp":"","BldgType":"","BldgName":"","LevelType":"","LevelName":"","UnitType":"","UnitName":"","RoomType":"","RoomName":"","WingType":"","WingName":"","SubAddr":"","StAddr":"450 E Main St","Block":"","Sector":"","Nbrhd":"","District":"","City":"Rexburg","MetroArea":"","Subregion":"Madison County","Region":"Idaho","RegionAbbr":"ID","Territory":"","Zone":"","Postal":"83440","PostalExt":"2048","Country":"USA","CntryName":"United States","LangCode":"ENG","Distance":0,"X":-111.77297967102901,"Y":43.826110751286997,"DisplayX":-111.770723011238,"DisplayY":43.825518988923001,"Xmin":-111.771723011238,"Xmax":-111.769723011238,"Ymin":43.824518988923003,"Ymax":43.826518988922999,"ExInfo":"","MatchID":"AQGFCgEAwQoCAJUBBAAAAAAMEEVBU1QgTUFJTiBTVFJFRVQVAzQ1MGYDRU5H","PotentialID":"","StrucType":"","StrucDet":"","IN_Address":"450 EAST MAIN STREET","IN_Address2":null,"IN_Address3":null,"IN_Neighborhood":null,"IN_City":"REXBURG","IN_Subregion":"MADISON","IN_Region":"ID","IN_Postal":"83440","IN_PostalExt":null,"IN_CountryCode":null,"USER_TARGET_FID":32,"USER_ID":883440,"USER_NAME":"MADISON MEMORIAL HOSPITAL","USER_ADDRESS":"450 EAST MAIN STREET","USER_CITY":"REXBURG","USER_STATE":"ID","USER_ZIP":83440,"USER_TELEPHONE":"(208) 356-3691","USER_TYPE":"GENERAL ACUTE CARE","USER_COUNTY":"MADISON","USER_LATITUDE":43.825779789999999,"USER_LONGITUDE":-111.7708866,"USER_SOURCE":"http://healthandwelfare.idaho.gov/portals/0/medical/licensingcertification/alphahospital.pdf","USER_SOURCEDATE":1596844800000,"USER_WEBSITE":"http://www.madisonhospital.org","USER_OWNER":"GOVERNMENT - LOCAL","USER_BEDS":69,"USER_TRAUMA":"NOT AVAILABLE","USER_HELIPAD":"Y","USER_hosp_cnt":1,"USER_HSA_label":"REXBURG","USER_LnD":1,"USER_Pediatric":1,"USER_Gyn":1,"USER_MFM":0,"USER_CriticalAccess":0,"USER_Acute_care":1}},{"type":"Feature","id":27,"geometry":{"type":"Point","coordinates":[-111.87344174519777,42.097241656943218]},"properties":{"ObjectID":27,"Loc_name":"World","Status":"M","Score":98.489999999999995,"Match_type":"A","Match_addr":"44 N 1st East St, Preston, Idaho, 83263","LongLabel":"44 N 1st East St, Preston, ID, 83263, USA","ShortLabel":"44 N 1st East St","Addr_type":"PointAddress","Type":"","PlaceName":"","Place_addr":"44 N 1st East St, Preston, Idaho, 83263","Phone":"","URL":"","Rank":19.5,"AddBldg":"","AddNum":"44","AddNumFrom":"","AddNumTo":"","AddRange":"","Side":"","StPreDir":"N","StPreType":"","StName":"1st East","StType":"St","StDir":"","BldgComp":"","BldgType":"","BldgName":"","LevelType":"","LevelName":"","UnitType":"","UnitName":"","RoomType":"","RoomName":"","WingType":"","WingName":"","SubAddr":"","StAddr":"44 N 1st East St","Block":"","Sector":"","Nbrhd":"","District":"","City":"Preston","MetroArea":"","Subregion":"Franklin County","Region":"Idaho","RegionAbbr":"ID","Territory":"","Zone":"","Postal":"83263","PostalExt":"1326","Country":"USA","CntryName":"United States","LangCode":"ENG","Distance":0,"X":-111.873985208512,"Y":42.097248044841997,"DisplayX":-111.87342982360801,"DisplayY":42.097235471986998,"Xmin":-111.874429823608,"Xmax":-111.872429823608,"Ymin":42.096235471987001,"Ymax":42.098235471987003,"ExInfo":"","MatchID":"AQEeCgEAAQQCAJUBBAAAAAAMFU5PUlRIIDFTVCBFQVNUIFNUUkVFVBUCNDRmA0VORw","PotentialID":"","StrucType":"","StrucDet":"","IN_Address":"44 NORTH FIRST EAST STREET","IN_Address2":null,"IN_Address3":null,"IN_Neighborhood":null,"IN_City":"PRESTON","IN_Subregion":"FRANKLIN","IN_Region":"ID","IN_Postal":"83263","IN_PostalExt":null,"IN_CountryCode":null,"USER_TARGET_FID":25,"USER_ID":2283263,"USER_NAME":"FRANKLIN COUNTY MEDICAL CENTER","USER_ADDRESS":"44 NORTH FIRST EAST STREET","USER_CITY":"PRESTON","USER_STATE":"ID","USER_ZIP":83263,"USER_TELEPHONE":"(208) 852-0137","USER_TYPE":"GENERAL ACUTE CARE","USER_COUNTY":"FRANKLIN","USER_LATITUDE":42.097650629999997,"USER_LONGITUDE":-111.8729768,"USER_SOURCE":"http://healthandwelfare.idaho.gov/portals/0/medical/licensingcertification/alphahospital.pdf","USER_SOURCEDATE":1596844800000,"USER_WEBSITE":"http://www.fcmc.org","USER_OWNER":"GOVERNMENT - LOCAL","USER_BEDS":20,"USER_TRAUMA":"NOT AVAILABLE","USER_HELIPAD":"Y","USER_hosp_cnt":1,"USER_HSA_label":"PRESTON","USER_LnD":1,"USER_Pediatric":1,"USER_Gyn":1,"USER_MFM":0,"USER_CriticalAccess":1,"USER_Acute_care":1}},{"type":"Feature","id":28,"geometry":{"type":"Point","coordinates":[-118.14545577600941,47.657831440858494]},"properties":{"ObjectID":28,"Loc_name":"World","Status":"M","Score":96.230000000000004,"Match_type":"A","Match_addr":"10 Nicholls St, Davenport, Washington, 99122","LongLabel":"10 Nicholls St, Davenport, WA, 99122, USA","ShortLabel":"10 Nicholls St","Addr_type":"PointAddress","Type":"","PlaceName":"","Place_addr":"10 Nicholls St, Davenport, Washington, 99122","Phone":"","URL":"","Rank":19.5,"AddBldg":"","AddNum":"10","AddNumFrom":"","AddNumTo":"","AddRange":"","Side":"","StPreDir":"","StPreType":"","StName":"Nicholls","StType":"St","StDir":"","BldgComp":"","BldgType":"","BldgName":"","LevelType":"","LevelName":"","UnitType":"","UnitName":"","RoomType":"","RoomName":"","WingType":"","WingName":"","SubAddr":"","StAddr":"10 Nicholls St","Block":"","Sector":"","Nbrhd":"","District":"","City":"Davenport","MetroArea":"","Subregion":"Lincoln County","Region":"Washington","RegionAbbr":"WA","Territory":"","Zone":"","Postal":"99122","PostalExt":"9729","Country":"USA","CntryName":"United States","LangCode":"ENG","Distance":0,"X":-118.145439242081,"Y":47.657485985038001,"DisplayX":-118.145441589013,"DisplayY":47.657825368296997,"Xmin":-118.14644158901299,"Xmax":-118.144441589013,"Ymin":47.656825368297,"Ymax":47.658825368297002,"ExInfo":"","MatchID":"AQGe8QAAuRkCAJUBBAAAAAAMD05JQ0hPTExTIFNUUkVFVBUCMTBmA0VORw","PotentialID":"","StrucType":"Commercial","StrucDet":"","IN_Address":"10 NICHOLS ST","IN_Address2":null,"IN_Address3":null,"IN_Neighborhood":null,"IN_City":"DAVENPORT","IN_Subregion":"LINCOLN","IN_Region":"WA","IN_Postal":"99122","IN_PostalExt":null,"IN_CountryCode":null,"USER_TARGET_FID":33,"USER_ID":8099122,"USER_NAME":"LINCOLN HOSPITAL","USER_ADDRESS":"10 NICHOLS ST","USER_CITY":"DAVENPORT","USER_STATE":"WA","USER_ZIP":99122,"USER_TELEPHONE":"(509) 725-7101","USER_TYPE":"CRITICAL ACCESS","USER_COUNTY":"LINCOLN","USER_LATITUDE":47.657927720000004,"USER_LONGITUDE":-118.14535979999999,"USER_SOURCE":"https://fortress.wa.gov/doh/facilitysearch/default.aspx","USER_SOURCEDATE":1596931200000,"USER_WEBSITE":"http://www.lincolnhospital.org","USER_OWNER":"GOVERNMENT - DISTRICT/AUTHORITY","USER_BEDS":60,"USER_TRAUMA":"LEVEL V","USER_HELIPAD":"Y","USER_hosp_cnt":1,"USER_HSA_label":"DAVENPORT","USER_LnD":0,"USER_Pediatric":1,"USER_Gyn":1,"USER_MFM":0,"USER_CriticalAccess":1,"USER_Acute_care":1}},{"type":"Feature","id":29,"geometry":{"type":"Point","coordinates":[-111.96857579650462,41.051955051744223]},"properties":{"ObjectID":29,"Loc_name":"World","Status":"M","Score":98.489999999999995,"Match_type":"A","Match_addr":"201 W Layton Pkwy, Layton, Utah, 84041","LongLabel":"201 W Layton Pkwy, Layton, UT, 84041, USA","ShortLabel":"201 W Layton Pkwy","Addr_type":"PointAddress","Type":"","PlaceName":"","Place_addr":"201 W Layton Pkwy, Layton, Utah, 84041","Phone":"","URL":"","Rank":19.5,"AddBldg":"","AddNum":"201","AddNumFrom":"","AddNumTo":"","AddRange":"","Side":"","StPreDir":"W","StPreType":"","StName":"Layton","StType":"Pkwy","StDir":"","BldgComp":"","BldgType":"","BldgName":"","LevelType":"","LevelName":"","UnitType":"","UnitName":"","RoomType":"","RoomName":"","WingType":"","WingName":"","SubAddr":"","StAddr":"201 W Layton Pkwy","Block":"","Sector":"","Nbrhd":"","District":"","City":"Layton","MetroArea":"","Subregion":"Davis County","Region":"Utah","RegionAbbr":"UT","Territory":"","Zone":"","Postal":"84041","PostalExt":"3692","Country":"USA","CntryName":"United States","LangCode":"ENG","Distance":0,"X":-111.96929926609999,"Y":41.053638444771998,"DisplayX":-111.968564005554,"DisplayY":41.051948988368999,"Xmin":-111.96956400555401,"Xmax":-111.967564005554,"Ymin":41.050948988369001,"Ymax":41.052948988369003,"ExInfo":"","MatchID":"AQG/CQEA6/8BAJUBBAAAAAAME1dFU1QgTEFZVE9OIFBBUktXQVkVAzIwMWYDRU5H","PotentialID":"","StrucType":"Commercial","StrucDet":"Medical","IN_Address":"201 WEST LAYTON PARKWAY","IN_Address2":null,"IN_Address3":null,"IN_Neighborhood":null,"IN_City":"LAYTON","IN_Subregion":"DAVIS","IN_Region":"UT","IN_Postal":"84041","IN_PostalExt":null,"IN_CountryCode":null,"USER_TARGET_FID":35,"USER_ID":182584041,"USER_NAME":"LAYTON HOSPITAL","USER_ADDRESS":"201 WEST LAYTON PARKWAY","USER_CITY":"LAYTON","USER_STATE":"UT","USER_ZIP":84041,"USER_TELEPHONE":"(801) 543-6703","USER_TYPE":"GENERAL ACUTE CARE","USER_COUNTY":"DAVIS","USER_LATITUDE":41.05185152,"USER_LONGITUDE":-111.96883920000001,"USER_SOURCE":"http://gis.utah.gov/data/health/health-care-facilities/","USER_SOURCEDATE":1603152000000,"USER_WEBSITE":"NOT AVAILABLE","USER_OWNER":"PROPRIETARY","USER_BEDS":43,"USER_TRAUMA":"NOT AVAILABLE","USER_HELIPAD":"Y","USER_hosp_cnt":1,"USER_HSA_label":"LAYTON","USER_LnD":1,"USER_Pediatric":1,"USER_Gyn":1,"USER_MFM":1,"USER_CriticalAccess":0,"USER_Acute_care":1}},{"type":"Feature","id":30,"geometry":{"type":"Point","coordinates":[-116.35329765668719,46.050444204779254]},"properties":{"ObjectID":30,"Loc_name":"World","Status":"M","Score":99.430000000000007,"Match_type":"A","Match_addr":"701 Lewiston St, Cottonwood, Idaho, 83522","LongLabel":"701 Lewiston St, Cottonwood, ID, 83522, USA","ShortLabel":"701 Lewiston St","Addr_type":"PointAddress","Type":"","PlaceName":"","Place_addr":"701 Lewiston St, Cottonwood, Idaho, 83522","Phone":"","URL":"","Rank":19.5,"AddBldg":"","AddNum":"701","AddNumFrom":"","AddNumTo":"","AddRange":"","Side":"","StPreDir":"","StPreType":"","StName":"Lewiston","StType":"St","StDir":"","BldgComp":"","BldgType":"","BldgName":"","LevelType":"","LevelName":"","UnitType":"","UnitName":"","RoomType":"","RoomName":"","WingType":"","WingName":"","SubAddr":"","StAddr":"701 Lewiston St","Block":"","Sector":"","Nbrhd":"","District":"","City":"Cottonwood","MetroArea":"","Subregion":"Idaho County","Region":"Idaho","RegionAbbr":"ID","Territory":"","Zone":"","Postal":"83522","PostalExt":"9750","Country":"USA","CntryName":"United States","LangCode":"ENG","Distance":0,"X":-116.351676926181,"Y":46.050456923455997,"DisplayX":-116.353284156114,"DisplayY":46.050438064174003,"Xmin":-116.35428415611401,"Xmax":-116.352284156114,"Ymin":46.049438064173998,"Ymax":46.051438064174,"ExInfo":"ID","MatchID":"AQGe+AAAchMCAJUBBAAAAAAMD0xFV0lTVE9OIFNUUkVFVBUDNzAxZgNFTkc","PotentialID":"","StrucType":"","StrucDet":"","IN_Address":"701 LEWISTON ST","IN_Address2":null,"IN_Address3":null,"IN_Neighborhood":null,"IN_City":"COTTONWOOD","IN_Subregion":"IDAHO","IN_Region":"ID","IN_Postal":"83522","IN_PostalExt":null,"IN_CountryCode":null,"USER_TARGET_FID":38,"USER_ID":4883522,"USER_NAME":"ST MARY'S HOSPITAL","USER_ADDRESS":"701 LEWISTON ST","USER_CITY":"COTTONWOOD","USER_STATE":"ID","USER_ZIP":83522,"USER_TELEPHONE":"(208) 962-3251","USER_TYPE":"CRITICAL ACCESS","USER_COUNTY":"IDAHO","USER_LATITUDE":46.050380150000002,"USER_LONGITUDE":-116.35329950000001,"USER_SOURCE":"http://healthandwelfare.idaho.gov/portals/0/medical/licensingcertification/alphahospital.pdf","USER_SOURCEDATE":1596844800000,"USER_WEBSITE":"www.smh-cvhc.org","USER_OWNER":"NON-PROFIT","USER_BEDS":25,"USER_TRAUMA":"NOT AVAILABLE","USER_HELIPAD":"Y","USER_hosp_cnt":1,"USER_HSA_label":"COTTONWOOD","USER_LnD":1,"USER_Pediatric":1,"USER_Gyn":1,"USER_MFM":0,"USER_CriticalAccess":1,"USER_Acute_care":1}},{"type":"Feature","id":31,"geometry":{"type":"Point","coordinates":[-118.37204443647948,47.121158782178817]},"properties":{"ObjectID":31,"Loc_name":"World","Status":"M","Score":98.489999999999995,"Match_type":"A","Match_addr":"903 S Adams St, Ritzville, Washington, 99169","LongLabel":"903 S Adams St, Ritzville, WA, 99169, USA","ShortLabel":"903 S Adams St","Addr_type":"PointAddress","Type":"","PlaceName":"","Place_addr":"903 S Adams St, Ritzville, Washington, 99169","Phone":"","URL":"","Rank":19.5,"AddBldg":"","AddNum":"903","AddNumFrom":"","AddNumTo":"","AddRange":"","Side":"","StPreDir":"S","StPreType":"","StName":"Adams","StType":"St","StDir":"","BldgComp":"","BldgType":"","BldgName":"","LevelType":"","LevelName":"","UnitType":"","UnitName":"","RoomType":"","RoomName":"","WingType":"","WingName":"","SubAddr":"","StAddr":"903 S Adams St","Block":"","Sector":"","Nbrhd":"","District":"","City":"Ritzville","MetroArea":"","Subregion":"Adams County","Region":"Washington","RegionAbbr":"WA","Territory":"","Zone":"","Postal":"99169","PostalExt":"2298","Country":"USA","CntryName":"United States","LangCode":"ENG","Distance":0,"X":-118.37205505854099,"Y":47.120876334198002,"DisplayX":-118.372030331926,"DisplayY":47.121152769364997,"Xmin":-118.373030331926,"Xmax":-118.37103033192599,"Ymin":47.120152769364999,"Ymax":47.122152769365002,"ExInfo":"","MatchID":"AQG78AAAoRcCAJUBBAAAAAAMElNPVVRIIEFEQU1TIFNUUkVFVBUDOTAzZgNFTkc","PotentialID":"","StrucType":"","StrucDet":"","IN_Address":"903 S ADAMS ST","IN_Address2":null,"IN_Address3":null,"IN_Neighborhood":null,"IN_City":"RITZVILLE","IN_Subregion":"ADAMS","IN_Region":"WA","IN_Postal":"99169","IN_PostalExt":null,"IN_CountryCode":null,"USER_TARGET_FID":37,"USER_ID":2899169,"USER_NAME":"EAST ADAMS RURAL HOSPITAL","USER_ADDRESS":"903 S ADAMS ST","USER_CITY":"RITZVILLE","USER_STATE":"WA","USER_ZIP":99169,"USER_TELEPHONE":"(509) 659-1200","USER_TYPE":"CRITICAL ACCESS","USER_COUNTY":"ADAMS","USER_LATITUDE":47.121218820000003,"USER_LONGITUDE":-118.3718866,"USER_SOURCE":"https://fortress.wa.gov/doh/facilitysearch/default.aspx","USER_SOURCEDATE":1596931200000,"USER_WEBSITE":"http://www.earh.com","USER_OWNER":"GOVERNMENT - DISTRICT/AUTHORITY","USER_BEDS":8,"USER_TRAUMA":"LEVEL V","USER_HELIPAD":"Y","USER_hosp_cnt":1,"USER_HSA_label":"RITZVILLE","USER_LnD":0,"USER_Pediatric":1,"USER_Gyn":1,"USER_MFM":0,"USER_CriticalAccess":1,"USER_Acute_care":1}},{"type":"Feature","id":32,"geometry":{"type":"Point","coordinates":[-116.96252515670204,44.248742053937384]},"properties":{"ObjectID":32,"Loc_name":"World","Status":"M","Score":98.489999999999995,"Match_type":"A","Match_addr":"645 E 5th St, Weiser, Idaho, 83672","LongLabel":"645 E 5th St, Weiser, ID, 83672, USA","ShortLabel":"645 E 5th St","Addr_type":"PointAddress","Type":"","PlaceName":"","Place_addr":"645 E 5th St, Weiser, Idaho, 83672","Phone":"","URL":"","Rank":19.5,"AddBldg":"","AddNum":"645","AddNumFrom":"","AddNumTo":"","AddRange":"","Side":"","StPreDir":"E","StPreType":"","StName":"5th","StType":"St","StDir":"","BldgComp":"","BldgType":"","BldgName":"","LevelType":"","LevelName":"","UnitType":"","UnitName":"","RoomType":"","RoomName":"","WingType":"","WingName":"","SubAddr":"","StAddr":"645 E 5th St","Block":"","Sector":"","Nbrhd":"","District":"","City":"Weiser","MetroArea":"","Subregion":"Washington County","Region":"Idaho","RegionAbbr":"ID","Territory":"","Zone":"","Postal":"83672","PostalExt":"2202","Country":"USA","CntryName":"United States","LangCode":"ENG","Distance":0,"X":-116.961761460156,"Y":44.248725974117001,"DisplayX":-116.962511891947,"DisplayY":44.248736116220002,"Xmin":-116.96351189194699,"Xmax":-116.961511891947,"Ymin":44.247736116219997,"Ymax":44.249736116219999,"ExInfo":"","MatchID":"AQE99gAAaAwCAJUBBAAAAAAMD0VBU1QgNVRIIFNUUkVFVBUDNjQ1ZgNFTkc","PotentialID":"","StrucType":"","StrucDet":"","IN_Address":"645 EAST 5TH STREET","IN_Address2":null,"IN_Address3":null,"IN_Neighborhood":null,"IN_City":"WEISER","IN_Subregion":"WASHINGTON","IN_Region":"ID","IN_Postal":"83672","IN_PostalExt":null,"IN_CountryCode":null,"USER_TARGET_FID":39,"USER_ID":4283672,"USER_NAME":"WEISER MEMORIAL HOSPITAL","USER_ADDRESS":"645 EAST 5TH STREET","USER_CITY":"WEISER","USER_STATE":"ID","USER_ZIP":83672,"USER_TELEPHONE":"(208) 549-0370","USER_TYPE":"CRITICAL ACCESS","USER_COUNTY":"WASHINGTON","USER_LATITUDE":44.248724009999997,"USER_LONGITUDE":-116.96244129999999,"USER_SOURCE":"http://healthandwelfare.idaho.gov/portals/0/medical/licensingcertification/alphahospital.pdf","USER_SOURCEDATE":1596844800000,"USER_WEBSITE":"www.weisermemorialhospital.org","USER_OWNER":"GOVERNMENT - DISTRICT/AUTHORITY","USER_BEDS":25,"USER_TRAUMA":"NOT AVAILABLE","USER_HELIPAD":"Y","USER_hosp_cnt":1,"USER_HSA_label":"WEISER","USER_LnD":1,"USER_Pediatric":1,"USER_Gyn":1,"USER_MFM":0,"USER_CriticalAccess":1,"USER_Acute_care":1}},{"type":"Feature","id":33,"geometry":{"type":"Point","coordinates":[-115.5461492426515,48.392082630536038]},"properties":{"ObjectID":33,"Loc_name":"World","Status":"M","Score":98.480000000000004,"Match_type":"A","Match_addr":"209 Health Park Dr, Libby, Montana, 59923","LongLabel":"209 Health Park Dr, Libby, MT, 59923, USA","ShortLabel":"209 Health Park Dr","Addr_type":"PointAddress","Type":"","PlaceName":"","Place_addr":"209 Health Park Dr, Libby, Montana, 59923","Phone":"","URL":"","Rank":19.5,"AddBldg":"","AddNum":"209","AddNumFrom":"","AddNumTo":"","AddRange":"","Side":"","StPreDir":"","StPreType":"","StName":"Health Park","StType":"Dr","StDir":"","BldgComp":"","BldgType":"","BldgName":"","LevelType":"","LevelName":"","UnitType":"","UnitName":"","RoomType":"","RoomName":"","WingType":"","WingName":"","SubAddr":"","StAddr":"209 Health Park Dr","Block":"","Sector":"","Nbrhd":"","District":"","City":"Libby","MetroArea":"","Subregion":"Lincoln County","Region":"Montana","RegionAbbr":"MT","Territory":"","Zone":"","Postal":"59923","PostalExt":"2001","Country":"USA","CntryName":"United States","LangCode":"ENG","Distance":0,"X":-115.546295137865,"Y":48.392539917674,"DisplayX":-115.54613537879,"DisplayY":48.392076230790998,"Xmin":-115.54713537879,"Xmax":-115.54513537878999,"Ymin":48.391076230791001,"Ymax":48.393076230791003,"ExInfo":"","MatchID":"AQHF+wAAmBwCAJUBBAAAAAAMEUhFQUxUSCBQQVJLIERSSVZFFQMyMDlmA0VORw","PotentialID":"","StrucType":"","StrucDet":"","IN_Address":"209 HEALTH PARK DRIVE","IN_Address2":null,"IN_Address3":null,"IN_Neighborhood":null,"IN_City":"LIBBY","IN_Subregion":"LINCOLN","IN_Region":"MT","IN_Postal":"59923","IN_PostalExt":null,"IN_CountryCode":null,"USER_TARGET_FID":40,"USER_ID":2859923,"USER_NAME":"CABINET PEAKS MEDICAL CENTER","USER_ADDRESS":"209 HEALTH PARK DRIVE","USER_CITY":"LIBBY","USER_STATE":"MT","USER_ZIP":59923,"USER_TELEPHONE":"(406) 283-7000","USER_TYPE":"CRITICAL ACCESS","USER_COUNTY":"LINCOLN","USER_LATITUDE":48.391545569999998,"USER_LONGITUDE":-115.547972,"USER_SOURCE":"http://dphhs.mt.gov/qad/healthcarefacilitieslist","USER_SOURCEDATE":1596844800000,"USER_WEBSITE":"http://www.cabinetpeaks.org/","USER_OWNER":"NON-PROFIT","USER_BEDS":25,"USER_TRAUMA":"NOT AVAILABLE","USER_HELIPAD":"N","USER_hosp_cnt":1,"USER_HSA_label":"LIBBY","USER_LnD":1,"USER_Pediatric":1,"USER_Gyn":1,"USER_MFM":0,"USER_CriticalAccess":1,"USER_Acute_care":1}},{"type":"Feature","id":34,"geometry":{"type":"Point","coordinates":[-112.34727879478562,43.193324182105414]},"properties":{"ObjectID":34,"Loc_name":"World","Status":"M","Score":98.480000000000004,"Match_type":"A","Match_addr":"98 Poplar St, Blackfoot, Idaho, 83221","LongLabel":"98 Poplar St, Blackfoot, ID, 83221, USA","ShortLabel":"98 Poplar St","Addr_type":"PointAddress","Type":"","PlaceName":"","Place_addr":"98 Poplar St, Blackfoot, Idaho, 83221","Phone":"","URL":"","Rank":19.5,"AddBldg":"","AddNum":"98","AddNumFrom":"","AddNumTo":"","AddRange":"","Side":"","StPreDir":"","StPreType":"","StName":"Poplar","StType":"St","StDir":"","BldgComp":"","BldgType":"","BldgName":"","LevelType":"","LevelName":"","UnitType":"","UnitName":"","RoomType":"","RoomName":"","WingType":"","WingName":"","SubAddr":"","StAddr":"98 Poplar St","Block":"","Sector":"","Nbrhd":"","District":"","City":"Blackfoot","MetroArea":"","Subregion":"Bingham County","Region":"Idaho","RegionAbbr":"ID","Territory":"","Zone":"","Postal":"83221","PostalExt":"1799","Country":"USA","CntryName":"United States","LangCode":"ENG","Distance":0,"X":-112.34740440377399,"Y":43.193321192261003,"DisplayX":-112.34726660528599,"DisplayY":43.193317923319,"Xmin":-112.348266605286,"Xmax":-112.346266605286,"Ymin":43.192317923319003,"Ymax":43.194317923318998,"ExInfo":"","MatchID":"AQFECAEASQgCAJUBBAAAAAAMDVBPUExBUiBTVFJFRVQVAjk4ZgNFTkc","PotentialID":"","StrucType":"Commercial","StrucDet":"","IN_Address":"98 POPLAR STREET","IN_Address2":null,"IN_Address3":null,"IN_Neighborhood":null,"IN_City":"BLACKFOOT","IN_Subregion":"BINGHAM","IN_Region":"ID","IN_Postal":"83221","IN_PostalExt":null,"IN_CountryCode":null,"USER_TARGET_FID":45,"USER_ID":1583221,"USER_NAME":"BINGHAM MEMORIAL HOSPITAL","USER_ADDRESS":"98 POPLAR STREET","USER_CITY":"BLACKFOOT","USER_STATE":"ID","USER_ZIP":83221,"USER_TELEPHONE":"(208) 785-4100","USER_TYPE":"GENERAL ACUTE CARE","USER_COUNTY":"BINGHAM","USER_LATITUDE":43.193239720000001,"USER_LONGITUDE":-112.34683130000001,"USER_SOURCE":"http://healthandwelfare.idaho.gov/portals/0/medical/licensingcertification/alphahospital.pdf","USER_SOURCEDATE":1596844800000,"USER_WEBSITE":"http://www.binghammemorial.org","USER_OWNER":"NON-PROFIT","USER_BEDS":25,"USER_TRAUMA":"NOT AVAILABLE","USER_HELIPAD":"Y","USER_hosp_cnt":1,"USER_HSA_label":"BLACKFOOT","USER_LnD":1,"USER_Pediatric":1,"USER_Gyn":1,"USER_MFM":0,"USER_CriticalAccess":0,"USER_Acute_care":1}},{"type":"Feature","id":35,"geometry":{"type":"Point","coordinates":[-117.05461136510807,46.402771133163327]},"properties":{"ObjectID":35,"Loc_name":"World","Status":"M","Score":98.480000000000004,"Match_type":"A","Match_addr":"1221 Highland Ave, Clarkston, Washington, 99403","LongLabel":"1221 Highland Ave, Clarkston, WA, 99403, USA","ShortLabel":"1221 Highland Ave","Addr_type":"PointAddress","Type":"","PlaceName":"","Place_addr":"1221 Highland Ave, Clarkston, Washington, 99403","Phone":"","URL":"","Rank":19.5,"AddBldg":"","AddNum":"1221","AddNumFrom":"","AddNumTo":"","AddRange":"","Side":"","StPreDir":"","StPreType":"","StName":"Highland","StType":"Ave","StDir":"","BldgComp":"","BldgType":"","BldgName":"","LevelType":"","LevelName":"","UnitType":"","UnitName":"","RoomType":"","RoomName":"","WingType":"","WingName":"","SubAddr":"","StAddr":"1221 Highland Ave","Block":"","Sector":"","Nbrhd":"","District":"","City":"Clarkston","MetroArea":"","Subregion":"Asotin County","Region":"Washington","RegionAbbr":"WA","Territory":"","Zone":"","Postal":"99403","PostalExt":"2829","Country":"USA","CntryName":"United States","LangCode":"ENG","Distance":0,"X":-117.05429842558399,"Y":46.403613954969998,"DisplayX":-117.054597659528,"DisplayY":46.402765035816998,"Xmin":-117.055597659528,"Xmax":-117.05359765952799,"Ymin":46.401765035817,"Ymax":46.403765035817003,"ExInfo":"","MatchID":"AQHh9QAA0hQCAJUBBAAAAAAMD0hJR0hMQU5EIEFWRU5VRRUEMTIyMWYDRU5H","PotentialID":"","StrucType":"Commercial","StrucDet":"","IN_Address":"1221 HIGHLAND AVENUE","IN_Address2":null,"IN_Address3":null,"IN_Neighborhood":null,"IN_City":"CLARKSTON","IN_Subregion":"ASOTIN","IN_Region":"WA","IN_Postal":"99403","IN_PostalExt":null,"IN_CountryCode":null,"USER_TARGET_FID":42,"USER_ID":4099403,"USER_NAME":"TRI-STATE MEMORIAL HOSPITAL","USER_ADDRESS":"1221 HIGHLAND AVENUE","USER_CITY":"CLARKSTON","USER_STATE":"WA","USER_ZIP":99403,"USER_TELEPHONE":"(509) 758-5511","USER_TYPE":"CRITICAL ACCESS","USER_COUNTY":"ASOTIN","USER_LATITUDE":46.402553689999998,"USER_LONGITUDE":-117.0547613,"USER_SOURCE":"https://fortress.wa.gov/doh/facilitysearch/default.aspx","USER_SOURCEDATE":1596931200000,"USER_WEBSITE":"www.tristatehospital.org","USER_OWNER":"NON-PROFIT","USER_BEDS":25,"USER_TRAUMA":"LEVEL IV","USER_HELIPAD":"Y","USER_hosp_cnt":1,"USER_HSA_label":"CLARKSTON","USER_LnD":1,"USER_Pediatric":1,"USER_Gyn":1,"USER_MFM":0,"USER_CriticalAccess":1,"USER_Acute_care":1}},{"type":"Feature","id":36,"geometry":{"type":"Point","coordinates":[-116.32153293028522,48.702424168442626]},"properties":{"ObjectID":36,"Loc_name":"World","Status":"M","Score":98.480000000000004,"Match_type":"A","Match_addr":"6640 Kaniksu St, Bonners Ferry, Idaho, 83805","LongLabel":"6640 Kaniksu St, Bonners Ferry, ID, 83805, USA","ShortLabel":"6640 Kaniksu St","Addr_type":"PointAddress","Type":"","PlaceName":"","Place_addr":"6640 Kaniksu St, Bonners Ferry, Idaho, 83805","Phone":"","URL":"","Rank":19.5,"AddBldg":"","AddNum":"6640","AddNumFrom":"","AddNumTo":"","AddRange":"","Side":"","StPreDir":"","StPreType":"","StName":"Kaniksu","StType":"St","StDir":"","BldgComp":"","BldgType":"","BldgName":"","LevelType":"","LevelName":"","UnitType":"","UnitName":"","RoomType":"","RoomName":"","WingType":"","WingName":"","SubAddr":"","StAddr":"6640 Kaniksu St","Block":"","Sector":"","Nbrhd":"","District":"","City":"Bonners Ferry","MetroArea":"","Subregion":"Boundary County","Region":"Idaho","RegionAbbr":"ID","Territory":"","Zone":"","Postal":"83805","PostalExt":"7532","Country":"USA","CntryName":"United States","LangCode":"ENG","Distance":0,"X":-116.321517916546,"Y":48.702548923297996,"DisplayX":-116.32151883855499,"DisplayY":48.702417830332003,"Xmin":-116.322518838555,"Xmax":-116.320518838555,"Ymin":48.701417830331998,"Ymax":48.703417830332,"ExInfo":"","MatchID":"AQG++AAAzh0CAJUBBAAAAAAMDktBTklLU1UgU1RSRUVUFQQ2NjQwZgNFTkc","PotentialID":"","StrucType":"","StrucDet":"","IN_Address":"6640 KANIKSU STREET","IN_Address2":null,"IN_Address3":null,"IN_Neighborhood":null,"IN_City":"BONNERS FERRY","IN_Subregion":"BOUNDARY","IN_Region":"ID","IN_Postal":"83805","IN_PostalExt":null,"IN_CountryCode":null,"USER_TARGET_FID":50,"USER_ID":1683805,"USER_NAME":"BOUNDARY COMMUNITY HOSPITAL","USER_ADDRESS":"6640 KANIKSU STREET","USER_CITY":"BONNERS FERRY","USER_STATE":"ID","USER_ZIP":83805,"USER_TELEPHONE":"(208) 267-3141","USER_TYPE":"GENERAL ACUTE CARE","USER_COUNTY":"BOUNDARY","USER_LATITUDE":48.702301079999998,"USER_LONGITUDE":-116.32108150000001,"USER_SOURCE":"http://healthandwelfare.idaho.gov/portals/0/medical/licensingcertification/alphahospital.pdf","USER_SOURCEDATE":1596844800000,"USER_WEBSITE":"http://www.boundaryhospital.org","USER_OWNER":"GOVERNMENT - LOCAL","USER_BEDS":20,"USER_TRAUMA":"NOT AVAILABLE","USER_HELIPAD":"Y","USER_hosp_cnt":1,"USER_HSA_label":"BONNERS FERRY","USER_LnD":0,"USER_Pediatric":1,"USER_Gyn":1,"USER_MFM":0,"USER_CriticalAccess":1,"USER_Acute_care":1}},{"type":"Feature","id":37,"geometry":{"type":"Point","coordinates":[-118.10495064013728,45.319481920626657]},"properties":{"ObjectID":37,"Loc_name":"World","Status":"M","Score":98.480000000000004,"Match_type":"A","Match_addr":"900 Sunset Dr, La Grande, Oregon, 97850","LongLabel":"900 Sunset Dr, La Grande, OR, 97850, USA","ShortLabel":"900 Sunset Dr","Addr_type":"PointAddress","Type":"","PlaceName":"","Place_addr":"900 Sunset Dr, La Grande, Oregon, 97850","Phone":"","URL":"","Rank":19.5,"AddBldg":"","AddNum":"900","AddNumFrom":"","AddNumTo":"","AddRange":"","Side":"","StPreDir":"","StPreType":"","StName":"Sunset","StType":"Dr","StDir":"","BldgComp":"","BldgType":"","BldgName":"","LevelType":"","LevelName":"","UnitType":"","UnitName":"","RoomType":"","RoomName":"","WingType":"","WingName":"","SubAddr":"","StAddr":"900 Sunset Dr","Block":"","Sector":"","Nbrhd":"","District":"","City":"La Grande","MetroArea":"","Subregion":"Union County","Region":"Oregon","RegionAbbr":"OR","Territory":"","Zone":"","Postal":"97850","PostalExt":"1387","Country":"USA","CntryName":"United States","LangCode":"ENG","Distance":0,"X":-118.104934700814,"Y":45.319477014858002,"DisplayX":-118.104936963927,"DisplayY":45.319476009029998,"Xmin":-118.10593696392699,"Xmax":-118.103936963927,"Ymin":45.31847600903,"Ymax":45.320476009030003,"ExInfo":"","MatchID":"AQHH8QAAlxACAJUBBAAAAAAMDFNVTlNFVCBEUklWRRUDOTAwZgNFTkc","PotentialID":"","StrucType":"","StrucDet":"","IN_Address":"900 SUNSET DRIVE","IN_Address2":null,"IN_Address3":null,"IN_Neighborhood":null,"IN_City":"LA GRANDE","IN_Subregion":"UNION","IN_Region":"OR","IN_Postal":"97850","IN_PostalExt":null,"IN_CountryCode":null,"USER_TARGET_FID":48,"USER_ID":1397850,"USER_NAME":"GRANDE RONDE HOSPITAL","USER_ADDRESS":"900 SUNSET DRIVE","USER_CITY":"LA GRANDE","USER_STATE":"OR","USER_ZIP":97850,"USER_TELEPHONE":"NOT AVAILABLE","USER_TYPE":"CRITICAL ACCESS","USER_COUNTY":"UNION","USER_LATITUDE":45.319427189999999,"USER_LONGITUDE":-118.10607039999999,"USER_SOURCE":"https://public.health.oregon.gov/providerpartnerresources/healthcareprovidersfacilities/healthcarehealthcareregulationqualityimprovement/pages/forms.aspx#hospital","USER_SOURCEDATE":1596931200000,"USER_WEBSITE":"www.grh.org","USER_OWNER":"NON-PROFIT","USER_BEDS":25,"USER_TRAUMA":"LEVEL IV","USER_HELIPAD":"Y","USER_hosp_cnt":1,"USER_HSA_label":"LA GRANDE","USER_LnD":1,"USER_Pediatric":1,"USER_Gyn":1,"USER_MFM":0,"USER_CriticalAccess":1,"USER_Acute_care":1}},{"type":"Feature","id":38,"geometry":{"type":"Point","coordinates":[-116.90386343367886,47.713433140342495]},"properties":{"ObjectID":38,"Loc_name":"World","Status":"M","Score":98.489999999999995,"Match_type":"A","Match_addr":"600 N Cecil Rd, Post Falls, Idaho, 83854","LongLabel":"600 N Cecil Rd, Post Falls, ID, 83854, USA","ShortLabel":"600 N Cecil Rd","Addr_type":"PointAddress","Type":"","PlaceName":"","Place_addr":"600 N Cecil Rd, Post Falls, Idaho, 83854","Phone":"","URL":"","Rank":19.5,"AddBldg":"","AddNum":"600","AddNumFrom":"","AddNumTo":"","AddRange":"","Side":"","StPreDir":"N","StPreType":"","StName":"Cecil","StType":"Rd","StDir":"","BldgComp":"","BldgType":"","BldgName":"","LevelType":"","LevelName":"","UnitType":"","UnitName":"","RoomType":"","RoomName":"","WingType":"","WingName":"","SubAddr":"","StAddr":"600 N Cecil Rd","Block":"","Sector":"","Nbrhd":"","District":"","City":"Post Falls","MetroArea":"","Subregion":"Kootenai County","Region":"Idaho","RegionAbbr":"ID","Territory":"","Zone":"","Postal":"83854","PostalExt":"6200","Country":"USA","CntryName":"United States","LangCode":"ENG","Distance":0,"X":-116.90384678398399,"Y":47.713428441302,"DisplayX":-116.90384946619299,"DisplayY":47.713426932559003,"Xmin":-116.904849466193,"Xmax":-116.902849466193,"Ymin":47.712426932558998,"Ymax":47.714426932559,"ExInfo":"","MatchID":"AQF49gAA8RkCAJUBBAAAAAAMEE5PUlRIIENFQ0lMIFJPQUQVAzYwMGYDRU5H","PotentialID":"","StrucType":"Commercial","StrucDet":"","IN_Address":"600 N. CECIL ROAD","IN_Address2":null,"IN_Address3":null,"IN_Neighborhood":null,"IN_City":"POST FALLS","IN_Subregion":"KOOTENAI","IN_Region":"ID","IN_Postal":"83854","IN_PostalExt":null,"IN_CountryCode":null,"USER_TARGET_FID":46,"USER_ID":2983854,"USER_NAME":"NORTHERN IDAHO ADVANCED CARE HOSPITAL","USER_ADDRESS":"600 N. CECIL ROAD","USER_CITY":"POST FALLS","USER_STATE":"ID","USER_ZIP":83854,"USER_TELEPHONE":"(208) 262-2800","USER_TYPE":"LONG TERM CARE","USER_COUNTY":"KOOTENAI","USER_LATITUDE":47.71345693,"USER_LONGITUDE":-116.9038657,"USER_SOURCE":"http://healthandwelfare.idaho.gov/portals/0/medical/licensingcertification/alphahospital.pdf","USER_SOURCEDATE":1596844800000,"USER_WEBSITE":"http://www.niach.ernesthealth.com","USER_OWNER":"PROPRIETARY","USER_BEDS":40,"USER_TRAUMA":"NOT AVAILABLE","USER_HELIPAD":"N","USER_hosp_cnt":1,"USER_HSA_label":"COEUR D'ALENE","USER_LnD":0,"USER_Pediatric":0,"USER_Gyn":0,"USER_MFM":0,"USER_CriticalAccess":0,"USER_Acute_care":0}},{"type":"Feature","id":39,"geometry":{"type":"Point","coordinates":[-110.9305487835547,42.717520322103354]},"properties":{"ObjectID":39,"Loc_name":"World","Status":"M","Score":98.480000000000004,"Match_type":"A","Match_addr":"901 Adams St, Afton, Wyoming, 83110","LongLabel":"901 Adams St, Afton, WY, 83110, USA","ShortLabel":"901 Adams St","Addr_type":"PointAddress","Type":"","PlaceName":"","Place_addr":"901 Adams St, Afton, Wyoming, 83110","Phone":"","URL":"","Rank":19.5,"AddBldg":"","AddNum":"901","AddNumFrom":"","AddNumTo":"","AddRange":"","Side":"","StPreDir":"","StPreType":"","StName":"Adams","StType":"St","StDir":"","BldgComp":"","BldgType":"","BldgName":"","LevelType":"","LevelName":"","UnitType":"","UnitName":"","RoomType":"","RoomName":"","WingType":"","WingName":"","SubAddr":"","StAddr":"901 Adams St","Block":"","Sector":"","Nbrhd":"","District":"","City":"Afton","MetroArea":"","Subregion":"Lincoln County","Region":"Wyoming","RegionAbbr":"WY","Territory":"","Zone":"","Postal":"83110","PostalExt":"9621","Country":"USA","CntryName":"United States","LangCode":"ENG","Distance":0,"X":-110.931426953027,"Y":42.717525392173997,"DisplayX":-110.930536962548,"DisplayY":42.717513992785001,"Xmin":-110.93153696254799,"Xmax":-110.929536962548,"Ymin":42.716513992785003,"Ymax":42.718513992784999,"ExInfo":"","MatchID":"AQHNDQEAbQYCAJUBBAAAAAAMDEFEQU1TIFNUUkVFVBUDOTAxZgNFTkc","PotentialID":"","StrucType":"","StrucDet":"","IN_Address":"901 ADAMS STREET","IN_Address2":null,"IN_Address3":null,"IN_Neighborhood":null,"IN_City":"AFTON","IN_Subregion":"LINCOLN","IN_Region":"WY","IN_Postal":"83110","IN_PostalExt":null,"IN_CountryCode":null,"USER_TARGET_FID":53,"USER_ID":4183110,"USER_NAME":"STAR VALLEY HEALTH","USER_ADDRESS":"901 ADAMS STREET","USER_CITY":"AFTON","USER_STATE":"WY","USER_ZIP":83110,"USER_TELEPHONE":"(307) 885-5800","USER_TYPE":"CRITICAL ACCESS","USER_COUNTY":"LINCOLN","USER_LATITUDE":42.717329919999997,"USER_LONGITUDE":-110.9304375,"USER_SOURCE":"https://health.wyo.gov/aging/hls/healthcare-facility-directory/","USER_SOURCEDATE":1597190400000,"USER_WEBSITE":"http://www.svmcwy.org","USER_OWNER":"GOVERNMENT - DISTRICT/AUTHORITY","USER_BEDS":22,"USER_TRAUMA":"CTH","USER_HELIPAD":"Y","USER_hosp_cnt":1,"USER_HSA_label":"AFTON","USER_LnD":1,"USER_Pediatric":1,"USER_Gyn":1,"USER_MFM":0,"USER_CriticalAccess":1,"USER_Acute_care":1}},{"type":"Feature","id":40,"geometry":{"type":"Point","coordinates":[-109.07317274578679,44.526653515683783]},"properties":{"ObjectID":40,"Loc_name":"World","Status":"M","Score":98.480000000000004,"Match_type":"A","Match_addr":"707 Sheridan Ave, Cody, Wyoming, 82414","LongLabel":"707 Sheridan Ave, Cody, WY, 82414, USA","ShortLabel":"707 Sheridan Ave","Addr_type":"PointAddress","Type":"","PlaceName":"","Place_addr":"707 Sheridan Ave, Cody, Wyoming, 82414","Phone":"","URL":"","Rank":19.5,"AddBldg":"","AddNum":"707","AddNumFrom":"","AddNumTo":"","AddRange":"","Side":"","StPreDir":"","StPreType":"","StName":"Sheridan","StType":"Ave","StDir":"","BldgComp":"","BldgType":"","BldgName":"","LevelType":"","LevelName":"","UnitType":"","UnitName":"","RoomType":"","RoomName":"","WingType":"","WingName":"","SubAddr":"","StAddr":"707 Sheridan Ave","Block":"","Sector":"","Nbrhd":"","District":"","City":"Cody","MetroArea":"","Subregion":"Park County","Region":"Wyoming","RegionAbbr":"WY","Territory":"","Zone":"","Postal":"82414","PostalExt":"3493","Country":"USA","CntryName":"United States","LangCode":"ENG","Distance":0,"X":-109.07315826465999,"Y":44.526100165456,"DisplayX":-109.073161030688,"DisplayY":44.526646833180997,"Xmin":-109.074161030688,"Xmax":-109.07216103068799,"Ymin":44.525646833181,"Ymax":44.527646833181002,"ExInfo":"","MatchID":"AQEOFQEAfg0CAJUBBAAAAAAMD1NIRVJJREFOIEFWRU5VRRUDNzA3ZgNFTkc","PotentialID":"","StrucType":"","StrucDet":"","IN_Address":"707 SHERIDAN AVENUE","IN_Address2":null,"IN_Address3":null,"IN_Neighborhood":null,"IN_City":"CODY","IN_Subregion":"PARK","IN_Region":"WY","IN_Postal":"82414","IN_PostalExt":null,"IN_CountryCode":null,"USER_TARGET_FID":54,"USER_ID":182414,"USER_NAME":"CODY REGIONAL HEALTH","USER_ADDRESS":"707 SHERIDAN AVENUE","USER_CITY":"CODY","USER_STATE":"WY","USER_ZIP":82414,"USER_TELEPHONE":"(307) 527-7501","USER_TYPE":"CRITICAL ACCESS","USER_COUNTY":"PARK","USER_LATITUDE":44.526595239999999,"USER_LONGITUDE":-109.0732833,"USER_SOURCE":"https://health.wyo.gov/aging/hls/healthcare-facility-directory/","USER_SOURCEDATE":1597190400000,"USER_WEBSITE":"http://www.westparkhospital.org","USER_OWNER":"GOVERNMENT - DISTRICT/AUTHORITY","USER_BEDS":25,"USER_TRAUMA":"CTH","USER_HELIPAD":"Y","USER_hosp_cnt":1,"USER_HSA_label":"CODY","USER_LnD":1,"USER_Pediatric":1,"USER_Gyn":1,"USER_MFM":0,"USER_CriticalAccess":1,"USER_Acute_care":1}},{"type":"Feature","id":41,"geometry":{"type":"Point","coordinates":[-114.32355592443324,48.214769368349273]},"properties":{"ObjectID":41,"Loc_name":"World","Status":"M","Score":98.480000000000004,"Match_type":"A","Match_addr":"310 Sunnyview Ln, Kalispell, Montana, 59901","LongLabel":"310 Sunnyview Ln, Kalispell, MT, 59901, USA","ShortLabel":"310 Sunnyview Ln","Addr_type":"PointAddress","Type":"","PlaceName":"","Place_addr":"310 Sunnyview Ln, Kalispell, Montana, 59901","Phone":"","URL":"","Rank":19.5,"AddBldg":"","AddNum":"310","AddNumFrom":"","AddNumTo":"","AddRange":"","Side":"","StPreDir":"","StPreType":"","StName":"Sunnyview","StType":"Ln","StDir":"","BldgComp":"","BldgType":"","BldgName":"","LevelType":"","LevelName":"","UnitType":"","UnitName":"","RoomType":"","RoomName":"","WingType":"","WingName":"","SubAddr":"","StAddr":"310 Sunnyview Ln","Block":"","Sector":"","Nbrhd":"","District":"","City":"Kalispell","MetroArea":"","Subregion":"Flathead County","Region":"Montana","RegionAbbr":"MT","Territory":"","Zone":"","Postal":"59901","PostalExt":"3199","Country":"USA","CntryName":"United States","LangCode":"ENG","Distance":0,"X":-114.32477566149301,"Y":48.215553266096002,"DisplayX":-114.32354234826001,"DisplayY":48.214762852626997,"Xmin":-114.32454234826,"Xmax":-114.32254234826,"Ymin":48.213762852626999,"Ymax":48.215762852627002,"ExInfo":"","MatchID":"AQGMAAEA5hsCAJUBBAAAAAAMDlNVTk5ZVklFVyBMQU5FFQMzMTBmA0VORw","PotentialID":"","StrucType":"","StrucDet":"","IN_Address":"310 SUNNYVIEW LN","IN_Address2":null,"IN_Address3":null,"IN_Neighborhood":null,"IN_City":"KALISPELL","IN_Subregion":"FLATHEAD","IN_Region":"MT","IN_Postal":"59901","IN_PostalExt":null,"IN_CountryCode":null,"USER_TARGET_FID":52,"USER_ID":5359901,"USER_NAME":"KALISPELL REGIONAL MEDICAL CENTER","USER_ADDRESS":"310 SUNNYVIEW LN","USER_CITY":"KALISPELL","USER_STATE":"MT","USER_ZIP":59901,"USER_TELEPHONE":"(406) 752-5111","USER_TYPE":"GENERAL ACUTE CARE","USER_COUNTY":"FLATHEAD","USER_LATITUDE":48.213927730000002,"USER_LONGITUDE":-114.3240192,"USER_SOURCE":"http://dphhs.mt.gov/qad/healthcarefacilitieslist","USER_SOURCEDATE":1596844800000,"USER_WEBSITE":"http://www.krmc.org","USER_OWNER":"NON-PROFIT","USER_BEDS":178,"USER_TRAUMA":"ATH","USER_HELIPAD":"Y","USER_hosp_cnt":1,"USER_HSA_label":"KALISPELL","USER_LnD":1,"USER_Pediatric":1,"USER_Gyn":1,"USER_MFM":1,"USER_CriticalAccess":0,"USER_Acute_care":1}},{"type":"Feature","id":42,"geometry":{"type":"Point","coordinates":[-114.49613649336975,42.590479019976129]},"properties":{"ObjectID":42,"Loc_name":"World","Status":"M","Score":100,"Match_type":"A","Match_addr":"801 Pole Line Rd W, Twin Falls, Idaho, 83301","LongLabel":"801 Pole Line Rd W, Twin Falls, ID, 83301, USA","ShortLabel":"801 Pole Line Rd W","Addr_type":"PointAddress","Type":"","PlaceName":"","Place_addr":"801 Pole Line Rd W, Twin Falls, Idaho, 83301","Phone":"","URL":"","Rank":19.5,"AddBldg":"","AddNum":"801","AddNumFrom":"","AddNumTo":"","AddRange":"","Side":"","StPreDir":"","StPreType":"","StName":"Pole Line","StType":"Rd","StDir":"W","BldgComp":"","BldgType":"","BldgName":"","LevelType":"","LevelName":"","UnitType":"","UnitName":"","RoomType":"","RoomName":"","WingType":"","WingName":"","SubAddr":"","StAddr":"801 Pole Line Rd W","Block":"","Sector":"","Nbrhd":"","District":"","City":"Twin Falls","MetroArea":"","Subregion":"Twin Falls County","Region":"Idaho","RegionAbbr":"ID","Territory":"","Zone":"","Postal":"83301","PostalExt":"5810","Country":"USA","CntryName":"United States","LangCode":"ENG","Distance":0,"X":-114.4961242259,"Y":42.591567934765997,"DisplayX":-114.49612397444299,"DisplayY":42.590473006754003,"Xmin":-114.497123974443,"Xmax":-114.495123974443,"Ymin":42.589473006753998,"Ymax":42.591473006754001,"ExInfo":"","MatchID":"AQHf/wAA7gUCAJUBBAAAAAAME1BPTEUgTElORSBST0FEIFdFU1QVAzgwMWYDRU5H","PotentialID":"","StrucType":"Commercial","StrucDet":"","IN_Address":"801 POLE LINE RD W","IN_Address2":null,"IN_Address3":null,"IN_Neighborhood":null,"IN_City":"TWIN FALLS","IN_Subregion":"TWIN FALLS","IN_Region":"ID","IN_Postal":"83301","IN_PostalExt":null,"IN_CountryCode":null,"USER_TARGET_FID":44,"USER_ID":3683301,"USER_NAME":"ST LUKE'S MAGIC VALLEY RMC","USER_ADDRESS":"801 POLE LINE RD W","USER_CITY":"TWIN FALLS","USER_STATE":"ID","USER_ZIP":83301,"USER_TELEPHONE":"(208) 814-1000","USER_TYPE":"GENERAL ACUTE CARE","USER_COUNTY":"TWIN FALLS","USER_LATITUDE":42.590315410000002,"USER_LONGITUDE":-114.4963336,"USER_SOURCE":"http://healthandwelfare.idaho.gov/portals/0/medical/licensingcertification/alphahospital.pdf","USER_SOURCEDATE":1596844800000,"USER_WEBSITE":"http://www.stlukesonline.org","USER_OWNER":"NON-PROFIT","USER_BEDS":224,"USER_TRAUMA":"NOT AVAILABLE","USER_HELIPAD":"Y","USER_hosp_cnt":4,"USER_HSA_label":"TWIN FALLS","USER_LnD":1,"USER_Pediatric":1,"USER_Gyn":1,"USER_MFM":1,"USER_CriticalAccess":0,"USER_Acute_care":1}},{"type":"Feature","id":43,"geometry":{"type":"Point","coordinates":[-110.99039662559903,41.243206418226656]},"properties":{"ObjectID":43,"Loc_name":"World","Status":"M","Score":98.480000000000004,"Match_type":"A","Match_addr":"190 Arrowhead Dr, Evanston, Wyoming, 82930","LongLabel":"190 Arrowhead Dr, Evanston, WY, 82930, USA","ShortLabel":"190 Arrowhead Dr","Addr_type":"PointAddress","Type":"","PlaceName":"","Place_addr":"190 Arrowhead Dr, Evanston, Wyoming, 82930","Phone":"","URL":"","Rank":19.5,"AddBldg":"","AddNum":"190","AddNumFrom":"","AddNumTo":"","AddRange":"","Side":"","StPreDir":"","StPreType":"","StName":"Arrowhead","StType":"Dr","StDir":"","BldgComp":"","BldgType":"","BldgName":"","LevelType":"","LevelName":"","UnitType":"","UnitName":"","RoomType":"","RoomName":"","WingType":"","WingName":"","SubAddr":"","StAddr":"190 Arrowhead Dr","Block":"","Sector":"","Nbrhd":"","District":"","City":"Evanston","MetroArea":"","Subregion":"Uinta County","Region":"Wyoming","RegionAbbr":"WY","Territory":"","Zone":"","Postal":"82930","PostalExt":"9266","Country":"USA","CntryName":"United States","LangCode":"ENG","Distance":0,"X":-110.99037168128,"Y":41.242252430526001,"DisplayX":-110.990385008506,"DisplayY":41.243200256137001,"Xmin":-110.991385008506,"Xmax":-110.98938500850601,"Ymin":41.242200256136996,"Ymax":41.244200256136999,"ExInfo":"","MatchID":"AQGRDQEAqwACAJUBBAAAAAAMD0FSUk9XSEVBRCBEUklWRRUDMTkwZgNFTkc","PotentialID":"","StrucType":"Commercial","StrucDet":"Medical","IN_Address":"190 ARROWHEAD DRIVE","IN_Address2":null,"IN_Address3":null,"IN_Neighborhood":null,"IN_City":"EVANSTON","IN_Subregion":"UINTA","IN_Region":"WY","IN_Postal":"82930","IN_PostalExt":null,"IN_CountryCode":null,"USER_TARGET_FID":55,"USER_ID":3582930,"USER_NAME":"EVANSTON REGIONAL HOSPITAL","USER_ADDRESS":"190 ARROWHEAD DRIVE","USER_CITY":"EVANSTON","USER_STATE":"WY","USER_ZIP":82930,"USER_TELEPHONE":"(307) 789-3636","USER_TYPE":"GENERAL ACUTE CARE","USER_COUNTY":"UINTA","USER_LATITUDE":41.243348269999998,"USER_LONGITUDE":-110.9904981,"USER_SOURCE":"https://health.wyo.gov/aging/hls/healthcare-facility-directory/","USER_SOURCEDATE":1597190400000,"USER_WEBSITE":"http://www.evanstonregionalhospital.com","USER_OWNER":"PROPRIETARY","USER_BEDS":42,"USER_TRAUMA":"CTH","USER_HELIPAD":"Y","USER_hosp_cnt":1,"USER_HSA_label":"EVANSTON","USER_LnD":2,"USER_Pediatric":1,"USER_Gyn":1,"USER_MFM":0,"USER_CriticalAccess":0,"USER_Acute_care":1}},{"type":"Feature","id":44,"geometry":{"type":"Point","coordinates":[-110.54136363953198,41.789622239155975]},"properties":{"ObjectID":44,"Loc_name":"World","Status":"M","Score":98.480000000000004,"Match_type":"A","Match_addr":"711 Onyx St, Kemmerer, Wyoming, 83101","LongLabel":"711 Onyx St, Kemmerer, WY, 83101, USA","ShortLabel":"711 Onyx St","Addr_type":"PointAddress","Type":"","PlaceName":"","Place_addr":"711 Onyx St, Kemmerer, Wyoming, 83101","Phone":"","URL":"","Rank":19.5,"AddBldg":"","AddNum":"711","AddNumFrom":"","AddNumTo":"","AddRange":"","Side":"","StPreDir":"","StPreType":"","StName":"Onyx","StType":"St","StDir":"","BldgComp":"","BldgType":"","BldgName":"","LevelType":"","LevelName":"","UnitType":"","UnitName":"","RoomType":"","RoomName":"","WingType":"","WingName":"","SubAddr":"","StAddr":"711 Onyx St","Block":"","Sector":"","Nbrhd":"","District":"","City":"Kemmerer","MetroArea":"","Subregion":"Lincoln County","Region":"Wyoming","RegionAbbr":"WY","Territory":"","Zone":"","Postal":"83101","PostalExt":"3214","Country":"USA","CntryName":"United States","LangCode":"ENG","Distance":0,"X":-110.541351367972,"Y":41.789386734268,"DisplayX":-110.541352038524,"DisplayY":41.789615979319997,"Xmin":-110.542352038524,"Xmax":-110.54035203852401,"Ymin":41.788615979319999,"Ymax":41.790615979320002,"ExInfo":"","MatchID":"AQFSDwEAzQICAJUBBAAAAAAMC09OWVggU1RSRUVUFQM3MTFmA0VORw","PotentialID":"","StrucType":"","StrucDet":"","IN_Address":"711 ONYX STREET","IN_Address2":null,"IN_Address3":null,"IN_Neighborhood":null,"IN_City":"KEMMERER","IN_Subregion":"LINCOLN","IN_Region":"WY","IN_Postal":"83101","IN_PostalExt":null,"IN_CountryCode":null,"USER_TARGET_FID":57,"USER_ID":1983101,"USER_NAME":"SOUTH LINCOLN MEDICAL CENTER","USER_ADDRESS":"711 ONYX STREET","USER_CITY":"KEMMERER","USER_STATE":"WY","USER_ZIP":83101,"USER_TELEPHONE":"(307) 877-4401","USER_TYPE":"CRITICAL ACCESS","USER_COUNTY":"LINCOLN","USER_LATITUDE":41.789708040000001,"USER_LONGITUDE":-110.5416944,"USER_SOURCE":"https://health.wyo.gov/aging/hls/healthcare-facility-directory/","USER_SOURCEDATE":1597190400000,"USER_WEBSITE":"http://www.southlincolnmedical.com","USER_OWNER":"GOVERNMENT - DISTRICT/AUTHORITY","USER_BEDS":16,"USER_TRAUMA":"TRF","USER_HELIPAD":"Y","USER_hosp_cnt":1,"USER_HSA_label":"KEMMERER","USER_LnD":0,"USER_Pediatric":1,"USER_Gyn":1,"USER_MFM":0,"USER_CriticalAccess":1,"USER_Acute_care":1}},{"type":"Feature","id":45,"geometry":{"type":"Point","coordinates":[-116.10720572200661,41.937114513023175]},"properties":{"ObjectID":45,"Loc_name":"World","Status":"M","Score":86,"Match_type":"A","Match_addr":"89832, Owyhee, Nevada","LongLabel":"89832, Owyhee, NV, USA","ShortLabel":"89832","Addr_type":"Postal","Type":"","PlaceName":"89832","Place_addr":"Owyhee, Nevada, 89832","Phone":"","URL":"","Rank":4.5,"AddBldg":"","AddNum":"","AddNumFrom":"","AddNumTo":"","AddRange":"","Side":"","StPreDir":"","StPreType":"","StName":"","StType":"","StDir":"","BldgComp":"","BldgType":"","BldgName":"","LevelType":"","LevelName":"","UnitType":"","UnitName":"","RoomType":"","RoomName":"","WingType":"","WingName":"","SubAddr":"","StAddr":"","Block":"","Sector":"","Nbrhd":"","District":"","City":"Owyhee","MetroArea":"","Subregion":"Elko County","Region":"Nevada","RegionAbbr":"NV","Territory":"","Zone":"","Postal":"89832","PostalExt":"","Country":"USA","CntryName":"United States","LangCode":"ENG","Distance":0,"X":-116.107193,"Y":41.937108700000003,"DisplayX":-116.107193,"DisplayY":41.937108700000003,"Xmin":-116.120193,"Xmax":-116.094193,"Ymin":41.924108699999998,"Ymax":41.950108700000001,"ExInfo":"1623 HOSPITAL LOOP","MatchID":"AQqU+QAAYQMCAJUBBAAAAAAOBTg5ODMyZgNFTkc","PotentialID":"","StrucType":"","StrucDet":"","IN_Address":"1623 HOSPITAL LOOP","IN_Address2":null,"IN_Address3":null,"IN_Neighborhood":null,"IN_City":"OWYHEE","IN_Subregion":"ELKO","IN_Region":"NV","IN_Postal":"89832","IN_PostalExt":null,"IN_CountryCode":null,"USER_TARGET_FID":59,"USER_ID":113689832,"USER_NAME":"PUBLIC HEALTH SERV INDIAN HOSP","USER_ADDRESS":"1623 HOSPITAL LOOP","USER_CITY":"OWYHEE","USER_STATE":"NV","USER_ZIP":89832,"USER_TELEPHONE":"NOT AVAILABLE","USER_TYPE":"CRITICAL ACCESS","USER_COUNTY":"ELKO","USER_LATITUDE":41.949891630000003,"USER_LONGITUDE":-116.097797,"USER_SOURCE":"http://dpbh.nv.gov/reg/healthfacilities/community_resources/","USER_SOURCEDATE":1596844800000,"USER_WEBSITE":"http://www.shopaitribes.org/spochf/","USER_OWNER":"NOT AVAILABLE","USER_BEDS":-999,"USER_TRAUMA":"NOT AVAILABLE","USER_HELIPAD":"Y","USER_hosp_cnt":1,"USER_HSA_label":"OWYHEE","USER_LnD":0,"USER_Pediatric":1,"USER_Gyn":1,"USER_MFM":0,"USER_CriticalAccess":1,"USER_Acute_care":1}},{"type":"Feature","id":46,"geometry":{"type":"Point","coordinates":[-111.01909288387004,45.670022539345446]},"properties":{"ObjectID":46,"Loc_name":"World","Status":"M","Score":98.480000000000004,"Match_type":"A","Match_addr":"915 Highland Blvd, Bozeman, Montana, 59715","LongLabel":"915 Highland Blvd, Bozeman, MT, 59715, USA","ShortLabel":"915 Highland Blvd","Addr_type":"PointAddress","Type":"","PlaceName":"","Place_addr":"915 Highland Blvd, Bozeman, Montana, 59715","Phone":"","URL":"","Rank":19.5,"AddBldg":"","AddNum":"915","AddNumFrom":"","AddNumTo":"","AddRange":"","Side":"","StPreDir":"","StPreType":"","StName":"Highland","StType":"Blvd","StDir":"","BldgComp":"","BldgType":"","BldgName":"","LevelType":"","LevelName":"","UnitType":"","UnitName":"","RoomType":"","RoomName":"","WingType":"","WingName":"","SubAddr":"","StAddr":"915 Highland Blvd","Block":"","Sector":"","Nbrhd":"","District":"","City":"Bozeman","MetroArea":"","Subregion":"Gallatin County","Region":"Montana","RegionAbbr":"MT","Territory":"","Zone":"","Postal":"59715","PostalExt":"6999","Country":"USA","CntryName":"United States","LangCode":"ENG","Distance":0,"X":-111.018363968944,"Y":45.668643967095001,"DisplayX":-111.01908053784599,"DisplayY":45.670015917005998,"Xmin":-111.020080537846,"Xmax":-111.018080537846,"Ymin":45.669015917006,"Ymax":45.671015917006002,"ExInfo":"","MatchID":"AQF0DQEA9hECAJUBBAAAAAAMEkhJR0hMQU5EIEJPVUxFVkFSRBUDOTE1ZgNFTkc","PotentialID":"","StrucType":"","StrucDet":"","IN_Address":"915 HIGHLAND BLVD","IN_Address2":null,"IN_Address3":null,"IN_Neighborhood":null,"IN_City":"BOZEMAN","IN_Subregion":"GALLATIN","IN_Region":"MT","IN_Postal":"59715","IN_PostalExt":null,"IN_CountryCode":null,"USER_TARGET_FID":56,"USER_ID":5459715,"USER_NAME":"BOZEMAN DEACONESS HOSPITAL","USER_ADDRESS":"915 HIGHLAND BLVD","USER_CITY":"BOZEMAN","USER_STATE":"MT","USER_ZIP":59715,"USER_TELEPHONE":"(406) 414-5000","USER_TYPE":"GENERAL ACUTE CARE","USER_COUNTY":"GALLATIN","USER_LATITUDE":45.670106740000001,"USER_LONGITUDE":-111.01971469999999,"USER_SOURCE":"http://dphhs.mt.gov/qad/healthcarefacilitieslist","USER_SOURCEDATE":1596844800000,"USER_WEBSITE":"http://www.bozemandeaconess.org","USER_OWNER":"NON-PROFIT","USER_BEDS":86,"USER_TRAUMA":"ATH","USER_HELIPAD":"Y","USER_hosp_cnt":1,"USER_HSA_label":"BOZEMAN","USER_LnD":1,"USER_Pediatric":1,"USER_Gyn":1,"USER_MFM":0,"USER_CriticalAccess":0,"USER_Acute_care":1}},{"type":"Feature","id":47,"geometry":{"type":"Point","coordinates":[-115.73039500764996,40.823367695212127]},"properties":{"ObjectID":47,"Loc_name":"World","Status":"M","Score":100,"Match_type":"A","Match_addr":"2001 Errecart Blvd, Elko, Nevada, 89801","LongLabel":"2001 Errecart Blvd, Elko, NV, 89801, USA","ShortLabel":"2001 Errecart Blvd","Addr_type":"PointAddress","Type":"","PlaceName":"","Place_addr":"2001 Errecart Blvd, Elko, Nevada, 89801","Phone":"","URL":"","Rank":19.5,"AddBldg":"","AddNum":"2001","AddNumFrom":"","AddNumTo":"","AddRange":"","Side":"","StPreDir":"","StPreType":"","StName":"Errecart","StType":"Blvd","StDir":"","BldgComp":"","BldgType":"","BldgName":"","LevelType":"","LevelName":"","UnitType":"","UnitName":"","RoomType":"","RoomName":"","WingType":"","WingName":"","SubAddr":"","StAddr":"2001 Errecart Blvd","Block":"","Sector":"","Nbrhd":"","District":"","City":"Elko","MetroArea":"","Subregion":"Elko County","Region":"Nevada","RegionAbbr":"NV","Territory":"","Zone":"","Postal":"89801","PostalExt":"8333","Country":"USA","CntryName":"United States","LangCode":"ENG","Distance":0,"X":-115.729087849953,"Y":40.822471632073999,"DisplayX":-115.73038251871699,"DisplayY":40.823361957829,"Xmin":-115.731382518717,"Xmax":-115.729382518717,"Ymin":40.822361957829003,"Ymax":40.824361957828998,"ExInfo":"","MatchID":"AQEN+wAAB/8BAJUBBAAAAAAMEkVSUkVDQVJUIEJPVUxFVkFSRBUEMjAwMWYDRU5H","PotentialID":"","StrucType":"Commercial","StrucDet":"Medical","IN_Address":"2001 ERRECART BOULEVARD","IN_Address2":null,"IN_Address3":null,"IN_Neighborhood":null,"IN_City":"ELKO","IN_Subregion":"ELKO","IN_Region":"NV","IN_Postal":"89801","IN_PostalExt":null,"IN_CountryCode":null,"USER_TARGET_FID":58,"USER_ID":4689801,"USER_NAME":"NORTHEASTERN NEVADA REGIONAL HOSPITAL","USER_ADDRESS":"2001 ERRECART BOULEVARD","USER_CITY":"ELKO","USER_STATE":"NV","USER_ZIP":89801,"USER_TELEPHONE":"(775) 738-5151","USER_TYPE":"GENERAL ACUTE CARE","USER_COUNTY":"ELKO","USER_LATITUDE":40.823443769999997,"USER_LONGITUDE":-115.730631,"USER_SOURCE":"http://dpbh.nv.gov/reg/healthfacilities/community_resources/","USER_SOURCEDATE":1596844800000,"USER_WEBSITE":"http://www.nnrhospital.com","USER_OWNER":"PROPRIETARY","USER_BEDS":75,"USER_TRAUMA":"NOT AVAILABLE","USER_HELIPAD":"Y","USER_hosp_cnt":1,"USER_HSA_label":"ELKO","USER_LnD":1,"USER_Pediatric":1,"USER_Gyn":1,"USER_MFM":0,"USER_CriticalAccess":0,"USER_Acute_care":1}},{"type":"Feature","id":48,"geometry":{"type":"Point","coordinates":[-112.54555049310339,46.008576422741903]},"properties":{"ObjectID":48,"Loc_name":"World","Status":"M","Score":99.390000000000001,"Match_type":"A","Match_addr":"400 S Clark St, Butte, Montana, 59701","LongLabel":"400 S Clark St, Butte, MT, 59701, USA","ShortLabel":"400 S Clark St","Addr_type":"PointAddress","Type":"","PlaceName":"","Place_addr":"400 S Clark St, Butte, Montana, 59701","Phone":"","URL":"","Rank":19.5,"AddBldg":"","AddNum":"400","AddNumFrom":"","AddNumTo":"","AddRange":"","Side":"","StPreDir":"S","StPreType":"","StName":"Clark","StType":"St","StDir":"","BldgComp":"","BldgType":"","BldgName":"","LevelType":"","LevelName":"","UnitType":"","UnitName":"","RoomType":"","RoomName":"","WingType":"","WingName":"","SubAddr":"","StAddr":"400 S Clark St","Block":"","Sector":"","Nbrhd":"","District":"","City":"Butte","MetroArea":"","Subregion":"Silver Bow County","Region":"Montana","RegionAbbr":"MT","Territory":"","Zone":"","Postal":"59701","PostalExt":"2328","Country":"USA","CntryName":"United States","LangCode":"ENG","Distance":0,"X":-112.546188278378,"Y":46.008239833642001,"DisplayX":-112.545537758873,"DisplayY":46.008569912989003,"Xmin":-112.546537758873,"Xmax":-112.54453775887301,"Ymin":46.007569912988998,"Ymax":46.009569912989001,"ExInfo":"","MatchID":"AQF+BwEASBMCAJUBBAAAAAAMElNPVVRIIENMQVJLIFNUUkVFVBUDNDAwZgNFTkc","PotentialID":"","StrucType":"","StrucDet":"","IN_Address":"400 S CLARK ST","IN_Address2":null,"IN_Address3":null,"IN_Neighborhood":null,"IN_City":"BUTTE","IN_Subregion":"SILVER BOW","IN_Region":"MT","IN_Postal":"59701","IN_PostalExt":null,"IN_CountryCode":null,"USER_TARGET_FID":51,"USER_ID":5559701,"USER_NAME":"ST JAMES HEALTHCARE","USER_ADDRESS":"400 S CLARK ST","USER_CITY":"BUTTE","USER_STATE":"MT","USER_ZIP":59701,"USER_TELEPHONE":"(406) 723-2500","USER_TYPE":"GENERAL ACUTE CARE","USER_COUNTY":"SILVER BOW","USER_LATITUDE":46.008516659999998,"USER_LONGITUDE":-112.5455135,"USER_SOURCE":"http://dphhs.mt.gov/qad/healthcarefacilitieslist","USER_SOURCEDATE":1596844800000,"USER_WEBSITE":"http://www.stjameshealthcare.org","USER_OWNER":"NON-PROFIT","USER_BEDS":98,"USER_TRAUMA":"ATH","USER_HELIPAD":"Y","USER_hosp_cnt":1,"USER_HSA_label":"BUTTE","USER_LnD":1,"USER_Pediatric":1,"USER_Gyn":1,"USER_MFM":1,"USER_CriticalAccess":0,"USER_Acute_care":1}},{"type":"Feature","id":49,"geometry":{"type":"Point","coordinates":[-113.2952274661772,43.63956023883074]},"properties":{"ObjectID":49,"Loc_name":"World","Status":"M","Score":98.480000000000004,"Match_type":"A","Match_addr":"551 Highland Dr, Arco, Idaho, 83213","LongLabel":"551 Highland Dr, Arco, ID, 83213, USA","ShortLabel":"551 Highland Dr","Addr_type":"PointAddress","Type":"","PlaceName":"","Place_addr":"551 Highland Dr, Arco, Idaho, 83213","Phone":"","URL":"","Rank":19.5,"AddBldg":"","AddNum":"551","AddNumFrom":"","AddNumTo":"","AddRange":"","Side":"","StPreDir":"","StPreType":"","StName":"Highland","StType":"Dr","StDir":"","BldgComp":"","BldgType":"","BldgName":"","LevelType":"","LevelName":"","UnitType":"","UnitName":"","RoomType":"","RoomName":"","WingType":"","WingName":"","SubAddr":"","StAddr":"551 Highland Dr","Block":"","Sector":"","Nbrhd":"","District":"","City":"Arco","MetroArea":"","Subregion":"Butte County","Region":"Idaho","RegionAbbr":"ID","Territory":"","Zone":"","Postal":"83213","PostalExt":"5003","Country":"USA","CntryName":"United States","LangCode":"ENG","Distance":0,"X":-113.29596703559901,"Y":43.640388438309998,"DisplayX":-113.295215011246,"DisplayY":43.639554019850003,"Xmin":-113.29621501124601,"Xmax":-113.294215011246,"Ymin":43.638554019849998,"Ymax":43.640554019850001,"ExInfo":"","MatchID":"AQGQBAEABwoCAJUBBAAAAAAMDkhJR0hMQU5EIERSSVZFFQM1NTFmA0VORw","PotentialID":"","StrucType":"","StrucDet":"","IN_Address":"551 HIGHLAND DRIVE","IN_Address2":null,"IN_Address3":null,"IN_Neighborhood":null,"IN_City":"ARCO","IN_Subregion":"BUTTE","IN_Region":"ID","IN_Postal":"83213","IN_PostalExt":null,"IN_CountryCode":null,"USER_TARGET_FID":61,"USER_ID":2683213,"USER_NAME":"LOST RIVERS MEDICAL CENTER","USER_ADDRESS":"551 HIGHLAND DRIVE","USER_CITY":"ARCO","USER_STATE":"ID","USER_ZIP":83213,"USER_TELEPHONE":"(208) 527-8206","USER_TYPE":"GENERAL ACUTE CARE","USER_COUNTY":"BUTTE","USER_LATITUDE":43.639574809999999,"USER_LONGITUDE":-113.2952329,"USER_SOURCE":"http://healthandwelfare.idaho.gov/portals/0/medical/licensingcertification/alphahospital.pdf","USER_SOURCEDATE":1596844800000,"USER_WEBSITE":"http://www.lostrivershospital.com","USER_OWNER":"GOVERNMENT - DISTRICT/AUTHORITY","USER_BEDS":14,"USER_TRAUMA":"NOT AVAILABLE","USER_HELIPAD":"Y","USER_hosp_cnt":2,"USER_HSA_label":"IDAHO FALLS","USER_LnD":0,"USER_Pediatric":1,"USER_Gyn":1,"USER_MFM":0,"USER_CriticalAccess":1,"USER_Acute_care":1}},{"type":"Feature","id":50,"geometry":{"type":"Point","coordinates":[-117.84719129466723,44.794976059246572]},"properties":{"ObjectID":50,"Loc_name":"World","Status":"M","Score":98.480000000000004,"Match_type":"A","Match_addr":"3325 Pocahontas Rd, Baker City, Oregon, 97814","LongLabel":"3325 Pocahontas Rd, Baker City, OR, 97814, USA","ShortLabel":"3325 Pocahontas Rd","Addr_type":"PointAddress","Type":"","PlaceName":"","Place_addr":"3325 Pocahontas Rd, Baker City, Oregon, 97814","Phone":"","URL":"","Rank":19.5,"AddBldg":"","AddNum":"3325","AddNumFrom":"","AddNumTo":"","AddRange":"","Side":"","StPreDir":"","StPreType":"","StName":"Pocahontas","StType":"Rd","StDir":"","BldgComp":"","BldgType":"","BldgName":"","LevelType":"","LevelName":"","UnitType":"","UnitName":"","RoomType":"","RoomName":"","WingType":"","WingName":"","SubAddr":"","StAddr":"3325 Pocahontas Rd","Block":"","Sector":"","Nbrhd":"","District":"","City":"Baker City","MetroArea":"","Subregion":"Baker County","Region":"Oregon","RegionAbbr":"OR","Territory":"","Zone":"","Postal":"97814","PostalExt":"1464","Country":"USA","CntryName":"United States","LangCode":"ENG","Distance":0,"X":-117.847175587829,"Y":44.796092917582001,"DisplayX":-117.84717776712399,"DisplayY":44.794970161652003,"Xmin":-117.848177767124,"Xmax":-117.846177767124,"Ymin":44.793970161651998,"Ymax":44.795970161652001,"ExInfo":"","MatchID":"AQHI8gAAig4CAJUBBAAAAAAMD1BPQ0FIT05UQVMgUk9BRBUEMzMyNWYDRU5H","PotentialID":"","StrucType":"","StrucDet":"","IN_Address":"3325 POCAHONTAS ROAD","IN_Address2":null,"IN_Address3":null,"IN_Neighborhood":null,"IN_City":"BAKER CITY","IN_Subregion":"BAKER","IN_Region":"OR","IN_Postal":"97814","IN_PostalExt":null,"IN_CountryCode":null,"USER_TARGET_FID":63,"USER_ID":5497814,"USER_NAME":"SAINT ALPHONSUS MEDICAL CENTER - BAKER CITY, INC","USER_ADDRESS":"3325 POCAHONTAS ROAD","USER_CITY":"BAKER CITY","USER_STATE":"OR","USER_ZIP":97814,"USER_TELEPHONE":"NOT AVAILABLE","USER_TYPE":"GENERAL ACUTE CARE","USER_COUNTY":"BAKER","USER_LATITUDE":44.795151449999999,"USER_LONGITUDE":-117.84712330000001,"USER_SOURCE":"https://public.health.oregon.gov/providerpartnerresources/healthcareprovidersfacilities/healthcarehealthcareregulationqualityimprovement/pages/forms.aspx#hospital","USER_SOURCEDATE":1596931200000,"USER_WEBSITE":"http://www.saintalphonsus.org/bakercity","USER_OWNER":"NON-PROFIT","USER_BEDS":65,"USER_TRAUMA":"LEVEL IV","USER_HELIPAD":"Y","USER_hosp_cnt":1,"USER_HSA_label":"BAKER","USER_LnD":1,"USER_Pediatric":1,"USER_Gyn":1,"USER_MFM":0,"USER_CriticalAccess":0,"USER_Acute_care":1}},{"type":"Feature","id":51,"geometry":{"type":"Point","coordinates":[-113.78129537230643,42.533986053613354]},"properties":{"ObjectID":51,"Loc_name":"World","Status":"M","Score":98.480000000000004,"Match_type":"A","Match_addr":"1501 Hiland Ave, Burley, Idaho, 83318","LongLabel":"1501 Hiland Ave, Burley, ID, 83318, USA","ShortLabel":"1501 Hiland Ave","Addr_type":"PointAddress","Type":"","PlaceName":"","Place_addr":"1501 Hiland Ave, Burley, Idaho, 83318","Phone":"","URL":"","Rank":19.5,"AddBldg":"","AddNum":"1501","AddNumFrom":"","AddNumTo":"","AddRange":"","Side":"","StPreDir":"","StPreType":"","StName":"Hiland","StType":"Ave","StDir":"","BldgComp":"","BldgType":"","BldgName":"","LevelType":"","LevelName":"","UnitType":"","UnitName":"","RoomType":"","RoomName":"","WingType":"","WingName":"","SubAddr":"","StAddr":"1501 Hiland Ave","Block":"","Sector":"","Nbrhd":"","District":"","City":"Burley","MetroArea":"","Subregion":"Cassia County","Region":"Idaho","RegionAbbr":"ID","Territory":"","Zone":"","Postal":"83318","PostalExt":"2688","Country":"USA","CntryName":"United States","LangCode":"ENG","Distance":0,"X":-113.78339381599,"Y":42.533985098141002,"DisplayX":-113.78128300131399,"DisplayY":42.533979985179997,"Xmin":-113.782283001314,"Xmax":-113.780283001314,"Ymin":42.532979985179999,"Ymax":42.534979985180001,"ExInfo":"","MatchID":"AQGqAgEAtQUCAJUBBAAAAAAMDUhJTEFORCBBVkVOVUUVBDE1MDFmA0VORw","PotentialID":"","StrucType":"Commercial","StrucDet":"","IN_Address":"1501 HILAND AVENUE","IN_Address2":null,"IN_Address3":null,"IN_Neighborhood":null,"IN_City":"BURLEY","IN_Subregion":"CASSIA","IN_Region":"ID","IN_Postal":"83318","IN_PostalExt":null,"IN_CountryCode":null,"USER_TARGET_FID":62,"USER_ID":1883318,"USER_NAME":"CASSIA REGIONAL HOSPITAL","USER_ADDRESS":"1501 HILAND AVENUE","USER_CITY":"BURLEY","USER_STATE":"ID","USER_ZIP":83318,"USER_TELEPHONE":"(208) 678-4444","USER_TYPE":"GENERAL ACUTE CARE","USER_COUNTY":"CASSIA","USER_LATITUDE":42.53487105,"USER_LONGITUDE":-113.7817775,"USER_SOURCE":"http://healthandwelfare.idaho.gov/portals/0/medical/licensingcertification/alphahospital.pdf","USER_SOURCEDATE":1596844800000,"USER_WEBSITE":"http://www.cassiaregional.org","USER_OWNER":"NON-PROFIT","USER_BEDS":25,"USER_TRAUMA":"NOT AVAILABLE","USER_HELIPAD":"Y","USER_hosp_cnt":1,"USER_HSA_label":"BURLEY","USER_LnD":1,"USER_Pediatric":1,"USER_Gyn":1,"USER_MFM":0,"USER_CriticalAccess":1,"USER_Acute_care":1}},{"type":"Feature","id":52,"geometry":{"type":"Point","coordinates":[-111.85374547992647,40.576036664301277]},"properties":{"ObjectID":52,"Loc_name":"World","Status":"M","Score":99.340000000000003,"Match_type":"A","Match_addr":"9660 S 1300 E, Sandy, Utah, 84094","LongLabel":"9660 S 1300 E, Sandy, UT, 84094, USA","ShortLabel":"9660 S 1300 E","Addr_type":"PointAddress","Type":"","PlaceName":"","Place_addr":"9660 S 1300 E, Sandy, Utah, 84094","Phone":"","URL":"","Rank":19.5,"AddBldg":"","AddNum":"9660","AddNumFrom":"","AddNumTo":"","AddRange":"","Side":"","StPreDir":"S","StPreType":"","StName":"1300","StType":"","StDir":"E","BldgComp":"","BldgType":"","BldgName":"","LevelType":"","LevelName":"","UnitType":"","UnitName":"","RoomType":"","RoomName":"","WingType":"","WingName":"","SubAddr":"","StAddr":"9660 S 1300 E","Block":"","Sector":"","Nbrhd":"","District":"","City":"Sandy","MetroArea":"","Subregion":"Salt Lake County","Region":"Utah","RegionAbbr":"UT","Territory":"","Zone":"","Postal":"84094","PostalExt":"3762","Country":"USA","CntryName":"United States","LangCode":"ENG","Distance":0,"X":-111.85321812138601,"Y":40.576034500532003,"DisplayX":-111.85373377606901,"DisplayY":40.576030644855997,"Xmin":-111.854733776069,"Xmax":-111.852733776069,"Ymin":40.575030644856,"Ymax":40.577030644856002,"ExInfo":"","MatchID":"AQEyCgEAEP4BAJUBBAAAAAAMD1NPVVRIIDEzMDAgRUFTVBUEOTY2MGYDRU5H","PotentialID":"","StrucType":"Commercial","StrucDet":"Medical","IN_Address":"9660 SOUTH 1300 EAST","IN_Address2":null,"IN_Address3":null,"IN_Neighborhood":null,"IN_City":"SANDY","IN_Subregion":"SALT LAKE","IN_Region":"UT","IN_Postal":"84094","IN_PostalExt":null,"IN_CountryCode":null,"USER_TARGET_FID":66,"USER_ID":3184094,"USER_NAME":"ALTA VIEW HOSPITAL","USER_ADDRESS":"9660 SOUTH 1300 EAST","USER_CITY":"SANDY","USER_STATE":"UT","USER_ZIP":84094,"USER_TELEPHONE":"(801) 501-2600","USER_TYPE":"GENERAL ACUTE CARE","USER_COUNTY":"SALT LAKE","USER_LATITUDE":40.575905149999997,"USER_LONGITUDE":-111.8539614,"USER_SOURCE":"https://opendata.utah.gov/health/utah-hospital-characteristics/ierb-h3t5/data","USER_SOURCEDATE":1597017600000,"USER_WEBSITE":"http://www.intermountainhealthcare.org","USER_OWNER":"NON-PROFIT","USER_BEDS":69,"USER_TRAUMA":"NOT AVAILABLE","USER_HELIPAD":"Y","USER_hosp_cnt":10,"USER_HSA_label":"SALT LAKE CITY","USER_LnD":1,"USER_Pediatric":1,"USER_Gyn":1,"USER_MFM":1,"USER_CriticalAccess":0,"USER_Acute_care":1}},{"type":"Feature","id":53,"geometry":{"type":"Point","coordinates":[-119.06096940551218,43.588347705375242]},"properties":{"ObjectID":53,"Loc_name":"World","Status":"M","Score":98.489999999999995,"Match_type":"A","Match_addr":"557 W Washington St, Burns, Oregon, 97720","LongLabel":"557 W Washington St, Burns, OR, 97720, USA","ShortLabel":"557 W Washington St","Addr_type":"PointAddress","Type":"","PlaceName":"","Place_addr":"557 W Washington St, Burns, Oregon, 97720","Phone":"","URL":"","Rank":19.5,"AddBldg":"","AddNum":"557","AddNumFrom":"","AddNumTo":"","AddRange":"","Side":"","StPreDir":"W","StPreType":"","StName":"Washington","StType":"St","StDir":"","BldgComp":"","BldgType":"","BldgName":"","LevelType":"","LevelName":"","UnitType":"","UnitName":"","RoomType":"","RoomName":"","WingType":"","WingName":"","SubAddr":"","StAddr":"557 W Washington St","Block":"","Sector":"","Nbrhd":"","District":"","City":"Burns","MetroArea":"","Subregion":"Harney County","Region":"Oregon","RegionAbbr":"OR","Territory":"","Zone":"","Postal":"97720","PostalExt":"1497","Country":"USA","CntryName":"United States","LangCode":"ENG","Distance":0,"X":-119.060966446558,"Y":43.588722135680001,"DisplayX":-119.06095588536,"DisplayY":43.588342016371001,"Xmin":-119.06195588536001,"Xmax":-119.05995588536,"Ymin":43.587342016370997,"Ymax":43.589342016370999,"ExInfo":"","MatchID":"AQEL7gAA1AkCAJUBBAAAAAAMFldFU1QgV0FTSElOR1RPTiBTVFJFRVQVAzU1N2YDRU5H","PotentialID":"","StrucType":"","StrucDet":"","IN_Address":"557 W WASHINGTON STREET","IN_Address2":null,"IN_Address3":null,"IN_Neighborhood":null,"IN_City":"BURNS","IN_Subregion":"HARNEY","IN_Region":"OR","IN_Postal":"97720","IN_PostalExt":null,"IN_CountryCode":null,"USER_TARGET_FID":67,"USER_ID":1497720,"USER_NAME":"HARNEY DISTRICT HOSPITAL","USER_ADDRESS":"557 W WASHINGTON STREET","USER_CITY":"BURNS","USER_STATE":"OR","USER_ZIP":97720,"USER_TELEPHONE":"NOT AVAILABLE","USER_TYPE":"CRITICAL ACCESS","USER_COUNTY":"HARNEY","USER_LATITUDE":43.588207500000003,"USER_LONGITUDE":-119.0607236,"USER_SOURCE":"https://public.health.oregon.gov/providerpartnerresources/healthcareprovidersfacilities/healthcarehealthcareregulationqualityimprovement/pages/forms.aspx#hospital","USER_SOURCEDATE":1596931200000,"USER_WEBSITE":"www.harneydh.com","USER_OWNER":"GOVERNMENT - DISTRICT/AUTHORITY","USER_BEDS":22,"USER_TRAUMA":"LEVEL IV","USER_HELIPAD":"N","USER_hosp_cnt":1,"USER_HSA_label":"BURNS","USER_LnD":1,"USER_Pediatric":1,"USER_Gyn":1,"USER_MFM":0,"USER_CriticalAccess":1,"USER_Acute_care":1}},{"type":"Feature","id":54,"geometry":{"type":"Point","coordinates":[-118.81228790563773,45.648827092187901]},"properties":{"ObjectID":54,"Loc_name":"World","Status":"M","Score":98.480000000000004,"Match_type":"A","Match_addr":"2801 St Anthony Way, Pendleton, Oregon, 97801","LongLabel":"2801 St Anthony Way, Pendleton, OR, 97801, USA","ShortLabel":"2801 St Anthony Way","Addr_type":"PointAddress","Type":"","PlaceName":"","Place_addr":"2801 St Anthony Way, Pendleton, Oregon, 97801","Phone":"","URL":"","Rank":19.5,"AddBldg":"","AddNum":"2801","AddNumFrom":"","AddNumTo":"","AddRange":"","Side":"","StPreDir":"","StPreType":"","StName":"St Anthony","StType":"Way","StDir":"","BldgComp":"","BldgType":"","BldgName":"","LevelType":"","LevelName":"","UnitType":"","UnitName":"","RoomType":"","RoomName":"","WingType":"","WingName":"","SubAddr":"","StAddr":"2801 St Anthony Way","Block":"","Sector":"","Nbrhd":"","District":"","City":"Pendleton","MetroArea":"","Subregion":"Umatilla County","Region":"Oregon","RegionAbbr":"OR","Territory":"","Zone":"","Postal":"97801","PostalExt":"3800","Country":"USA","CntryName":"United States","LangCode":"ENG","Distance":0,"X":-118.811958375765,"Y":45.647880609914999,"DisplayX":-118.812274038239,"DisplayY":45.648821227089002,"Xmin":-118.813274038239,"Xmax":-118.81127403823901,"Ymin":45.647821227088997,"Ymax":45.649821227088999,"ExInfo":"","MatchID":"AQED7wAA4BECAJUBBAAAAAAMDlNUIEFOVEhPTlkgV0FZFQQyODAxZgNFTkc","PotentialID":"","StrucType":"","StrucDet":"","IN_Address":"2801 ST ANTHONY WAY","IN_Address2":null,"IN_Address3":null,"IN_Neighborhood":null,"IN_City":"PENDLETON","IN_Subregion":"UMATILLA","IN_Region":"OR","IN_Postal":"97801","IN_PostalExt":null,"IN_CountryCode":null,"USER_TARGET_FID":64,"USER_ID":133697801,"USER_NAME":"ST ANTHONY HOSPITAL","USER_ADDRESS":"2801 ST ANTHONY WAY","USER_CITY":"PENDLETON","USER_STATE":"OR","USER_ZIP":97801,"USER_TELEPHONE":"(541) 276-5121","USER_TYPE":"GENERAL ACUTE CARE","USER_COUNTY":"UMATILLA","USER_LATITUDE":45.649305640000001,"USER_LONGITUDE":-118.81123700000001,"USER_SOURCE":"https://public.health.oregon.gov/providerpartnerresources/healthcareprovidersfacilities/healthcarehealthcareregulationqualityimprovement/pages/forms.aspx#hospital","USER_SOURCEDATE":1596931200000,"USER_WEBSITE":"http://www.sahpendleton.org/","USER_OWNER":"NON-PROFIT","USER_BEDS":30,"USER_TRAUMA":"LEVEL IV","USER_HELIPAD":"Y","USER_hosp_cnt":1,"USER_HSA_label":"PENDLETON","USER_LnD":1,"USER_Pediatric":1,"USER_Gyn":1,"USER_MFM":0,"USER_CriticalAccess":0,"USER_Acute_care":1}},{"type":"Feature","id":55,"geometry":{"type":"Point","coordinates":[-113.68698470822092,42.621160378491183]},"properties":{"ObjectID":55,"Loc_name":"World","Status":"M","Score":99.900000000000006,"Match_type":"A","Match_addr":"1224 8th St, Rupert, Idaho, 83350","LongLabel":"1224 8th St, Rupert, ID, 83350, USA","ShortLabel":"1224 8th St","Addr_type":"PointAddress","Type":"","PlaceName":"","Place_addr":"1224 8th St, Rupert, Idaho, 83350","Phone":"","URL":"","Rank":19.5,"AddBldg":"","AddNum":"1224","AddNumFrom":"","AddNumTo":"","AddRange":"","Side":"","StPreDir":"","StPreType":"","StName":"8th","StType":"St","StDir":"","BldgComp":"","BldgType":"","BldgName":"","LevelType":"","LevelName":"","UnitType":"","UnitName":"","RoomType":"","RoomName":"","WingType":"","WingName":"","SubAddr":"","StAddr":"1224 8th St","Block":"","Sector":"","Nbrhd":"","District":"","City":"Rupert","MetroArea":"","Subregion":"Minidoka County","Region":"Idaho","RegionAbbr":"ID","Territory":"","Zone":"","Postal":"83350","PostalExt":"1599","Country":"USA","CntryName":"United States","LangCode":"ENG","Distance":0,"X":-113.68697351482101,"Y":42.619655692306999,"DisplayX":-113.68697234135399,"DisplayY":42.621154292775998,"Xmin":-113.687972341354,"Xmax":-113.685972341354,"Ymin":42.620154292776,"Ymax":42.622154292776003,"ExInfo":"","MatchID":"AQEJAwEADQYCAJUBBAAAAAAMCjhUSCBTVFJFRVQVBDEyMjRmA0VORw","PotentialID":"","StrucType":"","StrucDet":"","IN_Address":"1224 8TH STREET","IN_Address2":null,"IN_Address3":null,"IN_Neighborhood":null,"IN_City":"RUPERT","IN_Subregion":"MINIDOKA","IN_Region":"ID","IN_Postal":"83350","IN_PostalExt":null,"IN_CountryCode":null,"USER_TARGET_FID":68,"USER_ID":2783350,"USER_NAME":"MINIDOKA MEMORIAL HOSPITAL","USER_ADDRESS":"1224 8TH STREET","USER_CITY":"RUPERT","USER_STATE":"ID","USER_ZIP":83350,"USER_TELEPHONE":"(208) 436-0481","USER_TYPE":"GENERAL ACUTE CARE","USER_COUNTY":"MINIDOKA","USER_LATITUDE":42.62039729,"USER_LONGITUDE":-113.68609669999999,"USER_SOURCE":"http://healthandwelfare.idaho.gov/portals/0/medical/licensingcertification/alphahospital.pdf","USER_SOURCEDATE":1596844800000,"USER_WEBSITE":"http://www.minidokamemorial.com","USER_OWNER":"GOVERNMENT - LOCAL","USER_BEDS":25,"USER_TRAUMA":"NOT AVAILABLE","USER_HELIPAD":"Y","USER_hosp_cnt":1,"USER_HSA_label":"RUPERT","USER_LnD":1,"USER_Pediatric":1,"USER_Gyn":1,"USER_MFM":0,"USER_CriticalAccess":0,"USER_Acute_care":1}},{"type":"Feature","id":56,"geometry":{"type":"Point","coordinates":[-116.1897156938474,43.620561428836318]},"properties":{"ObjectID":56,"Loc_name":"World","Status":"M","Score":98.109999999999999,"Match_type":"A","Match_addr":"500 W Fort St, Boise, Idaho, 83702","LongLabel":"500 W Fort St, Boise, ID, 83702, USA","ShortLabel":"500 W Fort St","Addr_type":"PointAddress","Type":"","PlaceName":"","Place_addr":"500 W Fort St, Boise, Idaho, 83702","Phone":"","URL":"","Rank":19.5,"AddBldg":"","AddNum":"500","AddNumFrom":"","AddNumTo":"","AddRange":"","Side":"","StPreDir":"W","StPreType":"","StName":"Fort","StType":"St","StDir":"","BldgComp":"","BldgType":"","BldgName":"","LevelType":"","LevelName":"","UnitType":"","UnitName":"","RoomType":"","RoomName":"","WingType":"","WingName":"","SubAddr":"","StAddr":"500 W Fort St","Block":"","Sector":"","Nbrhd":"","District":"","City":"Boise","MetroArea":"","Subregion":"Ada County","Region":"Idaho","RegionAbbr":"ID","Territory":"","Zone":"","Postal":"83702","PostalExt":"4598","Country":"USA","CntryName":"United States","LangCode":"ENG","Distance":0,"X":-116.18970486158,"Y":43.620555807659997,"DisplayX":-116.189702682285,"DisplayY":43.620555472383998,"Xmin":-116.19070268228501,"Xmax":-116.188702682285,"Ymin":43.619555472384,"Ymax":43.621555472384003,"ExInfo":"","MatchID":"AQFC+QAA9AkCAJUBBAAAAAAMEFdFU1QgRk9SVCBTVFJFRVQVAzUwMGYDRU5H","PotentialID":"","StrucType":"Commercial","StrucDet":"","IN_Address":"500 FORT STREET","IN_Address2":null,"IN_Address3":null,"IN_Neighborhood":null,"IN_City":"BOISE","IN_Subregion":"ADA","IN_Region":"ID","IN_Postal":"83702","IN_PostalExt":null,"IN_CountryCode":null,"USER_TARGET_FID":69,"USER_ID":2183702,"USER_NAME":"BOISE VA MEDICAL CENTER","USER_ADDRESS":"500 FORT STREET","USER_CITY":"BOISE","USER_STATE":"ID","USER_ZIP":83702,"USER_TELEPHONE":"(208) 422-1000","USER_TYPE":"MILITARY","USER_COUNTY":"ADA","USER_LATITUDE":43.621216650000001,"USER_LONGITUDE":-116.1902767,"USER_SOURCE":"https://www.va.gov/directory/guide/allstate.asp","USER_SOURCEDATE":1600992000000,"USER_WEBSITE":"http://www.boise.va.gov/","USER_OWNER":"GOVERNMENT - FEDERAL","USER_BEDS":85,"USER_TRAUMA":"NOT AVAILABLE","USER_HELIPAD":"N","USER_hosp_cnt":5,"USER_HSA_label":"BOISE","USER_LnD":0,"USER_Pediatric":0,"USER_Gyn":1,"USER_MFM":0,"USER_CriticalAccess":0,"USER_Acute_care":1}},{"type":"Feature","id":57,"geometry":{"type":"Point","coordinates":[-116.25984370094029,46.486967185593009]},"properties":{"ObjectID":57,"Loc_name":"World","Status":"M","Score":97.480000000000004,"Match_type":"A","Match_addr":"301 Cedar St, Orofino, Idaho, 83544","LongLabel":"301 Cedar St, Orofino, ID, 83544, USA","ShortLabel":"301 Cedar St","Addr_type":"PointAddress","Type":"","PlaceName":"","Place_addr":"301 Cedar St, Orofino, Idaho, 83544","Phone":"","URL":"","Rank":19.5,"AddBldg":"","AddNum":"301","AddNumFrom":"","AddNumTo":"","AddRange":"","Side":"","StPreDir":"","StPreType":"","StName":"Cedar","StType":"St","StDir":"","BldgComp":"","BldgType":"","BldgName":"","LevelType":"","LevelName":"","UnitType":"","UnitName":"","RoomType":"","RoomName":"","WingType":"","WingName":"","SubAddr":"","StAddr":"301 Cedar St","Block":"","Sector":"","Nbrhd":"","District":"","City":"Orofino","MetroArea":"","Subregion":"Clearwater County","Region":"Idaho","RegionAbbr":"ID","Territory":"","Zone":"","Postal":"83544","PostalExt":"9029","Country":"USA","CntryName":"United States","LangCode":"ENG","Distance":0,"X":-116.259513877453,"Y":46.486999474693,"DisplayX":-116.25983012666001,"DisplayY":46.486961001757003,"Xmin":-116.26083012666,"Xmax":-116.25883012666,"Ymin":46.485961001756998,"Ymax":46.487961001757,"ExInfo":"","MatchID":"AQH8+AAAJhUCAJUBBAAAAAAMDENFREFSIFNUUkVFVBUDMzAxZgNFTkc","PotentialID":"","StrucType":"","StrucDet":"","IN_Address":"301 CEDAR","IN_Address2":null,"IN_Address3":null,"IN_Neighborhood":null,"IN_City":"OROFINO","IN_Subregion":"CLEARWATER","IN_Region":"ID","IN_Postal":"83544","IN_PostalExt":null,"IN_CountryCode":null,"USER_TARGET_FID":73,"USER_ID":283544,"USER_NAME":"CLEARWATER VALLEY HOSPITAL AND CLINICS","USER_ADDRESS":"301 CEDAR","USER_CITY":"OROFINO","USER_STATE":"ID","USER_ZIP":83544,"USER_TELEPHONE":"(208) 476-4555","USER_TYPE":"GENERAL ACUTE CARE","USER_COUNTY":"CLEARWATER","USER_LATITUDE":46.486929150000002,"USER_LONGITUDE":-116.2597695,"USER_SOURCE":"http://healthandwelfare.idaho.gov/portals/0/medical/licensingcertification/alphahospital.pdf","USER_SOURCEDATE":1596844800000,"USER_WEBSITE":"http://www.smh-cvhc.org","USER_OWNER":"NON-PROFIT","USER_BEDS":23,"USER_TRAUMA":"NOT AVAILABLE","USER_HELIPAD":"Y","USER_hosp_cnt":1,"USER_HSA_label":"OROFINO","USER_LnD":1,"USER_Pediatric":1,"USER_Gyn":1,"USER_MFM":0,"USER_CriticalAccess":1,"USER_Acute_care":1}},{"type":"Feature","id":58,"geometry":{"type":"Point","coordinates":[-114.51898139765265,42.730055446805437]},"properties":{"ObjectID":58,"Loc_name":"World","Status":"M","Score":98.349999999999994,"Match_type":"A","Match_addr":"709 N Lincoln Ave, Jerome, Idaho, 83338","LongLabel":"709 N Lincoln Ave, Jerome, ID, 83338, USA","ShortLabel":"709 N Lincoln Ave","Addr_type":"PointAddress","Type":"","PlaceName":"","Place_addr":"709 N Lincoln Ave, Jerome, Idaho, 83338","Phone":"","URL":"","Rank":19.5,"AddBldg":"","AddNum":"709","AddNumFrom":"","AddNumTo":"","AddRange":"","Side":"","StPreDir":"N","StPreType":"","StName":"Lincoln","StType":"Ave","StDir":"","BldgComp":"","BldgType":"","BldgName":"","LevelType":"","LevelName":"","UnitType":"","UnitName":"","RoomType":"","RoomName":"","WingType":"","WingName":"","SubAddr":"","StAddr":"709 N Lincoln Ave","Block":"","Sector":"","Nbrhd":"","District":"","City":"Jerome","MetroArea":"","Subregion":"Jerome County","Region":"Idaho","RegionAbbr":"ID","Territory":"","Zone":"","Postal":"83338","PostalExt":"1851","Country":"USA","CntryName":"United States","LangCode":"ENG","Distance":0,"X":-114.51851656405201,"Y":42.730033915829999,"DisplayX":-114.518968851547,"DisplayY":42.730049422351001,"Xmin":-114.51996885154701,"Xmax":-114.517968851547,"Ymin":42.729049422350997,"Ymax":42.731049422350999,"ExInfo":"","MatchID":"AQHJ/wAAegYCAJUBBAAAAAAMFE5PUlRIIExJTkNPTE4gQVZFTlVFFQM3MDlmA0VORw","PotentialID":"","StrucType":"","StrucDet":"","IN_Address":"709 NORTH LINCOLN STREET","IN_Address2":null,"IN_Address3":null,"IN_Neighborhood":null,"IN_City":"JEROME","IN_Subregion":"JEROME","IN_Region":"ID","IN_Postal":"83338","IN_PostalExt":null,"IN_CountryCode":null,"USER_TARGET_FID":70,"USER_ID":3583338,"USER_NAME":"ST. LUKE'S JEROME","USER_ADDRESS":"709 NORTH LINCOLN STREET","USER_CITY":"JEROME","USER_STATE":"ID","USER_ZIP":83338,"USER_TELEPHONE":"(208) 324-4301","USER_TYPE":"GENERAL ACUTE CARE","USER_COUNTY":"JEROME","USER_LATITUDE":42.730068580000001,"USER_LONGITUDE":-114.51921419999999,"USER_SOURCE":"http://healthandwelfare.idaho.gov/portals/0/medical/licensingcertification/alphahospital.pdf","USER_SOURCEDATE":1596844800000,"USER_WEBSITE":"http://www.stlukesonline.org/jerome/","USER_OWNER":"NON-PROFIT","USER_BEDS":25,"USER_TRAUMA":"NOT AVAILABLE","USER_HELIPAD":"N","USER_hosp_cnt":4,"USER_HSA_label":"TWIN FALLS","USER_LnD":0,"USER_Pediatric":1,"USER_Gyn":1,"USER_MFM":0,"USER_CriticalAccess":1,"USER_Acute_care":1}},{"type":"Feature","id":59,"geometry":{"type":"Point","coordinates":[-116.97707149358573,44.025351993815043]},"properties":{"ObjectID":59,"Loc_name":"World","Status":"M","Score":98.489999999999995,"Match_type":"A","Match_addr":"351 SW 9th St, Ontario, Oregon, 97914","LongLabel":"351 SW 9th St, Ontario, OR, 97914, USA","ShortLabel":"351 SW 9th St","Addr_type":"PointAddress","Type":"","PlaceName":"","Place_addr":"351 SW 9th St, Ontario, Oregon, 97914","Phone":"","URL":"","Rank":19.5,"AddBldg":"","AddNum":"351","AddNumFrom":"","AddNumTo":"","AddRange":"","Side":"","StPreDir":"SW","StPreType":"","StName":"9th","StType":"St","StDir":"","BldgComp":"","BldgType":"","BldgName":"","LevelType":"","LevelName":"","UnitType":"","UnitName":"","RoomType":"","RoomName":"","WingType":"","WingName":"","SubAddr":"","StAddr":"351 SW 9th St","Block":"","Sector":"","Nbrhd":"","District":"","City":"Ontario","MetroArea":"","Subregion":"Malheur County","Region":"Oregon","RegionAbbr":"OR","Territory":"","Zone":"","Postal":"97914","PostalExt":"2693","Country":"USA","CntryName":"United States","LangCode":"ENG","Distance":0,"X":-116.975715652563,"Y":44.025032089104002,"DisplayX":-116.977058265813,"DisplayY":44.025346075195998,"Xmin":-116.978058265813,"Xmax":-116.97605826581299,"Ymin":44.024346075196,"Ymax":44.026346075196003,"ExInfo":"","MatchID":"AQEu9gAAiQsCAJUBBAAAAAAMFVNPVVRIIFdFU1QgOVRIIFNUUkVFVBUDMzUxZgNFTkc","PotentialID":"","StrucType":"Commercial","StrucDet":"Medical","IN_Address":"351 SW 9TH STREET","IN_Address2":null,"IN_Address3":null,"IN_Neighborhood":null,"IN_City":"ONTARIO","IN_Subregion":"MALHEUR","IN_Region":"OR","IN_Postal":"97914","IN_PostalExt":null,"IN_CountryCode":null,"USER_TARGET_FID":71,"USER_ID":3397914,"USER_NAME":"SAINT ALPHONSUS MEDICAL CENTER - ONTARIO","USER_ADDRESS":"351 SW 9TH STREET","USER_CITY":"ONTARIO","USER_STATE":"OR","USER_ZIP":97914,"USER_TELEPHONE":"(541) 881-7000","USER_TYPE":"GENERAL ACUTE CARE","USER_COUNTY":"MALHEUR","USER_LATITUDE":44.025333019999998,"USER_LONGITUDE":-116.977692,"USER_SOURCE":"https://public.health.oregon.gov/providerpartnerresources/healthcareprovidersfacilities/healthcarehealthcareregulationqualityimprovement/pages/forms.aspx#hospital","USER_SOURCEDATE":1596931200000,"USER_WEBSITE":"www.saintalphonsus.org/ontario","USER_OWNER":"NON-PROFIT","USER_BEDS":49,"USER_TRAUMA":"LEVEL IV","USER_HELIPAD":"Y","USER_hosp_cnt":1,"USER_HSA_label":"ONTARIO","USER_LnD":1,"USER_Pediatric":1,"USER_Gyn":1,"USER_MFM":0,"USER_CriticalAccess":0,"USER_Acute_care":1}},{"type":"Feature","id":60,"geometry":{"type":"Point","coordinates":[-111.88048178025522,40.769904204122795]},"properties":{"ObjectID":60,"Loc_name":"World","Status":"M","Score":92.730000000000004,"Match_type":"A","Match_addr":"8 C St, Salt Lake City, Utah, 84103","LongLabel":"8 C St, Salt Lake City, UT, 84103, USA","ShortLabel":"8 C St","Addr_type":"StreetAddress","Type":"","PlaceName":"","Place_addr":"8 C St, Salt Lake City, Utah, 84103","Phone":"","URL":"","Rank":20,"AddBldg":"","AddNum":"8","AddNumFrom":"8","AddNumTo":"42","AddRange":"8-42","Side":"R","StPreDir":"","StPreType":"","StName":"C","StType":"St","StDir":"","BldgComp":"","BldgType":"","BldgName":"","LevelType":"","LevelName":"","UnitType":"","UnitName":"","RoomType":"","RoomName":"","WingType":"","WingName":"","SubAddr":"","StAddr":"8 C St","Block":"","Sector":"","Nbrhd":"Greater Avenues","District":"","City":"Salt Lake City","MetroArea":"","Subregion":"Salt Lake County","Region":"Utah","RegionAbbr":"UT","Territory":"","Zone":"","Postal":"84103","PostalExt":"2329","Country":"USA","CntryName":"United States","LangCode":"ENG","Distance":0,"X":-111.880470044913,"Y":40.769898164628003,"DisplayX":-111.880470044913,"DisplayY":40.769898164628003,"Xmin":-111.881470044913,"Xmax":-111.87947004491301,"Ymin":40.768898164627998,"Ymax":40.770898164628001,"ExInfo":"TH AVENUE","MatchID":"AQIXCgEA0f4BAJUBBAAAAAAMCEMgU1RSRUVUFQE4ZgNFTkc","PotentialID":"","StrucType":"","StrucDet":"","IN_Address":"8TH AVENUE C STREET","IN_Address2":null,"IN_Address3":null,"IN_Neighborhood":null,"IN_City":"SALT LAKE CITY","IN_Subregion":"SALT LAKE","IN_Region":"UT","IN_Postal":"84103","IN_PostalExt":null,"IN_CountryCode":null,"USER_TARGET_FID":60,"USER_ID":167084103,"USER_NAME":"PROMISE HOSPITAL OF SALT LAKE","USER_ADDRESS":"8TH AVENUE C STREET","USER_CITY":"SALT LAKE CITY","USER_STATE":"UT","USER_ZIP":84103,"USER_TELEPHONE":"(801) 408-7109","USER_TYPE":"LONG TERM CARE","USER_COUNTY":"SALT LAKE","USER_LATITUDE":40.779317679999998,"USER_LONGITUDE":-111.879743,"USER_SOURCE":"https://opendata.utah.gov/health/utah-hospital-characteristics/ierb-h3t5/data","USER_SOURCEDATE":1597017600000,"USER_WEBSITE":"http://www.promise-saltlake.com/","USER_OWNER":"PROPRIETARY","USER_BEDS":41,"USER_TRAUMA":"NOT AVAILABLE","USER_HELIPAD":"Y","USER_hosp_cnt":10,"USER_HSA_label":"SALT LAKE CITY","USER_LnD":0,"USER_Pediatric":0,"USER_Gyn":0,"USER_MFM":0,"USER_CriticalAccess":0,"USER_Acute_care":0}},{"type":"Feature","id":61,"geometry":{"type":"Point","coordinates":[-117.00060824820058,46.728605536755353]},"properties":{"ObjectID":61,"Loc_name":"World","Status":"M","Score":98.489999999999995,"Match_type":"A","Match_addr":"700 S Main St, Moscow, Idaho, 83843","LongLabel":"700 S Main St, Moscow, ID, 83843, USA","ShortLabel":"700 S Main St","Addr_type":"PointAddress","Type":"","PlaceName":"","Place_addr":"700 S Main St, Moscow, Idaho, 83843","Phone":"","URL":"","Rank":19.5,"AddBldg":"","AddNum":"700","AddNumFrom":"","AddNumTo":"","AddRange":"","Side":"","StPreDir":"S","StPreType":"","StName":"Main","StType":"St","StDir":"","BldgComp":"","BldgType":"","BldgName":"","LevelType":"","LevelName":"","UnitType":"","UnitName":"","RoomType":"","RoomName":"","WingType":"","WingName":"","SubAddr":"","StAddr":"700 S Main St","Block":"","Sector":"","Nbrhd":"","District":"","City":"Moscow","MetroArea":"","Subregion":"Latah County","Region":"Idaho","RegionAbbr":"ID","Territory":"","Zone":"","Postal":"83843","PostalExt":"3046","Country":"USA","CntryName":"United States","LangCode":"ENG","Distance":0,"X":-117.001380872448,"Y":46.728610976938,"DisplayX":-117.000594482292,"DisplayY":46.728599409912,"Xmin":-117.00159448229201,"Xmax":-116.999594482292,"Ymin":46.727599409912003,"Ymax":46.729599409911998,"ExInfo":"","MatchID":"AQEX9gAAGBYCAJUBBAAAAAAMEVNPVVRIIE1BSU4gU1RSRUVUFQM3MDBmA0VORw","PotentialID":"","StrucType":"","StrucDet":"","IN_Address":"700 SOUTH MAIN STREET","IN_Address2":null,"IN_Address3":null,"IN_Neighborhood":null,"IN_City":"MOSCOW","IN_Subregion":"LATAH","IN_Region":"ID","IN_Postal":"83843","IN_PostalExt":null,"IN_CountryCode":null,"USER_TARGET_FID":75,"USER_ID":2483843,"USER_NAME":"GRITMAN MEDICAL CENTER","USER_ADDRESS":"700 SOUTH MAIN STREET","USER_CITY":"MOSCOW","USER_STATE":"ID","USER_ZIP":83843,"USER_TELEPHONE":"(208) 882-4511","USER_TYPE":"GENERAL ACUTE CARE","USER_COUNTY":"LATAH","USER_LATITUDE":46.728226460000002,"USER_LONGITUDE":-117.00054729999999,"USER_SOURCE":"http://healthandwelfare.idaho.gov/portals/0/medical/licensingcertification/alphahospital.pdf","USER_SOURCEDATE":1596844800000,"USER_WEBSITE":"http://www.gritman.org","USER_OWNER":"NON-PROFIT","USER_BEDS":25,"USER_TRAUMA":"NOT AVAILABLE","USER_HELIPAD":"Y","USER_hosp_cnt":1,"USER_HSA_label":"MOSCOW","USER_LnD":1,"USER_Pediatric":1,"USER_Gyn":1,"USER_MFM":0,"USER_CriticalAccess":1,"USER_Acute_care":1}},{"type":"Feature","id":62,"geometry":{"type":"Point","coordinates":[-116.13091380910771,47.546626295342747]},"properties":{"ObjectID":62,"Loc_name":"World","Status":"M","Score":98.469999999999999,"Match_type":"A","Match_addr":"25 Jacobs Gulch Rd, Kellogg, Idaho, 83837","LongLabel":"25 Jacobs Gulch Rd, Kellogg, ID, 83837, USA","ShortLabel":"25 Jacobs Gulch Rd","Addr_type":"PointAddress","Type":"","PlaceName":"","Place_addr":"25 Jacobs Gulch Rd, Kellogg, Idaho, 83837","Phone":"","URL":"","Rank":19.5,"AddBldg":"","AddNum":"25","AddNumFrom":"","AddNumTo":"","AddRange":"","Side":"","StPreDir":"","StPreType":"","StName":"Jacobs Gulch","StType":"Rd","StDir":"","BldgComp":"","BldgType":"","BldgName":"","LevelType":"","LevelName":"","UnitType":"","UnitName":"","RoomType":"","RoomName":"","WingType":"","WingName":"","SubAddr":"","StAddr":"25 Jacobs Gulch Rd","Block":"","Sector":"","Nbrhd":"","District":"","City":"Kellogg","MetroArea":"","Subregion":"Shoshone County","Region":"Idaho","RegionAbbr":"ID","Territory":"","Zone":"","Postal":"83837","PostalExt":"2023","Country":"USA","CntryName":"United States","LangCode":"ENG","Distance":0,"X":-116.13131711079301,"Y":47.547164926093998,"DisplayX":-116.13090002729101,"DisplayY":47.546620018569001,"Xmin":-116.131900027291,"Xmax":-116.129900027291,"Ymin":47.545620018568997,"Ymax":47.547620018568999,"ExInfo":"","MatchID":"AQF9+QAAShkCAJUBBAAAAAAMEUpBQ09CUyBHVUxDSCBST0FEFQIyNWYDRU5H","PotentialID":"","StrucType":"","StrucDet":"","IN_Address":"25 JACOB'S GULCH ROAD","IN_Address2":null,"IN_Address3":null,"IN_Neighborhood":null,"IN_City":"KELLOGG","IN_Subregion":"SHOSHONE","IN_Region":"ID","IN_Postal":"83837","IN_PostalExt":null,"IN_CountryCode":null,"USER_TARGET_FID":76,"USER_ID":3483837,"USER_NAME":"SHOSHONE MEDICAL CENTER","USER_ADDRESS":"25 JACOB'S GULCH ROAD","USER_CITY":"KELLOGG","USER_STATE":"ID","USER_ZIP":83837,"USER_TELEPHONE":"(208) 784-1221","USER_TYPE":"GENERAL ACUTE CARE","USER_COUNTY":"SHOSHONE","USER_LATITUDE":47.546398269999997,"USER_LONGITUDE":-116.13061310000001,"USER_SOURCE":"http://healthandwelfare.idaho.gov/portals/0/medical/licensingcertification/alphahospital.pdf","USER_SOURCEDATE":1596844800000,"USER_WEBSITE":"http://www.shoshonehealth.com","USER_OWNER":"GOVERNMENT - DISTRICT/AUTHORITY","USER_BEDS":25,"USER_TRAUMA":"NOT AVAILABLE","USER_HELIPAD":"Y","USER_hosp_cnt":1,"USER_HSA_label":"KELLOGG","USER_LnD":0,"USER_Pediatric":1,"USER_Gyn":1,"USER_MFM":0,"USER_CriticalAccess":1,"USER_Acute_care":1}},{"type":"Feature","id":63,"geometry":{"type":"Point","coordinates":[-116.56779380507973,47.314772229768849]},"properties":{"ObjectID":63,"Loc_name":"World","Status":"M","Score":98.450000000000003,"Match_type":"A","Match_addr":"229 S 7th St, Saint Maries, Idaho, 83861","LongLabel":"229 S 7th St, Saint Maries, ID, 83861, USA","ShortLabel":"229 S 7th St","Addr_type":"PointAddress","Type":"","PlaceName":"","Place_addr":"229 S 7th St, Saint Maries, Idaho, 83861","Phone":"","URL":"","Rank":19.5,"AddBldg":"","AddNum":"229","AddNumFrom":"","AddNumTo":"","AddRange":"","Side":"","StPreDir":"S","StPreType":"","StName":"7th","StType":"St","StDir":"","BldgComp":"","BldgType":"","BldgName":"","LevelType":"","LevelName":"","UnitType":"","UnitName":"","RoomType":"","RoomName":"","WingType":"","WingName":"","SubAddr":"","StAddr":"229 S 7th St","Block":"","Sector":"","Nbrhd":"","District":"","City":"Saint Maries","MetroArea":"","Subregion":"Benewah County","Region":"Idaho","RegionAbbr":"ID","Territory":"","Zone":"","Postal":"83861","PostalExt":"1894","Country":"USA","CntryName":"United States","LangCode":"ENG","Distance":0,"X":-116.56671146702401,"Y":47.314807841235002,"DisplayX":-116.56777999204,"DisplayY":47.314766015537998,"Xmin":-116.56877999204001,"Xmax":-116.56677999204,"Ymin":47.313766015538,"Ymax":47.315766015538003,"ExInfo":"","MatchID":"AQHI9wAAYhgCAJUBBAAAAAAMEFNPVVRIIDdUSCBTVFJFRVQVAzIyOWYDRU5H","PotentialID":"","StrucType":"","StrucDet":"","IN_Address":"229 SOUTH SEVENTH STREET","IN_Address2":null,"IN_Address3":null,"IN_Neighborhood":null,"IN_City":"ST. MARIES","IN_Subregion":"BENEWAH","IN_Region":"ID","IN_Postal":"83861","IN_PostalExt":null,"IN_CountryCode":null,"USER_TARGET_FID":77,"USER_ID":1283861,"USER_NAME":"BENEWAH COMMUNITY HOSPITAL","USER_ADDRESS":"229 SOUTH SEVENTH STREET","USER_CITY":"ST. MARIES","USER_STATE":"ID","USER_ZIP":83861,"USER_TELEPHONE":"(208) 245-5551","USER_TYPE":"GENERAL ACUTE CARE","USER_COUNTY":"BENEWAH","USER_LATITUDE":47.314659519999999,"USER_LONGITUDE":-116.5675792,"USER_SOURCE":"http://healthandwelfare.idaho.gov/portals/0/medical/licensingcertification/alphahospital.pdf","USER_SOURCEDATE":1596844800000,"USER_WEBSITE":"http://www.bchmed.org","USER_OWNER":"GOVERNMENT - LOCAL","USER_BEDS":19,"USER_TRAUMA":"NOT AVAILABLE","USER_HELIPAD":"Y","USER_hosp_cnt":1,"USER_HSA_label":"ST MARIES","USER_LnD":1,"USER_Pediatric":1,"USER_Gyn":1,"USER_MFM":0,"USER_CriticalAccess":1,"USER_Acute_care":1}},{"type":"Feature","id":64,"geometry":{"type":"Point","coordinates":[-116.12731552718729,45.927175926376883]},"properties":{"ObjectID":64,"Loc_name":"World","Status":"M","Score":98.260000000000005,"Match_type":"A","Match_addr":"607 W Main St, Grangeville, Idaho, 83530","LongLabel":"607 W Main St, Grangeville, ID, 83530, USA","ShortLabel":"607 W Main St","Addr_type":"PointAddress","Type":"","PlaceName":"","Place_addr":"607 W Main St, Grangeville, Idaho, 83530","Phone":"","URL":"","Rank":19.5,"AddBldg":"","AddNum":"607","AddNumFrom":"","AddNumTo":"","AddRange":"","Side":"","StPreDir":"W","StPreType":"","StName":"Main","StType":"St","StDir":"","BldgComp":"","BldgType":"","BldgName":"","LevelType":"","LevelName":"","UnitType":"","UnitName":"","RoomType":"","RoomName":"","WingType":"","WingName":"","SubAddr":"","StAddr":"607 W Main St","Block":"","Sector":"","Nbrhd":"","District":"","City":"Grangeville","MetroArea":"","Subregion":"Idaho County","Region":"Idaho","RegionAbbr":"ID","Territory":"","Zone":"","Postal":"83530","PostalExt":"1396","Country":"USA","CntryName":"United States","LangCode":"ENG","Distance":0,"X":-116.127304023191,"Y":45.926818906295999,"DisplayX":-116.127302095353,"DisplayY":45.927169772761999,"Xmin":-116.12830209535301,"Xmax":-116.126302095353,"Ymin":45.926169772762002,"Ymax":45.928169772761997,"ExInfo":"ID","MatchID":"AQGA+QAA9xICAJUBBAAAAAAMEFdFU1QgTUFJTiBTVFJFRVQVAzYwN2YDRU5H","PotentialID":"","StrucType":"","StrucDet":"","IN_Address":"607 WEST MAIN","IN_Address2":null,"IN_Address3":null,"IN_Neighborhood":null,"IN_City":"GRANGEVILLE","IN_Subregion":"IDAHO","IN_Region":"ID","IN_Postal":"83530","IN_PostalExt":null,"IN_CountryCode":null,"USER_TARGET_FID":79,"USER_ID":1983530,"USER_NAME":"SYRINGA GENERAL HOSPITAL","USER_ADDRESS":"607 WEST MAIN","USER_CITY":"GRANGEVILLE","USER_STATE":"ID","USER_ZIP":83530,"USER_TELEPHONE":"(208) 983-1700","USER_TYPE":"GENERAL ACUTE CARE","USER_COUNTY":"IDAHO","USER_LATITUDE":45.92706836,"USER_LONGITUDE":-116.1272166,"USER_SOURCE":"http://healthandwelfare.idaho.gov/portals/0/medical/licensingcertification/alphahospital.pdf","USER_SOURCEDATE":1596844800000,"USER_WEBSITE":"http://www.syringahospital.org","USER_OWNER":"GOVERNMENT - DISTRICT/AUTHORITY","USER_BEDS":16,"USER_TRAUMA":"NOT AVAILABLE","USER_HELIPAD":"N","USER_hosp_cnt":1,"USER_HSA_label":"GRANGEVILLE","USER_LnD":1,"USER_Pediatric":1,"USER_Gyn":1,"USER_MFM":0,"USER_CriticalAccess":1,"USER_Acute_care":1}},{"type":"Feature","id":65,"geometry":{"type":"Point","coordinates":[-117.28450384650677,45.432323633309018]},"properties":{"ObjectID":65,"Loc_name":"World","Status":"M","Score":98.480000000000004,"Match_type":"A","Match_addr":"601 Medical Pkwy, Enterprise, Oregon, 97828","LongLabel":"601 Medical Pkwy, Enterprise, OR, 97828, USA","ShortLabel":"601 Medical Pkwy","Addr_type":"PointAddress","Type":"","PlaceName":"","Place_addr":"601 Medical Pkwy, Enterprise, Oregon, 97828","Phone":"","URL":"","Rank":19.5,"AddBldg":"","AddNum":"601","AddNumFrom":"","AddNumTo":"","AddRange":"","Side":"","StPreDir":"","StPreType":"","StName":"Medical","StType":"Pkwy","StDir":"","BldgComp":"","BldgType":"","BldgName":"","LevelType":"","LevelName":"","UnitType":"","UnitName":"","RoomType":"","RoomName":"","WingType":"","WingName":"","SubAddr":"","StAddr":"601 Medical Pkwy","Block":"","Sector":"","Nbrhd":"","District":"","City":"Enterprise","MetroArea":"","Subregion":"Wallowa County","Region":"Oregon","RegionAbbr":"OR","Territory":"","Zone":"","Postal":"97828","PostalExt":"5124","Country":"USA","CntryName":"United States","LangCode":"ENG","Distance":0,"X":-117.28443908378701,"Y":45.431758894321,"DisplayX":-117.284490297215,"DisplayY":45.432317631986002,"Xmin":-117.28549029721501,"Xmax":-117.283490297215,"Ymin":45.431317631985998,"Ymax":45.433317631986,"ExInfo":"","MatchID":"AQH79AAACBECAJUBBAAAAAAMD01FRElDQUwgUEFSS1dBWRUDNjAxZgNFTkc","PotentialID":"","StrucType":"","StrucDet":"","IN_Address":"601 MEDICAL PARKWAY","IN_Address2":null,"IN_Address3":null,"IN_Neighborhood":null,"IN_City":"ENTERPRISE","IN_Subregion":"WALLOWA","IN_Region":"OR","IN_Postal":"97828","IN_PostalExt":null,"IN_CountryCode":null,"USER_TARGET_FID":78,"USER_ID":6697828,"USER_NAME":"WALLOWA MEMORIAL HOSPITAL","USER_ADDRESS":"601 MEDICAL PARKWAY","USER_CITY":"ENTERPRISE","USER_STATE":"OR","USER_ZIP":97828,"USER_TELEPHONE":"NOT AVAILABLE","USER_TYPE":"CRITICAL ACCESS","USER_COUNTY":"WALLOWA","USER_LATITUDE":45.432365259999997,"USER_LONGITUDE":-117.2844613,"USER_SOURCE":"https://public.health.oregon.gov/providerpartnerresources/healthcareprovidersfacilities/healthcarehealthcareregulationqualityimprovement/pages/forms.aspx#hospital","USER_SOURCEDATE":1596931200000,"USER_WEBSITE":"www.wchcd.org","USER_OWNER":"GOVERNMENT - DISTRICT/AUTHORITY","USER_BEDS":57,"USER_TRAUMA":"LEVEL IV","USER_HELIPAD":"Y","USER_hosp_cnt":1,"USER_HSA_label":"ENTERPRISE","USER_LnD":1,"USER_Pediatric":1,"USER_Gyn":1,"USER_MFM":0,"USER_CriticalAccess":1,"USER_Acute_care":1}},{"type":"Feature","id":66,"geometry":{"type":"Point","coordinates":[-116.548983608806,48.27789844708937]},"properties":{"ObjectID":66,"Loc_name":"World","Status":"M","Score":98.489999999999995,"Match_type":"A","Match_addr":"520 N 3rd Ave, Sandpoint, Idaho, 83864","LongLabel":"520 N 3rd Ave, Sandpoint, ID, 83864, USA","ShortLabel":"520 N 3rd Ave","Addr_type":"PointAddress","Type":"","PlaceName":"","Place_addr":"520 N 3rd Ave, Sandpoint, Idaho, 83864","Phone":"","URL":"","Rank":19.5,"AddBldg":"","AddNum":"520","AddNumFrom":"","AddNumTo":"","AddRange":"","Side":"","StPreDir":"N","StPreType":"","StName":"3rd","StType":"Ave","StDir":"","BldgComp":"","BldgType":"","BldgName":"","LevelType":"","LevelName":"","UnitType":"","UnitName":"","RoomType":"","RoomName":"","WingType":"","WingName":"","SubAddr":"","StAddr":"520 N 3rd Ave","Block":"","Sector":"","Nbrhd":"","District":"","City":"Sandpoint","MetroArea":"","Subregion":"Bonner County","Region":"Idaho","RegionAbbr":"ID","Territory":"","Zone":"","Postal":"83864","PostalExt":"1507","Country":"USA","CntryName":"United States","LangCode":"ENG","Distance":0,"X":-116.55028528373199,"Y":48.277896856086997,"DisplayX":-116.548969576391,"DisplayY":48.277892162221001,"Xmin":-116.54996957639101,"Xmax":-116.547969576391,"Ymin":48.276892162221003,"Ymax":48.278892162220998,"ExInfo":"","MatchID":"AQHb9wAAJRwCAJUBBAAAAAAMEE5PUlRIIDNSRCBBVkVOVUUVAzUyMGYDRU5H","PotentialID":"","StrucType":"","StrucDet":"","IN_Address":"520 NORTH THIRD AVENUE","IN_Address2":null,"IN_Address3":null,"IN_Neighborhood":null,"IN_City":"SANDPOINT","IN_Subregion":"BONNER","IN_Region":"ID","IN_Postal":"83864","IN_PostalExt":null,"IN_CountryCode":null,"USER_TARGET_FID":80,"USER_ID":183864,"USER_NAME":"BONNER GENERAL HOSPITAL","USER_ADDRESS":"520 NORTH THIRD AVENUE","USER_CITY":"SANDPOINT","USER_STATE":"ID","USER_ZIP":83864,"USER_TELEPHONE":"(208) 263-1441","USER_TYPE":"GENERAL ACUTE CARE","USER_COUNTY":"BONNER","USER_LATITUDE":48.277595789999999,"USER_LONGITUDE":-116.5494068,"USER_SOURCE":"http://healthandwelfare.idaho.gov/portals/0/medical/licensingcertification/alphahospital.pdf","USER_SOURCEDATE":1596844800000,"USER_WEBSITE":"http://www.bonnergeneral.org/index.php","USER_OWNER":"NON-PROFIT","USER_BEDS":25,"USER_TRAUMA":"NOT AVAILABLE","USER_HELIPAD":"Y","USER_hosp_cnt":1,"USER_HSA_label":"SANDPOINT","USER_LnD":0,"USER_Pediatric":1,"USER_Gyn":1,"USER_MFM":0,"USER_CriticalAccess":1,"USER_Acute_care":1}},{"type":"Feature","id":67,"geometry":{"type":"Point","coordinates":[-116.11008967595099,44.909058211416806]},"properties":{"ObjectID":67,"Loc_name":"World","Status":"M","Score":98.480000000000004,"Match_type":"A","Match_addr":"1000 State St, Mccall, Idaho, 83638","LongLabel":"1000 State St, Mccall, ID, 83638, USA","ShortLabel":"1000 State St","Addr_type":"PointAddress","Type":"","PlaceName":"","Place_addr":"1000 State St, Mccall, Idaho, 83638","Phone":"","URL":"","Rank":19.5,"AddBldg":"","AddNum":"1000","AddNumFrom":"","AddNumTo":"","AddRange":"","Side":"","StPreDir":"","StPreType":"","StName":"State","StType":"St","StDir":"","BldgComp":"","BldgType":"","BldgName":"","LevelType":"","LevelName":"","UnitType":"","UnitName":"","RoomType":"","RoomName":"","WingType":"","WingName":"","SubAddr":"","StAddr":"1000 State St","Block":"","Sector":"","Nbrhd":"","District":"","City":"Mccall","MetroArea":"","Subregion":"Valley County","Region":"Idaho","RegionAbbr":"ID","Territory":"","Zone":"","Postal":"83638","PostalExt":"3704","Country":"USA","CntryName":"United States","LangCode":"ENG","Distance":0,"X":-116.109733626298,"Y":44.909042415632001,"DisplayX":-116.110076446137,"DisplayY":44.90905213864,"Xmin":-116.11107644613701,"Xmax":-116.109076446137,"Ymin":44.908052138640002,"Ymax":44.910052138639998,"ExInfo":"","MatchID":"AQGR+QAA/Q4CAJUBBAAAAAAMDFNUQVRFIFNUUkVFVBUEMTAwMGYDRU5H","PotentialID":"","StrucType":"","StrucDet":"","IN_Address":"1000 STATE STREET","IN_Address2":null,"IN_Address3":null,"IN_Neighborhood":null,"IN_City":"MCCALL","IN_Subregion":"VALLEY","IN_Region":"ID","IN_Postal":"83638","IN_PostalExt":null,"IN_CountryCode":null,"USER_TARGET_FID":81,"USER_ID":3783638,"USER_NAME":"ST. LUKE'S MCCALL","USER_ADDRESS":"1000 STATE STREET","USER_CITY":"MCCALL","USER_STATE":"ID","USER_ZIP":83638,"USER_TELEPHONE":"(208) 634-2221","USER_TYPE":"GENERAL ACUTE CARE","USER_COUNTY":"VALLEY","USER_LATITUDE":44.909048130000002,"USER_LONGITUDE":-116.1101393,"USER_SOURCE":"http://healthandwelfare.idaho.gov/portals/0/medical/licensingcertification/alphahospital.pdf","USER_SOURCEDATE":1596844800000,"USER_WEBSITE":"http://www.mccallhosp.org","USER_OWNER":"NON-PROFIT","USER_BEDS":15,"USER_TRAUMA":"NOT AVAILABLE","USER_HELIPAD":"N","USER_hosp_cnt":1,"USER_HSA_label":"MCCALL","USER_LnD":1,"USER_Pediatric":1,"USER_Gyn":1,"USER_MFM":0,"USER_CriticalAccess":1,"USER_Acute_care":1}},{"type":"Feature","id":68,"geometry":{"type":"Point","coordinates":[-113.89178592982111,45.173202808024193]},"properties":{"ObjectID":68,"Loc_name":"World","Status":"M","Score":97.5,"Match_type":"A","Match_addr":"203 S Daisy St, Salmon, Idaho, 83467","LongLabel":"203 S Daisy St, Salmon, ID, 83467, USA","ShortLabel":"203 S Daisy St","Addr_type":"PointAddress","Type":"","PlaceName":"","Place_addr":"203 S Daisy St, Salmon, Idaho, 83467","Phone":"","URL":"","Rank":19.5,"AddBldg":"","AddNum":"203","AddNumFrom":"","AddNumTo":"","AddRange":"","Side":"","StPreDir":"S","StPreType":"","StName":"Daisy","StType":"St","StDir":"","BldgComp":"","BldgType":"","BldgName":"","LevelType":"","LevelName":"","UnitType":"","UnitName":"","RoomType":"","RoomName":"","WingType":"","WingName":"","SubAddr":"","StAddr":"203 S Daisy St","Block":"","Sector":"","Nbrhd":"","District":"","City":"Salmon","MetroArea":"","Subregion":"Lemhi County","Region":"Idaho","RegionAbbr":"ID","Territory":"","Zone":"","Postal":"83467","PostalExt":"4709","Country":"USA","CntryName":"United States","LangCode":"ENG","Distance":0,"X":-113.891319285096,"Y":45.172840186941002,"DisplayX":-113.89177308133399,"DisplayY":45.173196501645002,"Xmin":-113.892773081334,"Xmax":-113.890773081334,"Ymin":45.172196501644997,"Ymax":45.174196501645,"ExInfo":"","MatchID":"AQE8AgEABRACAJUBBAAAAAAMElNPVVRIIERBSVNZIFNUUkVFVBUDMjAzZgNFTkc","PotentialID":"","StrucType":"","StrucDet":"","IN_Address":"203 S. DAISY","IN_Address2":null,"IN_Address3":null,"IN_Neighborhood":null,"IN_City":"SALMON","IN_Subregion":"LEMHI","IN_Region":"ID","IN_Postal":"83467","IN_PostalExt":null,"IN_CountryCode":null,"USER_TARGET_FID":83,"USER_ID":3883467,"USER_NAME":"STEELE MEMORIAL MEDICAL CENTER","USER_ADDRESS":"203 S. DAISY","USER_CITY":"SALMON","USER_STATE":"ID","USER_ZIP":83467,"USER_TELEPHONE":"(208) 756-5600","USER_TYPE":"CRITICAL ACCESS","USER_COUNTY":"LEMHI","USER_LATITUDE":45.173289670000003,"USER_LONGITUDE":-113.891747,"USER_SOURCE":"http://healthandwelfare.idaho.gov/portals/0/medical/licensingcertification/alphahospital.pdf","USER_SOURCEDATE":1596844800000,"USER_WEBSITE":"www.steelemh.com","USER_OWNER":"GOVERNMENT - LOCAL","USER_BEDS":18,"USER_TRAUMA":"NOT AVAILABLE","USER_HELIPAD":"Y","USER_hosp_cnt":1,"USER_HSA_label":"SALMON","USER_LnD":1,"USER_Pediatric":1,"USER_Gyn":1,"USER_MFM":0,"USER_CriticalAccess":1,"USER_Acute_care":1}},{"type":"Feature","id":69,"geometry":{"type":"Point","coordinates":[-116.04936018806289,44.51841707332396]},"properties":{"ObjectID":69,"Loc_name":"World","Status":"M","Score":98.480000000000004,"Match_type":"A","Match_addr":"402 Lake Cascade Pkwy, Cascade, Idaho, 83611","LongLabel":"402 Lake Cascade Pkwy, Cascade, ID, 83611, USA","ShortLabel":"402 Lake Cascade Pkwy","Addr_type":"PointAddress","Type":"","PlaceName":"","Place_addr":"402 Lake Cascade Pkwy, Cascade, Idaho, 83611","Phone":"","URL":"","Rank":19.5,"AddBldg":"","AddNum":"402","AddNumFrom":"","AddNumTo":"","AddRange":"","Side":"","StPreDir":"","StPreType":"","StName":"Lake Cascade","StType":"Pkwy","StDir":"","BldgComp":"","BldgType":"","BldgName":"","LevelType":"","LevelName":"","UnitType":"","UnitName":"","RoomType":"","RoomName":"","WingType":"","WingName":"","SubAddr":"","StAddr":"402 Lake Cascade Pkwy","Block":"","Sector":"","Nbrhd":"","District":"","City":"Cascade","MetroArea":"","Subregion":"Valley County","Region":"Idaho","RegionAbbr":"ID","Territory":"","Zone":"","Postal":"83611","PostalExt":"7702","Country":"USA","CntryName":"United States","LangCode":"ENG","Distance":0,"X":-116.04909516687,"Y":44.517875674422001,"DisplayX":-116.04934704306,"DisplayY":44.518411026578001,"Xmin":-116.05034704306,"Xmax":-116.04834704306001,"Ymin":44.517411026578003,"Ymax":44.519411026577998,"ExInfo":"","MatchID":"AQHO+QAAdg0CAJUBBAAAAAAMFExBS0UgQ0FTQ0FERSBQQVJLV0FZFQM0MDJmA0VORw","PotentialID":"","StrucType":"","StrucDet":"","IN_Address":"402 LAKE CASCADE PARKWAY","IN_Address2":null,"IN_Address3":null,"IN_Neighborhood":null,"IN_City":"CASCADE","IN_Subregion":"VALLEY","IN_Region":"ID","IN_Postal":"83611","IN_PostalExt":null,"IN_CountryCode":null,"USER_TARGET_FID":82,"USER_ID":4383611,"USER_NAME":"CASCADE MEDICAL CENTER","USER_ADDRESS":"402 LAKE CASCADE PARKWAY","USER_CITY":"CASCADE","USER_STATE":"ID","USER_ZIP":83611,"USER_TELEPHONE":"(208) 382-4242","USER_TYPE":"GENERAL ACUTE CARE","USER_COUNTY":"VALLEY","USER_LATITUDE":44.518369880000002,"USER_LONGITUDE":-116.0493791,"USER_SOURCE":"http://healthandwelfare.idaho.gov/portals/0/medical/licensingcertification/alphahospital.pdf","USER_SOURCEDATE":1596844800000,"USER_WEBSITE":"http://www.cascademedicalcenter.net","USER_OWNER":"GOVERNMENT - DISTRICT/AUTHORITY","USER_BEDS":10,"USER_TRAUMA":"NOT AVAILABLE","USER_HELIPAD":"Y","USER_hosp_cnt":5,"USER_HSA_label":"BOISE","USER_LnD":0,"USER_Pediatric":1,"USER_Gyn":1,"USER_MFM":0,"USER_CriticalAccess":1,"USER_Acute_care":1}},{"type":"Feature","id":70,"geometry":{"type":"Point","coordinates":[-116.19169977280748,43.612374572210939]},"properties":{"ObjectID":70,"Loc_name":"World","Status":"M","Score":98.489999999999995,"Match_type":"A","Match_addr":"190 E Bannock St, Boise, Idaho, 83712","LongLabel":"190 E Bannock St, Boise, ID, 83712, USA","ShortLabel":"190 E Bannock St","Addr_type":"PointAddress","Type":"","PlaceName":"","Place_addr":"190 E Bannock St, Boise, Idaho, 83712","Phone":"","URL":"","Rank":19.5,"AddBldg":"","AddNum":"190","AddNumFrom":"","AddNumTo":"","AddRange":"","Side":"","StPreDir":"E","StPreType":"","StName":"Bannock","StType":"St","StDir":"","BldgComp":"","BldgType":"","BldgName":"","LevelType":"","LevelName":"","UnitType":"","UnitName":"","RoomType":"","RoomName":"","WingType":"","WingName":"","SubAddr":"","StAddr":"190 E Bannock St","Block":"","Sector":"","Nbrhd":"","District":"","City":"Boise","MetroArea":"","Subregion":"Ada County","Region":"Idaho","RegionAbbr":"ID","Territory":"","Zone":"","Postal":"83712","PostalExt":"6241","Country":"USA","CntryName":"United States","LangCode":"ENG","Distance":0,"X":-116.19187921108301,"Y":43.611984305834,"DisplayX":-116.191686762586,"DisplayY":43.612368616094997,"Xmin":-116.19268676258601,"Xmax":-116.190686762586,"Ymin":43.611368616095,"Ymax":43.613368616095002,"ExInfo":"","MatchID":"AQFA+QAA7AkCAJUBBAAAAAAME0VBU1QgQkFOTk9DSyBTVFJFRVQVAzE5MGYDRU5H","PotentialID":"","StrucType":"","StrucDet":"","IN_Address":"190 EAST BANNOCK STREET","IN_Address2":null,"IN_Address3":null,"IN_Neighborhood":null,"IN_City":"BOISE","IN_Subregion":"ADA","IN_Region":"ID","IN_Postal":"83712","IN_PostalExt":null,"IN_CountryCode":null,"USER_TARGET_FID":85,"USER_ID":155483712,"USER_NAME":"ST. LUKE'S REGIONAL MEDICAL CENTER","USER_ADDRESS":"190 EAST BANNOCK STREET","USER_CITY":"BOISE","USER_STATE":"ID","USER_ZIP":83712,"USER_TELEPHONE":"(208) 381-2222","USER_TYPE":"GENERAL ACUTE CARE","USER_COUNTY":"ADA","USER_LATITUDE":43.612565379999999,"USER_LONGITUDE":-116.1924492,"USER_SOURCE":"http://healthandwelfare.idaho.gov/portals/0/medical/licensingcertification/alphahospital.pdf","USER_SOURCEDATE":1596844800000,"USER_WEBSITE":"NOT AVAILABLE","USER_OWNER":"NON-PROFIT","USER_BEDS":604,"USER_TRAUMA":"NOT AVAILABLE","USER_HELIPAD":"Y","USER_hosp_cnt":5,"USER_HSA_label":"BOISE","USER_LnD":1,"USER_Pediatric":1,"USER_Gyn":1,"USER_MFM":1,"USER_CriticalAccess":0,"USER_Acute_care":1}},{"type":"Feature","id":71,"geometry":{"type":"Point","coordinates":[-112.18270171025192,41.724162116642816]},"properties":{"ObjectID":71,"Loc_name":"World","Status":"M","Score":99.340000000000003,"Match_type":"A","Match_addr":"905 N 1000 W, Tremonton, Utah, 84337","LongLabel":"905 N 1000 W, Tremonton, UT, 84337, USA","ShortLabel":"905 N 1000 W","Addr_type":"PointAddress","Type":"","PlaceName":"","Place_addr":"905 N 1000 W, Tremonton, Utah, 84337","Phone":"","URL":"","Rank":19.5,"AddBldg":"","AddNum":"905","AddNumFrom":"","AddNumTo":"","AddRange":"","Side":"","StPreDir":"N","StPreType":"","StName":"1000","StType":"","StDir":"W","BldgComp":"","BldgType":"","BldgName":"","LevelType":"","LevelName":"","UnitType":"","UnitName":"","RoomType":"","RoomName":"","WingType":"","WingName":"","SubAddr":"","StAddr":"905 N 1000 W","Block":"","Sector":"","Nbrhd":"","District":"","City":"Tremonton","MetroArea":"","Subregion":"Box Elder County","Region":"Utah","RegionAbbr":"UT","Territory":"","Zone":"","Postal":"84337","PostalExt":"2497","Country":"USA","CntryName":"United States","LangCode":"ENG","Distance":0,"X":-112.18141941920901,"Y":41.724216431251001,"DisplayX":-112.182689780454,"DisplayY":41.724155997729,"Xmin":-112.183689780454,"Xmax":-112.18168978045399,"Ymin":41.723155997729002,"Ymax":41.725155997728997,"ExInfo":"","MatchID":"AQHpCAEAjAICAJUBBAAAAAAMD05PUlRIIDEwMDAgV0VTVBUDOTA1ZgNFTkc","PotentialID":"","StrucType":"","StrucDet":"","IN_Address":"905 NORTH 1000 WEST","IN_Address2":null,"IN_Address3":null,"IN_Neighborhood":null,"IN_City":"TREMONTON","IN_Subregion":"BOX ELDER","IN_Region":"UT","IN_Postal":"84337","IN_PostalExt":null,"IN_CountryCode":null,"USER_TARGET_FID":87,"USER_ID":3984337,"USER_NAME":"BEAR RIVER VALLEY HOSPITAL","USER_ADDRESS":"905 NORTH 1000 WEST","USER_CITY":"TREMONTON","USER_STATE":"UT","USER_ZIP":84337,"USER_TELEPHONE":"(435) 207-4500","USER_TYPE":"GENERAL ACUTE CARE","USER_COUNTY":"BOX ELDER","USER_LATITUDE":41.724148710000001,"USER_LONGITUDE":-112.1825769,"USER_SOURCE":"https://opendata.utah.gov/health/utah-hospital-characteristics/ierb-h3t5/data","USER_SOURCEDATE":1597017600000,"USER_WEBSITE":"http://www.intermountainhealthcare.org/hospitals/bearriver","USER_OWNER":"NON-PROFIT","USER_BEDS":16,"USER_TRAUMA":"LEVEL IV","USER_HELIPAD":"Y","USER_hosp_cnt":1,"USER_HSA_label":"TREMENTON","USER_LnD":1,"USER_Pediatric":1,"USER_Gyn":1,"USER_MFM":0,"USER_CriticalAccess":1,"USER_Acute_care":1}},{"type":"Feature","id":72,"geometry":{"type":"Point","coordinates":[-112.0256230192804,41.49120940127257]},"properties":{"ObjectID":72,"Loc_name":"World","Status":"M","Score":98.390000000000001,"Match_type":"A","Match_addr":"950 Medical Dr, Brigham City, Utah, 84302","LongLabel":"950 Medical Dr, Brigham City, UT, 84302, USA","ShortLabel":"950 Medical Dr","Addr_type":"PointAddress","Type":"","PlaceName":"","Place_addr":"950 Medical Dr, Brigham City, Utah, 84302","Phone":"","URL":"","Rank":19.5,"AddBldg":"","AddNum":"950","AddNumFrom":"","AddNumTo":"","AddRange":"","Side":"","StPreDir":"","StPreType":"","StName":"Medical","StType":"Dr","StDir":"","BldgComp":"","BldgType":"","BldgName":"","LevelType":"","LevelName":"","UnitType":"","UnitName":"","RoomType":"","RoomName":"","WingType":"","WingName":"","SubAddr":"","StAddr":"950 Medical Dr","Block":"","Sector":"","Nbrhd":"","District":"","City":"Brigham City","MetroArea":"","Subregion":"Box Elder County","Region":"Utah","RegionAbbr":"UT","Territory":"","Zone":"","Postal":"84302","PostalExt":"4724","Country":"USA","CntryName":"United States","LangCode":"ENG","Distance":0,"X":-112.024879498419,"Y":41.490547243268999,"DisplayX":-112.025611154747,"DisplayY":41.491203294830001,"Xmin":-112.026611154747,"Xmax":-112.02461115474701,"Ymin":41.490203294830003,"Ymax":41.492203294829999,"ExInfo":"","MatchID":"AQGGCQEAowECAJUBBAAAAAAMDU1FRElDQUwgRFJJVkUVAzk1MGYDRU5H","PotentialID":"","StrucType":"Commercial","StrucDet":"","IN_Address":"950 SOUTH MEDICAL DRIVE","IN_Address2":null,"IN_Address3":null,"IN_Neighborhood":null,"IN_City":"BRIGHAM CITY","IN_Subregion":"BOX ELDER","IN_Region":"UT","IN_Postal":"84302","IN_PostalExt":null,"IN_CountryCode":null,"USER_TARGET_FID":88,"USER_ID":384302,"USER_NAME":"BRIGHAM CITY COMMUNITY HOSPITAL","USER_ADDRESS":"950 SOUTH MEDICAL DRIVE","USER_CITY":"BRIGHAM CITY","USER_STATE":"UT","USER_ZIP":84302,"USER_TELEPHONE":"(435) 734-9471","USER_TYPE":"GENERAL ACUTE CARE","USER_COUNTY":"BOX ELDER","USER_LATITUDE":41.49122715,"USER_LONGITUDE":-112.0257557,"USER_SOURCE":"https://opendata.utah.gov/health/utah-hospital-characteristics/ierb-h3t5/data","USER_SOURCEDATE":1597017600000,"USER_WEBSITE":"http://www.brighamcityhospital.com","USER_OWNER":"PROPRIETARY","USER_BEDS":49,"USER_TRAUMA":"LEVEL IV","USER_HELIPAD":"Y","USER_hosp_cnt":1,"USER_HSA_label":"BRIGHAM CITY","USER_LnD":1,"USER_Pediatric":1,"USER_Gyn":1,"USER_MFM":0,"USER_CriticalAccess":0,"USER_Acute_care":1}},{"type":"Feature","id":73,"geometry":{"type":"Point","coordinates":[-111.82218718783574,41.775885409278438]},"properties":{"ObjectID":73,"Loc_name":"World","Status":"M","Score":98.439999999999998,"Match_type":"A","Match_addr":"2380 N 400 E, Logan, Utah, 84341","LongLabel":"2380 N 400 E, Logan, UT, 84341, USA","ShortLabel":"2380 N 400 E","Addr_type":"PointAddress","Type":"","PlaceName":"","Place_addr":"2380 N 400 E, Logan, Utah, 84341","Phone":"","URL":"","Rank":19.5,"AddBldg":"","AddNum":"2380","AddNumFrom":"","AddNumTo":"","AddRange":"","Side":"","StPreDir":"N","StPreType":"","StName":"400","StType":"","StDir":"E","BldgComp":"","BldgType":"","BldgName":"","LevelType":"","LevelName":"","UnitType":"","UnitName":"","RoomType":"","RoomName":"","WingType":"","WingName":"","SubAddr":"","StAddr":"2380 N 400 E","Block":"","Sector":"","Nbrhd":"","District":"","City":"Logan","MetroArea":"","Subregion":"Cache County","Region":"Utah","RegionAbbr":"UT","Territory":"","Zone":"","Postal":"84341","PostalExt":"6000","Country":"USA","CntryName":"United States","LangCode":"ENG","Distance":0,"X":-111.823043772868,"Y":41.775951339758997,"DisplayX":-111.82217532388,"DisplayY":41.775879255391999,"Xmin":-111.82317532387999,"Xmax":-111.82117532388,"Ymin":41.774879255392001,"Ymax":41.776879255391997,"ExInfo":"","MatchID":"AQFRCgEAvwICAJUBBAAAAAAMDk5PUlRIIDQwMCBFQVNUFQQyMzgwZgNFTkc","PotentialID":"","StrucType":"Commercial","StrucDet":"","IN_Address":"2380 NORTH 400 EAST","IN_Address2":null,"IN_Address3":null,"IN_Neighborhood":null,"IN_City":"NORTH LOGAN","IN_Subregion":"CACHE","IN_Region":"UT","IN_Postal":"84341","IN_PostalExt":null,"IN_CountryCode":null,"USER_TARGET_FID":89,"USER_ID":1384341,"USER_NAME":"CACHE VALLEY SPECIALTY HOSPITAL","USER_ADDRESS":"2380 NORTH 400 EAST","USER_CITY":"NORTH LOGAN","USER_STATE":"UT","USER_ZIP":84341,"USER_TELEPHONE":"(435) 713-9700","USER_TYPE":"GENERAL ACUTE CARE","USER_COUNTY":"CACHE","USER_LATITUDE":41.775566470000001,"USER_LONGITUDE":-111.8212304,"USER_SOURCE":"https://opendata.utah.gov/health/utah-hospital-characteristics/ierb-h3t5/data","USER_SOURCEDATE":1597017600000,"USER_WEBSITE":"http://cachevalleyhospital.com/","USER_OWNER":"PROPRIETARY","USER_BEDS":28,"USER_TRAUMA":"LEVEL IV","USER_HELIPAD":"Y","USER_hosp_cnt":1,"USER_HSA_label":"LOGAN","USER_LnD":1,"USER_Pediatric":1,"USER_Gyn":1,"USER_MFM":0,"USER_CriticalAccess":0,"USER_Acute_care":1}},{"type":"Feature","id":74,"geometry":{"type":"Point","coordinates":[-111.99558028812523,41.090627395331168]},"properties":{"ObjectID":74,"Loc_name":"World","Status":"M","Score":98.489999999999995,"Match_type":"A","Match_addr":"1600 W Antelope Dr, Layton, Utah, 84041","LongLabel":"1600 W Antelope Dr, Layton, UT, 84041, USA","ShortLabel":"1600 W Antelope Dr","Addr_type":"PointAddress","Type":"","PlaceName":"","Place_addr":"1600 W Antelope Dr, Layton, Utah, 84041","Phone":"","URL":"","Rank":19.5,"AddBldg":"","AddNum":"1600","AddNumFrom":"","AddNumTo":"","AddRange":"","Side":"","StPreDir":"W","StPreType":"","StName":"Antelope","StType":"Dr","StDir":"","BldgComp":"","BldgType":"","BldgName":"","LevelType":"","LevelName":"","UnitType":"","UnitName":"","RoomType":"","RoomName":"","WingType":"","WingName":"","SubAddr":"","StAddr":"1600 W Antelope Dr","Block":"","Sector":"","Nbrhd":"","District":"","City":"Layton","MetroArea":"","Subregion":"Davis County","Region":"Utah","RegionAbbr":"UT","Territory":"","Zone":"","Postal":"84041","PostalExt":"1120","Country":"USA","CntryName":"United States","LangCode":"ENG","Distance":0,"X":-111.995567312462,"Y":41.089267735877002,"DisplayX":-111.995568485929,"DisplayY":41.090621329420998,"Xmin":-111.996568485929,"Xmax":-111.994568485928,"Ymin":41.089621329421,"Ymax":41.091621329421002,"ExInfo":"","MatchID":"AQGkCQEAEgACAJUBBAAAAAAME1dFU1QgQU5URUxPUEUgRFJJVkUVBDE2MDBmA0VORw","PotentialID":"","StrucType":"Commercial","StrucDet":"Medical","IN_Address":"1600 WEST ANTELOPE DRIVE","IN_Address2":null,"IN_Address3":null,"IN_Neighborhood":null,"IN_City":"LAYTON","IN_Subregion":"DAVIS","IN_Region":"UT","IN_Postal":"84041","IN_PostalExt":null,"IN_CountryCode":null,"USER_TARGET_FID":90,"USER_ID":1684041,"USER_NAME":"DAVIS HOSPITAL AND MEDICAL CENTER","USER_ADDRESS":"1600 WEST ANTELOPE DRIVE","USER_CITY":"LAYTON","USER_STATE":"UT","USER_ZIP":84041,"USER_TELEPHONE":"(801) 807-1000","USER_TYPE":"GENERAL ACUTE CARE","USER_COUNTY":"DAVIS","USER_LATITUDE":41.09104516,"USER_LONGITUDE":-111.9956731,"USER_SOURCE":"https://opendata.utah.gov/health/utah-hospital-characteristics/ierb-h3t5/data","USER_SOURCEDATE":1597017600000,"USER_WEBSITE":"http://www.davishospital.com","USER_OWNER":"PROPRIETARY","USER_BEDS":220,"USER_TRAUMA":"NOT AVAILABLE","USER_HELIPAD":"Y","USER_hosp_cnt":1,"USER_HSA_label":"LAYTON","USER_LnD":1,"USER_Pediatric":1,"USER_Gyn":1,"USER_MFM":1,"USER_CriticalAccess":0,"USER_Acute_care":1}},{"type":"Feature","id":75,"geometry":{"type":"Point","coordinates":[-116.35185408160814,43.600532602981261]},"properties":{"ObjectID":75,"Loc_name":"World","Status":"M","Score":98.489999999999995,"Match_type":"A","Match_addr":"520 S Eagle Rd, Meridian, Idaho, 83642","LongLabel":"520 S Eagle Rd, Meridian, ID, 83642, USA","ShortLabel":"520 S Eagle Rd","Addr_type":"PointAddress","Type":"","PlaceName":"","Place_addr":"520 S Eagle Rd, Meridian, Idaho, 83642","Phone":"","URL":"","Rank":19.5,"AddBldg":"","AddNum":"520","AddNumFrom":"","AddNumTo":"","AddRange":"","Side":"","StPreDir":"S","StPreType":"","StName":"Eagle","StType":"Rd","StDir":"","BldgComp":"","BldgType":"","BldgName":"","LevelType":"","LevelName":"","UnitType":"","UnitName":"","RoomType":"","RoomName":"","WingType":"","WingName":"","SubAddr":"","StAddr":"520 S Eagle Rd","Block":"","Sector":"","Nbrhd":"","District":"","City":"Meridian","MetroArea":"","Subregion":"Ada County","Region":"Idaho","RegionAbbr":"ID","Territory":"","Zone":"","Postal":"83642","PostalExt":"6351","Country":"USA","CntryName":"United States","LangCode":"ENG","Distance":0,"X":-116.354629451573,"Y":43.600704191997998,"DisplayX":-116.351841043845,"DisplayY":43.600526663289003,"Xmin":-116.352841043845,"Xmax":-116.35084104384499,"Ymin":43.599526663288998,"Ymax":43.601526663289,"ExInfo":"","MatchID":"AQGg+AAA4AkCAJUBBAAAAAAMEFNPVVRIIEVBR0xFIFJPQUQVAzUyMGYDRU5H","PotentialID":"","StrucType":"Commercial","StrucDet":"","IN_Address":"520 S. EAGLE ROAD","IN_Address2":null,"IN_Address3":null,"IN_Neighborhood":null,"IN_City":"MERIDIAN","IN_Subregion":"ADA","IN_Region":"ID","IN_Postal":"83642","IN_PostalExt":null,"IN_CountryCode":null,"USER_TARGET_FID":84,"USER_ID":155583642,"USER_NAME":"ST. LUKE'S MERIDIAN MEDICAL CENTER","USER_ADDRESS":"520 S. EAGLE ROAD","USER_CITY":"MERIDIAN","USER_STATE":"ID","USER_ZIP":83642,"USER_TELEPHONE":"(208) 706-5000","USER_TYPE":"SPECIAL","USER_COUNTY":"ADA","USER_LATITUDE":43.599696520000002,"USER_LONGITUDE":-116.3526083,"USER_SOURCE":"http://healthandwelfare.idaho.gov/portals/0/medical/licensingcertification/alphahospital.pdf","USER_SOURCEDATE":1596844800000,"USER_WEBSITE":"NOT AVAILABLE","USER_OWNER":"NON-PROFIT","USER_BEDS":-999,"USER_TRAUMA":"NOT AVAILABLE","USER_HELIPAD":"Y","USER_hosp_cnt":5,"USER_HSA_label":"BOISE","USER_LnD":1,"USER_Pediatric":1,"USER_Gyn":1,"USER_MFM":1,"USER_CriticalAccess":0,"USER_Acute_care":1}},{"type":"Feature","id":76,"geometry":{"type":"Point","coordinates":[-111.89116030255239,40.660581156446263]},"properties":{"ObjectID":76,"Loc_name":"World","Status":"M","Score":100,"Match_type":"A","Match_addr":"5121 S Cottonwood St, Salt Lake City, Utah, 84107","LongLabel":"5121 S Cottonwood St, Salt Lake City, UT, 84107, USA","ShortLabel":"5121 S Cottonwood St","Addr_type":"PointAddress","Type":"","PlaceName":"","Place_addr":"5121 S Cottonwood St, Salt Lake City, Utah, 84107","Phone":"","URL":"","Rank":19.5,"AddBldg":"","AddNum":"5121","AddNumFrom":"","AddNumTo":"","AddRange":"","Side":"","StPreDir":"S","StPreType":"","StName":"Cottonwood","StType":"St","StDir":"","BldgComp":"","BldgType":"","BldgName":"","LevelType":"","LevelName":"","UnitType":"","UnitName":"","RoomType":"","RoomName":"","WingType":"","WingName":"","SubAddr":"","StAddr":"5121 S Cottonwood St","Block":"","Sector":"","Nbrhd":"","District":"","City":"Salt Lake City","MetroArea":"","Subregion":"Salt Lake County","Region":"Utah","RegionAbbr":"UT","Territory":"","Zone":"","Postal":"84107","PostalExt":"5701","Country":"USA","CntryName":"United States","LangCode":"ENG","Distance":0,"X":-111.893417309919,"Y":40.661243419470999,"DisplayX":-111.891148580188,"DisplayY":40.660575130330997,"Xmin":-111.89214858018801,"Xmax":-111.890148580188,"Ymin":40.659575130331,"Ymax":40.661575130331002,"ExInfo":"","MatchID":"AQEMCgEAZP4BAJUBBAAAAAAMF1NPVVRIIENPVFRPTldPT0QgU1RSRUVUFQQ1MTIxZgNFTkc","PotentialID":"","StrucType":"Commercial","StrucDet":"Medical","IN_Address":"5121 SOUTH COTTONWOOD STREET","IN_Address2":null,"IN_Address3":null,"IN_Neighborhood":null,"IN_City":"MURRAY","IN_Subregion":"SALT LAKE","IN_Region":"UT","IN_Postal":"84107","IN_PostalExt":null,"IN_CountryCode":null,"USER_TARGET_FID":92,"USER_ID":2384107,"USER_NAME":"INTERMOUNTAIN MEDICAL CENTER","USER_ADDRESS":"5121 SOUTH COTTONWOOD STREET","USER_CITY":"MURRAY","USER_STATE":"UT","USER_ZIP":84107,"USER_TELEPHONE":"(801) 507-6600","USER_TYPE":"GENERAL ACUTE CARE","USER_COUNTY":"SALT LAKE","USER_LATITUDE":40.65968994,"USER_LONGITUDE":-111.8908364,"USER_SOURCE":"https://opendata.utah.gov/health/utah-hospital-characteristics/ierb-h3t5/data","USER_SOURCEDATE":1597017600000,"USER_WEBSITE":"http://www.intermountainhealthcare.org","USER_OWNER":"NON-PROFIT","USER_BEDS":452,"USER_TRAUMA":"LEVEL I","USER_HELIPAD":"Y","USER_hosp_cnt":10,"USER_HSA_label":"SALT LAKE CITY","USER_LnD":1,"USER_Pediatric":1,"USER_Gyn":1,"USER_MFM":1,"USER_CriticalAccess":0,"USER_Acute_care":1}},{"type":"Feature","id":77,"geometry":{"type":"Point","coordinates":[-111.97513574795977,40.590415056782284]},"properties":{"ObjectID":77,"Loc_name":"World","Status":"M","Score":99.340000000000003,"Match_type":"A","Match_addr":"3580 W 9000 S, West Jordan, Utah, 84088","LongLabel":"3580 W 9000 S, West Jordan, UT, 84088, USA","ShortLabel":"3580 W 9000 S","Addr_type":"PointAddress","Type":"","PlaceName":"","Place_addr":"3580 W 9000 S, West Jordan, Utah, 84088","Phone":"","URL":"","Rank":19.5,"AddBldg":"","AddNum":"3580","AddNumFrom":"","AddNumTo":"","AddRange":"","Side":"","StPreDir":"W","StPreType":"","StName":"9000","StType":"","StDir":"S","BldgComp":"","BldgType":"","BldgName":"","LevelType":"","LevelName":"","UnitType":"","UnitName":"","RoomType":"","RoomName":"","WingType":"","WingName":"","SubAddr":"","StAddr":"3580 W 9000 S","Block":"","Sector":"","Nbrhd":"","District":"","City":"West Jordan","MetroArea":"","Subregion":"Salt Lake County","Region":"Utah","RegionAbbr":"UT","Territory":"","Zone":"","Postal":"84088","PostalExt":"8812","Country":"USA","CntryName":"United States","LangCode":"ENG","Distance":0,"X":-111.975029051292,"Y":40.590065052076,"DisplayX":-111.975124018255,"DisplayY":40.590409045382998,"Xmin":-111.97612401825501,"Xmax":-111.974124018255,"Ymin":40.589409045383,"Ymax":40.591409045383003,"ExInfo":"","MatchID":"AQG4CQEAHv4BAJUBBAAAAAAMD1dFU1QgOTAwMCBTT1VUSBUEMzU4MGYDRU5H","PotentialID":"","StrucType":"","StrucDet":"","IN_Address":"3580 WEST 9000 SOUTH","IN_Address2":null,"IN_Address3":null,"IN_Neighborhood":null,"IN_City":"WEST JORDAN","IN_Subregion":"SALT LAKE","IN_Region":"UT","IN_Postal":"84088","IN_PostalExt":null,"IN_CountryCode":null,"USER_TARGET_FID":93,"USER_ID":1484088,"USER_NAME":"JORDAN VALLEY MEDICAL CENTER","USER_ADDRESS":"3580 WEST 9000 SOUTH","USER_CITY":"WEST JORDAN","USER_STATE":"UT","USER_ZIP":84088,"USER_TELEPHONE":"(801) 561-8888","USER_TYPE":"GENERAL ACUTE CARE","USER_COUNTY":"SALT LAKE","USER_LATITUDE":40.59036236,"USER_LONGITUDE":-111.9749704,"USER_SOURCE":"https://opendata.utah.gov/health/utah-hospital-characteristics/ierb-h3t5/data","USER_SOURCEDATE":1597017600000,"USER_WEBSITE":"http://www.jordanvalleymc.com","USER_OWNER":"PROPRIETARY","USER_BEDS":172,"USER_TRAUMA":"LEVEL III","USER_HELIPAD":"Y","USER_hosp_cnt":10,"USER_HSA_label":"SALT LAKE CITY","USER_LnD":1,"USER_Pediatric":1,"USER_Gyn":1,"USER_MFM":1,"USER_CriticalAccess":0,"USER_Acute_care":1}},{"type":"Feature","id":78,"geometry":{"type":"Point","coordinates":[-111.82116786147738,41.754108259338892]},"properties":{"ObjectID":78,"Loc_name":"World","Status":"M","Score":98.480000000000004,"Match_type":"A","Match_addr":"500 E 1400 N, Logan, Utah, 84341","LongLabel":"500 E 1400 N, Logan, UT, 84341, USA","ShortLabel":"500 E 1400 N","Addr_type":"PointAddress","Type":"","PlaceName":"","Place_addr":"500 E 1400 N, Logan, Utah, 84341","Phone":"","URL":"","Rank":19.5,"AddBldg":"","AddNum":"500","AddNumFrom":"","AddNumTo":"","AddRange":"","Side":"","StPreDir":"E","StPreType":"","StName":"1400","StType":"","StDir":"N","BldgComp":"","BldgType":"","BldgName":"","LevelType":"","LevelName":"","UnitType":"","UnitName":"","RoomType":"","RoomName":"","WingType":"","WingName":"","SubAddr":"","StAddr":"500 E 1400 N","Block":"","Sector":"","Nbrhd":"","District":"","City":"Logan","MetroArea":"","Subregion":"Cache County","Region":"Utah","RegionAbbr":"UT","Territory":"","Zone":"","Postal":"84341","PostalExt":"","Country":"USA","CntryName":"United States","LangCode":"ENG","Distance":0,"X":-111.821113672024,"Y":41.757415724805,"DisplayX":-111.821156000635,"DisplayY":41.754102107023002,"Xmin":-111.822156000635,"Xmax":-111.820156000635,"Ymin":41.753102107022997,"Ymax":41.755102107022999,"ExInfo":"","MatchID":"AQFSCgEAqgICAJUBBAAAAAAMD0VBU1QgMTQwMCBOT1JUSBUDNTAwZgNFTkc","PotentialID":"","StrucType":"Commercial","StrucDet":"","IN_Address":"500 EAST 1400 NORTH","IN_Address2":null,"IN_Address3":null,"IN_Neighborhood":null,"IN_City":"LOGAN","IN_Subregion":"CACHE","IN_Region":"UT","IN_Postal":"84341","IN_PostalExt":null,"IN_CountryCode":null,"USER_TARGET_FID":97,"USER_ID":4084341,"USER_NAME":"LOGAN REGIONAL HOSPITAL","USER_ADDRESS":"500 EAST 1400 NORTH","USER_CITY":"LOGAN","USER_STATE":"UT","USER_ZIP":84341,"USER_TELEPHONE":"(435) 716-1000","USER_TYPE":"GENERAL ACUTE CARE","USER_COUNTY":"CACHE","USER_LATITUDE":41.755680640000001,"USER_LONGITUDE":-111.8221832,"USER_SOURCE":"https://opendata.utah.gov/health/utah-hospital-characteristics/ierb-h3t5/data","USER_SOURCEDATE":1597017600000,"USER_WEBSITE":"http://www.loganregionalhospital.org","USER_OWNER":"NON-PROFIT","USER_BEDS":146,"USER_TRAUMA":"LEVEL III","USER_HELIPAD":"Y","USER_hosp_cnt":1,"USER_HSA_label":"LOGAN","USER_LnD":1,"USER_Pediatric":1,"USER_Gyn":1,"USER_MFM":1,"USER_CriticalAccess":0,"USER_Acute_care":1}},{"type":"Feature","id":79,"geometry":{"type":"Point","coordinates":[-111.89328838630944,40.679494880888406]},"properties":{"ObjectID":79,"Loc_name":"World","Status":"M","Score":100,"Match_type":"A","Match_addr":"4252 S Birkhill Blvd, Salt Lake City, Utah, 84107","LongLabel":"4252 S Birkhill Blvd, Salt Lake City, UT, 84107, USA","ShortLabel":"4252 S Birkhill Blvd","Addr_type":"PointAddress","Type":"","PlaceName":"","Place_addr":"4252 S Birkhill Blvd, Salt Lake City, Utah, 84107","Phone":"","URL":"","Rank":19.5,"AddBldg":"","AddNum":"4252","AddNumFrom":"","AddNumTo":"","AddRange":"","Side":"","StPreDir":"S","StPreType":"","StName":"Birkhill","StType":"Blvd","StDir":"","BldgComp":"","BldgType":"","BldgName":"","LevelType":"","LevelName":"","UnitType":"","UnitName":"","RoomType":"","RoomName":"","WingType":"","WingName":"","SubAddr":"","StAddr":"4252 S Birkhill Blvd","Block":"","Sector":"","Nbrhd":"","District":"","City":"Salt Lake City","MetroArea":"","Subregion":"Salt Lake County","Region":"Utah","RegionAbbr":"UT","Territory":"","Zone":"","Postal":"84107","PostalExt":"5715","Country":"USA","CntryName":"United States","LangCode":"ENG","Distance":0,"X":-111.892791852305,"Y":40.679485416356002,"DisplayX":-111.89327666158501,"DisplayY":40.679488852936998,"Xmin":-111.894276661585,"Xmax":-111.892276661585,"Ymin":40.678488852937001,"Ymax":40.680488852937003,"ExInfo":"","MatchID":"AQEKCgEAd/4BAJUBBAAAAAAMGFNPVVRIIEJJUktISUxMIEJPVUxFVkFSRBUENDI1MmYDRU5H","PotentialID":"","StrucType":"Commercial","StrucDet":"Medical","IN_Address":"4252 S BIRKHILL BLVD","IN_Address2":null,"IN_Address3":null,"IN_Neighborhood":null,"IN_City":"MURRAY","IN_Subregion":"SALT LAKE","IN_Region":"UT","IN_Postal":"84107","IN_PostalExt":null,"IN_CountryCode":null,"USER_TARGET_FID":95,"USER_ID":7284107,"USER_NAME":"LANDMARK HOSPITAL OF SALT LAKE CITY LLC","USER_ADDRESS":"4252 S BIRKHILL BLVD","USER_CITY":"MURRAY","USER_STATE":"UT","USER_ZIP":84107,"USER_TELEPHONE":"(801) 268-5400","USER_TYPE":"LONG TERM CARE","USER_COUNTY":"SALT LAKE","USER_LATITUDE":40.679541469999997,"USER_LONGITUDE":-111.8932824,"USER_SOURCE":"https://opendata.utah.gov/health/utah-hospital-characteristics/ierb-h3t5/data","USER_SOURCEDATE":1597017600000,"USER_WEBSITE":"http://www.landmarkhospitals.com/utah.aspx","USER_OWNER":"PROPRIETARY","USER_BEDS":38,"USER_TRAUMA":"NOT AVAILABLE","USER_HELIPAD":"N","USER_hosp_cnt":10,"USER_HSA_label":"SALT LAKE CITY","USER_LnD":0,"USER_Pediatric":0,"USER_Gyn":0,"USER_MFM":0,"USER_CriticalAccess":0,"USER_Acute_care":0}},{"type":"Feature","id":80,"geometry":{"type":"Point","coordinates":[-111.99093841907565,40.698140670679059]},"properties":{"ObjectID":80,"Loc_name":"World","Status":"M","Score":99.349999999999994,"Match_type":"A","Match_addr":"3460 S Pioneer Pkwy, West Valley City, Utah, 84120","LongLabel":"3460 S Pioneer Pkwy, West Valley City, UT, 84120, USA","ShortLabel":"3460 S Pioneer Pkwy","Addr_type":"PointAddress","Type":"","PlaceName":"","Place_addr":"3460 S Pioneer Pkwy, West Valley City, Utah, 84120","Phone":"","URL":"","Rank":19.5,"AddBldg":"","AddNum":"3460","AddNumFrom":"","AddNumTo":"","AddRange":"","Side":"","StPreDir":"S","StPreType":"","StName":"Pioneer","StType":"Pkwy","StDir":"","BldgComp":"","BldgType":"","BldgName":"","LevelType":"","LevelName":"","UnitType":"","UnitName":"","RoomType":"","RoomName":"","WingType":"","WingName":"","SubAddr":"","StAddr":"3460 S Pioneer Pkwy","Block":"","Sector":"","Nbrhd":"","District":"","City":"West Valley City","MetroArea":"","Subregion":"Salt Lake County","Region":"Utah","RegionAbbr":"UT","Territory":"","Zone":"","Postal":"84120","PostalExt":"2098","Country":"USA","CntryName":"United States","LangCode":"ENG","Distance":0,"X":-111.990364078428,"Y":40.698135318559999,"DisplayX":-111.990926671769,"DisplayY":40.698134648006999,"Xmin":-111.99192667176899,"Xmax":-111.989926671769,"Ymin":40.697134648007001,"Ymax":40.699134648007004,"ExInfo":"","MatchID":"AQGpCQEAiv4BAJUBBAAAAAAMFVNPVVRIIFBJT05FRVIgUEFSS1dBWRUEMzQ2MGYDRU5H","PotentialID":"","StrucType":"Commercial","StrucDet":"Medical","IN_Address":"3460 SOUTH PIONEER PARKWAY","IN_Address2":null,"IN_Address3":null,"IN_Neighborhood":null,"IN_City":"WEST VALLEY CITY","IN_Subregion":"SALT LAKE","IN_Region":"UT","IN_Postal":"84120","IN_PostalExt":null,"IN_CountryCode":null,"USER_TARGET_FID":94,"USER_ID":3784120,"USER_NAME":"JORDAN VALLEY MEDICAL CENTER WEST VALLEY CAMPUS","USER_ADDRESS":"3460 SOUTH PIONEER PARKWAY","USER_CITY":"WEST VALLEY CITY","USER_STATE":"UT","USER_ZIP":84120,"USER_TELEPHONE":"(801) 964-3100","USER_TYPE":"GENERAL ACUTE CARE","USER_COUNTY":"SALT LAKE","USER_LATITUDE":40.697872789999998,"USER_LONGITUDE":-111.99088039999999,"USER_SOURCE":"https://opendata.utah.gov/health/utah-hospital-characteristics/ierb-h3t5/data","USER_SOURCEDATE":1597017600000,"USER_WEBSITE":"http://www.pioneervalleyhospital.com","USER_OWNER":"PROPRIETARY","USER_BEDS":102,"USER_TRAUMA":"NOT AVAILABLE","USER_HELIPAD":"Y","USER_hosp_cnt":10,"USER_HSA_label":"SALT LAKE CITY","USER_LnD":1,"USER_Pediatric":1,"USER_Gyn":1,"USER_MFM":0,"USER_CriticalAccess":0,"USER_Acute_care":1}},{"type":"Feature","id":81,"geometry":{"type":"Point","coordinates":[-112.29707062916879,40.566756814646432]},"properties":{"ObjectID":81,"Loc_name":"World","Status":"M","Score":100,"Match_type":"A","Match_addr":"2055 N Main St, Tooele, Utah, 84074","LongLabel":"2055 N Main St, Tooele, UT, 84074, USA","ShortLabel":"2055 N Main St","Addr_type":"PointAddress","Type":"","PlaceName":"","Place_addr":"2055 N Main St, Tooele, Utah, 84074","Phone":"","URL":"","Rank":19.5,"AddBldg":"","AddNum":"2055","AddNumFrom":"","AddNumTo":"","AddRange":"","Side":"","StPreDir":"N","StPreType":"","StName":"Main","StType":"St","StDir":"","BldgComp":"","BldgType":"","BldgName":"","LevelType":"","LevelName":"","UnitType":"","UnitName":"","RoomType":"","RoomName":"","WingType":"","WingName":"","SubAddr":"","StAddr":"2055 N Main St","Block":"","Sector":"","Nbrhd":"","District":"","City":"Tooele","MetroArea":"","Subregion":"Tooele County","Region":"Utah","RegionAbbr":"UT","Territory":"","Zone":"","Postal":"84074","PostalExt":"9819","Country":"USA","CntryName":"United States","LangCode":"ENG","Distance":0,"X":-112.29581454410101,"Y":40.566639015714998,"DisplayX":-112.29705883762701,"DisplayY":40.566750830303,"Xmin":-112.298058837627,"Xmax":-112.296058837627,"Ymin":40.565750830303003,"Ymax":40.567750830302998,"ExInfo":"","MatchID":"AQF2CAEABv4BAJUBBAAAAAAMEU5PUlRIIE1BSU4gU1RSRUVUFQQyMDU1ZgNFTkc","PotentialID":"","StrucType":"Commercial","StrucDet":"","IN_Address":"2055 NORTH MAIN STREET","IN_Address2":null,"IN_Address3":null,"IN_Neighborhood":null,"IN_City":"TOOELE","IN_Subregion":"TOOELE","IN_Region":"UT","IN_Postal":"84074","IN_PostalExt":null,"IN_CountryCode":null,"USER_TARGET_FID":100,"USER_ID":4784074,"USER_NAME":"MOUNTAIN WEST MEDICAL CENTER","USER_ADDRESS":"2055 NORTH MAIN STREET","USER_CITY":"TOOELE","USER_STATE":"UT","USER_ZIP":84074,"USER_TELEPHONE":"(435) 843-3600","USER_TYPE":"GENERAL ACUTE CARE","USER_COUNTY":"TOOELE","USER_LATITUDE":40.566737230000001,"USER_LONGITUDE":-112.2972601,"USER_SOURCE":"https://opendata.utah.gov/health/utah-hospital-characteristics/ierb-h3t5/data","USER_SOURCEDATE":1597017600000,"USER_WEBSITE":"http://www.mountainwestmc.com","USER_OWNER":"PROPRIETARY","USER_BEDS":44,"USER_TRAUMA":"NOT AVAILABLE","USER_HELIPAD":"Y","USER_hosp_cnt":10,"USER_HSA_label":"SALT LAKE CITY","USER_LnD":1,"USER_Pediatric":1,"USER_Gyn":1,"USER_MFM":0,"USER_CriticalAccess":0,"USER_Acute_care":1}},{"type":"Feature","id":82,"geometry":{"type":"Point","coordinates":[-111.95409833792698,41.182753115543747]},"properties":{"ObjectID":82,"Loc_name":"World","Status":"M","Score":98.480000000000004,"Match_type":"A","Match_addr":"4401 Harrison Blvd, Ogden, Utah, 84403","LongLabel":"4401 Harrison Blvd, Ogden, UT, 84403, USA","ShortLabel":"4401 Harrison Blvd","Addr_type":"PointAddress","Type":"","PlaceName":"","Place_addr":"4401 Harrison Blvd, Ogden, Utah, 84403","Phone":"","URL":"","Rank":19.5,"AddBldg":"","AddNum":"4401","AddNumFrom":"","AddNumTo":"","AddRange":"","Side":"","StPreDir":"","StPreType":"","StName":"Harrison","StType":"Blvd","StDir":"","BldgComp":"","BldgType":"","BldgName":"","LevelType":"","LevelName":"","UnitType":"","UnitName":"","RoomType":"","RoomName":"","WingType":"","WingName":"","SubAddr":"","StAddr":"4401 Harrison Blvd","Block":"","Sector":"","Nbrhd":"","District":"","City":"Ogden","MetroArea":"","Subregion":"Weber County","Region":"Utah","RegionAbbr":"UT","Territory":"","Zone":"","Postal":"84403","PostalExt":"3195","Country":"USA","CntryName":"United States","LangCode":"ENG","Distance":0,"X":-111.95410153453901,"Y":41.182754496663001,"DisplayX":-111.954086530932,"DisplayY":41.182747036769001,"Xmin":-111.95508653093199,"Xmax":-111.953086530932,"Ymin":41.181747036769004,"Ymax":41.183747036768999,"ExInfo":"","MatchID":"AQHNCQEAbgACAJUBBAAAAAAMEkhBUlJJU09OIEJPVUxFVkFSRBUENDQwMWYDRU5H","PotentialID":"","StrucType":"Commercial","StrucDet":"","IN_Address":"4401 HARRISON BOULEVARD","IN_Address2":null,"IN_Address3":null,"IN_Neighborhood":null,"IN_City":"OGDEN","IN_Subregion":"WEBER","IN_Region":"UT","IN_Postal":"84403","IN_PostalExt":null,"IN_CountryCode":null,"USER_TARGET_FID":99,"USER_ID":2884403,"USER_NAME":"MCKAY-DEE HOSPITAL CENTER","USER_ADDRESS":"4401 HARRISON BOULEVARD","USER_CITY":"OGDEN","USER_STATE":"UT","USER_ZIP":84403,"USER_TELEPHONE":"(801) 387-2800","USER_TYPE":"GENERAL ACUTE CARE","USER_COUNTY":"WEBER","USER_LATITUDE":41.182657620000001,"USER_LONGITUDE":-111.9533733,"USER_SOURCE":"https://opendata.utah.gov/health/utah-hospital-characteristics/ierb-h3t5/data","USER_SOURCEDATE":1597017600000,"USER_WEBSITE":"http://www.mckay-dee.org","USER_OWNER":"NON-PROFIT","USER_BEDS":321,"USER_TRAUMA":"LEVEL II","USER_HELIPAD":"Y","USER_hosp_cnt":2,"USER_HSA_label":"OGDEN","USER_LnD":1,"USER_Pediatric":1,"USER_Gyn":1,"USER_MFM":1,"USER_CriticalAccess":0,"USER_Acute_care":1}},{"type":"Feature","id":83,"geometry":{"type":"Point","coordinates":[-111.97001171676953,41.165074170083862]},"properties":{"ObjectID":83,"Loc_name":"World","Status":"M","Score":98.480000000000004,"Match_type":"A","Match_addr":"5475 S 500 E, Ogden, Utah, 84405","LongLabel":"5475 S 500 E, Ogden, UT, 84405, USA","ShortLabel":"5475 S 500 E","Addr_type":"PointAddress","Type":"","PlaceName":"","Place_addr":"5475 S 500 E, Ogden, Utah, 84405","Phone":"","URL":"","Rank":19.5,"AddBldg":"","AddNum":"5475","AddNumFrom":"","AddNumTo":"","AddRange":"","Side":"","StPreDir":"S","StPreType":"","StName":"500","StType":"","StDir":"E","BldgComp":"","BldgType":"","BldgName":"","LevelType":"","LevelName":"","UnitType":"","UnitName":"","RoomType":"","RoomName":"","WingType":"","WingName":"","SubAddr":"","StAddr":"5475 S 500 E","Block":"","Sector":"","Nbrhd":"","District":"","City":"Ogden","MetroArea":"","Subregion":"Weber County","Region":"Utah","RegionAbbr":"UT","Territory":"","Zone":"","Postal":"84405","PostalExt":"6905","Country":"USA","CntryName":"United States","LangCode":"ENG","Distance":0,"X":-111.969635045142,"Y":41.165965963698,"DisplayX":-111.969999909387,"DisplayY":41.165068094230001,"Xmin":-111.970999909387,"Xmax":-111.96899990938699,"Ymin":41.164068094229997,"Ymax":41.166068094229999,"ExInfo":"","MatchID":"AQG+CQEAXQACAJUBBAAAAAAMDlNPVVRIIDUwMCBFQVNUFQQ1NDc1ZgNFTkc","PotentialID":"","StrucType":"Commercial","StrucDet":"","IN_Address":"5475 SOUTH 500 EAST","IN_Address2":null,"IN_Address3":null,"IN_Neighborhood":null,"IN_City":"OGDEN","IN_Subregion":"WEBER","IN_Region":"UT","IN_Postal":"84405","IN_PostalExt":null,"IN_CountryCode":null,"USER_TARGET_FID":101,"USER_ID":1884405,"USER_NAME":"OGDEN REGIONAL MEDICAL CENTER","USER_ADDRESS":"5475 SOUTH 500 EAST","USER_CITY":"OGDEN","USER_STATE":"UT","USER_ZIP":84405,"USER_TELEPHONE":"(801) 479-2111","USER_TYPE":"GENERAL ACUTE CARE","USER_COUNTY":"WEBER","USER_LATITUDE":41.164377510000001,"USER_LONGITUDE":-111.9703899,"USER_SOURCE":"https://opendata.utah.gov/health/utah-hospital-characteristics/ierb-h3t5/data","USER_SOURCEDATE":1597017600000,"USER_WEBSITE":"http://www.ogdenregional.com","USER_OWNER":"PROPRIETARY","USER_BEDS":238,"USER_TRAUMA":"LEVEL II","USER_HELIPAD":"Y","USER_hosp_cnt":2,"USER_HSA_label":"OGDEN","USER_LnD":1,"USER_Pediatric":1,"USER_Gyn":1,"USER_MFM":1,"USER_CriticalAccess":0,"USER_Acute_care":1}},{"type":"Feature","id":84,"geometry":{"type":"Point","coordinates":[-111.88073079503087,40.778457758826946]},"properties":{"ObjectID":84,"Loc_name":"World","Status":"M","Score":99.579999999999998,"Match_type":"A","Match_addr":"324 8th Ave, Salt Lake City, Utah, 84103","LongLabel":"324 8th Ave, Salt Lake City, UT, 84103, USA","ShortLabel":"324 8th Ave","Addr_type":"StreetAddress","Type":"","PlaceName":"","Place_addr":"324 8th Ave, Salt Lake City, Utah, 84103","Phone":"","URL":"","Rank":20,"AddBldg":"","AddNum":"324","AddNumFrom":"250","AddNumTo":"328","AddRange":"250-328","Side":"R","StPreDir":"","StPreType":"","StName":"8th","StType":"Ave","StDir":"","BldgComp":"","BldgType":"","BldgName":"","LevelType":"","LevelName":"","UnitType":"","UnitName":"","RoomType":"","RoomName":"","WingType":"","WingName":"","SubAddr":"","StAddr":"324 8th Ave","Block":"","Sector":"","Nbrhd":"Greater Avenues","District":"","City":"Salt Lake City","MetroArea":"","Subregion":"Salt Lake County","Region":"Utah","RegionAbbr":"UT","Territory":"","Zone":"","Postal":"84103","PostalExt":"","Country":"USA","CntryName":"United States","LangCode":"ENG","Distance":0,"X":-111.88071905944599,"Y":40.778451718699003,"DisplayX":-111.88071905944599,"DisplayY":40.778451718699003,"Xmin":-111.881719059446,"Xmax":-111.879719059446,"Ymin":40.777451718698998,"Ymax":40.779451718699001,"ExInfo":"","MatchID":"AQIXCgEA2v4BAJUBBAAAAAAMCjhUSCBBVkVOVUUVAzMyNGYDRU5H","PotentialID":"","StrucType":"","StrucDet":"","IN_Address":"324 8TH AVENUE","IN_Address2":null,"IN_Address3":null,"IN_Neighborhood":null,"IN_City":"SALT LAKE CITY","IN_Subregion":"SALT LAKE","IN_Region":"UT","IN_Postal":"84143","IN_PostalExt":null,"IN_CountryCode":null,"USER_TARGET_FID":96,"USER_ID":166884143,"USER_NAME":"LDS HOSPITAL","USER_ADDRESS":"324 8TH AVENUE","USER_CITY":"SALT LAKE CITY","USER_STATE":"UT","USER_ZIP":84143,"USER_TELEPHONE":"(801) 408-1100","USER_TYPE":"GENERAL ACUTE CARE","USER_COUNTY":"SALT LAKE","USER_LATITUDE":40.778223789999998,"USER_LONGITUDE":-111.8798219,"USER_SOURCE":"https://opendata.utah.gov/health/utah-hospital-characteristics/ierb-h3t5/data","USER_SOURCEDATE":1597017600000,"USER_WEBSITE":"https://intermountainhealthcare.org/locations/lds-hospital/","USER_OWNER":"NON-PROFIT","USER_BEDS":262,"USER_TRAUMA":"NOT AVAILABLE","USER_HELIPAD":"Y","USER_hosp_cnt":10,"USER_HSA_label":"SALT LAKE CITY","USER_LnD":1,"USER_Pediatric":1,"USER_Gyn":1,"USER_MFM":1,"USER_CriticalAccess":0,"USER_Acute_care":1}},{"type":"Feature","id":85,"geometry":{"type":"Point","coordinates":[-111.46937078277477,40.687844170742942]},"properties":{"ObjectID":85,"Loc_name":"World","Status":"M","Score":98.480000000000004,"Match_type":"A","Match_addr":"900 Round Valley Dr, Park City, Utah, 84060","LongLabel":"900 Round Valley Dr, Park City, UT, 84060, USA","ShortLabel":"900 Round Valley Dr","Addr_type":"PointAddress","Type":"","PlaceName":"","Place_addr":"900 Round Valley Dr, Park City, Utah, 84060","Phone":"","URL":"","Rank":19.5,"AddBldg":"","AddNum":"900","AddNumFrom":"","AddNumTo":"","AddRange":"","Side":"","StPreDir":"","StPreType":"","StName":"Round Valley","StType":"Dr","StDir":"","BldgComp":"","BldgType":"","BldgName":"","LevelType":"","LevelName":"","UnitType":"","UnitName":"","RoomType":"","RoomName":"","WingType":"","WingName":"","SubAddr":"","StAddr":"900 Round Valley Dr","Block":"","Sector":"","Nbrhd":"","District":"","City":"Park City","MetroArea":"","Subregion":"Summit County","Region":"Utah","RegionAbbr":"UT","Territory":"","Zone":"","Postal":"84060","PostalExt":"7552","Country":"USA","CntryName":"United States","LangCode":"ENG","Distance":0,"X":-111.469100979841,"Y":40.687595368682999,"DisplayX":-111.469359142459,"DisplayY":40.687838108599003,"Xmin":-111.470359142459,"Xmax":-111.46835914245899,"Ymin":40.686838108598998,"Ymax":40.688838108599001,"ExInfo":"","MatchID":"AQGyCwEAf/4BAJUBBAAAAAAMElJPVU5EIFZBTExFWSBEUklWRRUDOTAwZgNFTkc","PotentialID":"","StrucType":"Commercial","StrucDet":"","IN_Address":"900 ROUND VALLEY DRIVE","IN_Address2":null,"IN_Address3":null,"IN_Neighborhood":null,"IN_City":"PARK CITY","IN_Subregion":"SUMMIT","IN_Region":"UT","IN_Postal":"84060","IN_PostalExt":null,"IN_CountryCode":null,"USER_TARGET_FID":102,"USER_ID":5784060,"USER_NAME":"PARK CITY HOSPITAL","USER_ADDRESS":"900 ROUND VALLEY DRIVE","USER_CITY":"PARK CITY","USER_STATE":"UT","USER_ZIP":84060,"USER_TELEPHONE":"(435) 658-7000","USER_TYPE":"GENERAL ACUTE CARE","USER_COUNTY":"SUMMIT","USER_LATITUDE":40.687454359999997,"USER_LONGITUDE":-111.4694822,"USER_SOURCE":"https://opendata.utah.gov/health/utah-hospital-characteristics/ierb-h3t5/data","USER_SOURCEDATE":1597017600000,"USER_WEBSITE":"https://intermountainhealthcare.org/locations/park-city-hospital/","USER_OWNER":"NON-PROFIT","USER_BEDS":37,"USER_TRAUMA":"LEVEL IV","USER_HELIPAD":"Y","USER_hosp_cnt":10,"USER_HSA_label":"SALT LAKE CITY","USER_LnD":1,"USER_Pediatric":1,"USER_Gyn":1,"USER_MFM":0,"USER_CriticalAccess":0,"USER_Acute_care":1}},{"type":"Feature","id":86,"geometry":{"type":"Point","coordinates":[-111.97985475072969,40.519960793937926]},"properties":{"ObjectID":86,"Loc_name":"World","Status":"M","Score":99.340000000000003,"Match_type":"A","Match_addr":"3741 W 12600 S, Riverton, Utah, 84065","LongLabel":"3741 W 12600 S, Riverton, UT, 84065, USA","ShortLabel":"3741 W 12600 S","Addr_type":"PointAddress","Type":"","PlaceName":"","Place_addr":"3741 W 12600 S, Riverton, Utah, 84065","Phone":"","URL":"","Rank":19.5,"AddBldg":"","AddNum":"3741","AddNumFrom":"","AddNumTo":"","AddRange":"","Side":"","StPreDir":"W","StPreType":"","StName":"12600","StType":"","StDir":"S","BldgComp":"","BldgType":"","BldgName":"","LevelType":"","LevelName":"","UnitType":"","UnitName":"","RoomType":"","RoomName":"","WingType":"","WingName":"","SubAddr":"","StAddr":"3741 W 12600 S","Block":"","Sector":"","Nbrhd":"","District":"","City":"Riverton","MetroArea":"","Subregion":"Salt Lake County","Region":"Utah","RegionAbbr":"UT","Territory":"","Zone":"","Postal":"84065","PostalExt":"7215","Country":"USA","CntryName":"United States","LangCode":"ENG","Distance":0,"X":-111.979858368626,"Y":40.521678864267002,"DisplayX":-111.97984302974299,"DisplayY":40.519954790603002,"Xmin":-111.980843029743,"Xmax":-111.978843029743,"Ymin":40.518954790602997,"Ymax":40.520954790603,"ExInfo":"","MatchID":"AQG0CQEA1/0BAJUBBAAAAAAMEFdFU1QgMTI2MDAgU09VVEgVBDM3NDFmA0VORw","PotentialID":"","StrucType":"Commercial","StrucDet":"Medical","IN_Address":"3741 WEST 12600 SOUTH","IN_Address2":null,"IN_Address3":null,"IN_Neighborhood":null,"IN_City":"RIVERTON","IN_Subregion":"SALT LAKE","IN_Region":"UT","IN_Postal":"84065","IN_PostalExt":null,"IN_CountryCode":null,"USER_TARGET_FID":104,"USER_ID":5984065,"USER_NAME":"RIVERTON HOSPITAL","USER_ADDRESS":"3741 WEST 12600 SOUTH","USER_CITY":"RIVERTON","USER_STATE":"UT","USER_ZIP":84065,"USER_TELEPHONE":"(801) 285-4000","USER_TYPE":"GENERAL ACUTE CARE","USER_COUNTY":"SALT LAKE","USER_LATITUDE":40.520397469999999,"USER_LONGITUDE":-111.9799142,"USER_SOURCE":"https://opendata.utah.gov/health/utah-hospital-characteristics/ierb-h3t5/data","USER_SOURCEDATE":1597017600000,"USER_WEBSITE":"http://www.intermountainhealthcare.org/","USER_OWNER":"NON-PROFIT","USER_BEDS":97,"USER_TRAUMA":"NOT AVAILABLE","USER_HELIPAD":"Y","USER_hosp_cnt":10,"USER_HSA_label":"SALT LAKE CITY","USER_LnD":1,"USER_Pediatric":1,"USER_Gyn":1,"USER_MFM":1,"USER_CriticalAccess":0,"USER_Acute_care":1}},{"type":"Feature","id":87,"geometry":{"type":"Point","coordinates":[-111.88295227266559,40.644686093665385]},"properties":{"ObjectID":87,"Loc_name":"World","Status":"M","Score":99.040000000000006,"Match_type":"A","Match_addr":"5848 Fashion Blvd, Salt Lake City, Utah, 84107","LongLabel":"5848 Fashion Blvd, Salt Lake City, UT, 84107, USA","ShortLabel":"5848 Fashion Blvd","Addr_type":"StreetAddress","Type":"","PlaceName":"","Place_addr":"5848 Fashion Blvd, Salt Lake City, Utah, 84107","Phone":"","URL":"","Rank":20,"AddBldg":"","AddNum":"5848","AddNumFrom":"5776","AddNumTo":"5848","AddRange":"5776-5848","Side":"R","StPreDir":"","StPreType":"","StName":"Fashion","StType":"Blvd","StDir":"","BldgComp":"","BldgType":"","BldgName":"","LevelType":"","LevelName":"","UnitType":"","UnitName":"","RoomType":"","RoomName":"","WingType":"","WingName":"","SubAddr":"","StAddr":"5848 Fashion Blvd","Block":"","Sector":"","Nbrhd":"","District":"","City":"Salt Lake City","MetroArea":"","Subregion":"Salt Lake County","Region":"Utah","RegionAbbr":"UT","Territory":"","Zone":"","Postal":"84107","PostalExt":"","Country":"USA","CntryName":"United States","LangCode":"ENG","Distance":0,"X":-111.882940553857,"Y":40.644680068805002,"DisplayX":-111.882940553857,"DisplayY":40.644680068805002,"Xmin":-111.883940553857,"Xmax":-111.88194055385701,"Ymin":40.643680068804997,"Ymax":40.645680068805,"ExInfo":"","MatchID":"AQIVCgEAVP4BAJUBBAAAAAAMEUZBU0hJT04gQk9VTEVWQVJEFQQ1ODQ4ZgNFTkc","PotentialID":"","StrucType":"","StrucDet":"","IN_Address":"5848 WEST FASHION BOULEVARD","IN_Address2":null,"IN_Address3":null,"IN_Neighborhood":null,"IN_City":"MURRAY","IN_Subregion":"SALT LAKE","IN_Region":"UT","IN_Postal":"84107","IN_PostalExt":null,"IN_CountryCode":null,"USER_TARGET_FID":109,"USER_ID":2284107,"USER_NAME":"THE ORTHOPEDIC SPECIALTY HOSPITAL","USER_ADDRESS":"5848 WEST FASHION BOULEVARD","USER_CITY":"MURRAY","USER_STATE":"UT","USER_ZIP":84107,"USER_TELEPHONE":"(801) 314-4100","USER_TYPE":"GENERAL ACUTE CARE","USER_COUNTY":"SALT LAKE","USER_LATITUDE":40.644383849999997,"USER_LONGITUDE":-111.8835808,"USER_SOURCE":"https://opendata.utah.gov/health/utah-hospital-characteristics/ierb-h3t5/data","USER_SOURCEDATE":1597017600000,"USER_WEBSITE":"http://www.intermountainhealthcare.org","USER_OWNER":"NON-PROFIT","USER_BEDS":40,"USER_TRAUMA":"NOT AVAILABLE","USER_HELIPAD":"N","USER_hosp_cnt":10,"USER_HSA_label":"SALT LAKE CITY","USER_LnD":0,"USER_Pediatric":0,"USER_Gyn":0,"USER_MFM":0,"USER_CriticalAccess":0,"USER_Acute_care":1}},{"type":"Feature","id":88,"geometry":{"type":"Point","coordinates":[-111.8613171311742,40.767958086199172]},"properties":{"ObjectID":88,"Loc_name":"World","Status":"M","Score":100,"Match_type":"A","Match_addr":"1050 E South Temple, Salt Lake City, Utah, 84102","LongLabel":"1050 E South Temple, Salt Lake City, UT, 84102, USA","ShortLabel":"1050 E South Temple","Addr_type":"PointAddress","Type":"","PlaceName":"","Place_addr":"1050 E South Temple, Salt Lake City, Utah, 84102","Phone":"","URL":"","Rank":19.5,"AddBldg":"","AddNum":"1050","AddNumFrom":"","AddNumTo":"","AddRange":"","Side":"","StPreDir":"E","StPreType":"","StName":"South Temple","StType":"","StDir":"","BldgComp":"","BldgType":"","BldgName":"","LevelType":"","LevelName":"","UnitType":"","UnitName":"","RoomType":"","RoomName":"","WingType":"","WingName":"","SubAddr":"","StAddr":"1050 E South Temple","Block":"","Sector":"","Nbrhd":"","District":"","City":"Salt Lake City","MetroArea":"","Subregion":"Salt Lake County","Region":"Utah","RegionAbbr":"UT","Territory":"","Zone":"","Postal":"84102","PostalExt":"1507","Country":"USA","CntryName":"United States","LangCode":"ENG","Distance":0,"X":-111.86132048809,"Y":40.769321397304999,"DisplayX":-111.861305400665,"DisplayY":40.767952045782998,"Xmin":-111.86230540066499,"Xmax":-111.860305400665,"Ymin":40.766952045783,"Ymax":40.768952045783003,"ExInfo":"","MatchID":"AQEqCgEAz/4BAJUBBAAAAAAMEUVBU1QgU09VVEggVEVNUExFFQQxMDUwZgNFTkc","PotentialID":"","StrucType":"Commercial","StrucDet":"Industrial","IN_Address":"1050 EAST SOUTH TEMPLE","IN_Address2":null,"IN_Address3":null,"IN_Neighborhood":null,"IN_City":"SALT LAKE CITY","IN_Subregion":"SALT LAKE","IN_Region":"UT","IN_Postal":"84102","IN_PostalExt":null,"IN_CountryCode":null,"USER_TARGET_FID":106,"USER_ID":2984102,"USER_NAME":"SALT LAKE REGIONAL MEDICAL CENTER","USER_ADDRESS":"1050 EAST SOUTH TEMPLE","USER_CITY":"SALT LAKE CITY","USER_STATE":"UT","USER_ZIP":84102,"USER_TELEPHONE":"(801) 350-4111","USER_TYPE":"GENERAL ACUTE CARE","USER_COUNTY":"SALT LAKE","USER_LATITUDE":40.767891220000003,"USER_LONGITUDE":-111.8614233,"USER_SOURCE":"https://opendata.utah.gov/health/utah-hospital-characteristics/ierb-h3t5/data","USER_SOURCEDATE":1597017600000,"USER_WEBSITE":"http://www.saltlakeregional.com","USER_OWNER":"PROPRIETARY","USER_BEDS":158,"USER_TRAUMA":"NOT AVAILABLE","USER_HELIPAD":"Y","USER_hosp_cnt":10,"USER_HSA_label":"SALT LAKE CITY","USER_LnD":1,"USER_Pediatric":1,"USER_Gyn":1,"USER_MFM":1,"USER_CriticalAccess":0,"USER_Acute_care":1}},{"type":"Feature","id":89,"geometry":{"type":"Point","coordinates":[-111.85753956350148,40.686140182922756]},"properties":{"ObjectID":89,"Loc_name":"World","Status":"M","Score":99.340000000000003,"Match_type":"A","Match_addr":"1200 E 3900 S, Salt Lake City, Utah, 84124","LongLabel":"1200 E 3900 S, Salt Lake City, UT, 84124, USA","ShortLabel":"1200 E 3900 S","Addr_type":"PointAddress","Type":"","PlaceName":"","Place_addr":"1200 E 3900 S, Salt Lake City, Utah, 84124","Phone":"","URL":"","Rank":19.5,"AddBldg":"","AddNum":"1200","AddNumFrom":"","AddNumTo":"","AddRange":"","Side":"","StPreDir":"E","StPreType":"","StName":"3900","StType":"","StDir":"S","BldgComp":"","BldgType":"","BldgName":"","LevelType":"","LevelName":"","UnitType":"","UnitName":"","RoomType":"","RoomName":"","WingType":"","WingName":"","SubAddr":"","StAddr":"1200 E 3900 S","Block":"","Sector":"","Nbrhd":"","District":"","City":"Salt Lake City","MetroArea":"","Subregion":"Salt Lake County","Region":"Utah","RegionAbbr":"UT","Territory":"","Zone":"","Postal":"84124","PostalExt":"1300","Country":"USA","CntryName":"United States","LangCode":"ENG","Distance":0,"X":-111.857246464052,"Y":40.686386111512,"DisplayX":-111.857527844541,"DisplayY":40.686134151502998,"Xmin":-111.858527844541,"Xmax":-111.85652784454101,"Ymin":40.685134151503,"Ymax":40.687134151503002,"ExInfo":"","MatchID":"AQEuCgEAfv4BAJUBBAAAAAAMD0VBU1QgMzkwMCBTT1VUSBUEMTIwMGYDRU5H","PotentialID":"","StrucType":"Commercial","StrucDet":"Medical","IN_Address":"1200 EAST 3900 SOUTH","IN_Address2":null,"IN_Address3":null,"IN_Neighborhood":null,"IN_City":"SALT LAKE CITY","IN_Subregion":"SALT LAKE","IN_Region":"UT","IN_Postal":"84124","IN_PostalExt":null,"IN_CountryCode":null,"USER_TARGET_FID":108,"USER_ID":5184124,"USER_NAME":"ST. MARKS HOSPITAL","USER_ADDRESS":"1200 EAST 3900 SOUTH","USER_CITY":"SALT LAKE CITY","USER_STATE":"UT","USER_ZIP":84124,"USER_TELEPHONE":"(801) 268-7111","USER_TYPE":"GENERAL ACUTE CARE","USER_COUNTY":"SALT LAKE","USER_LATITUDE":40.68595826,"USER_LONGITUDE":-111.8571409,"USER_SOURCE":"https://opendata.utah.gov/health/utah-hospital-characteristics/ierb-h3t5/data","USER_SOURCEDATE":1597017600000,"USER_WEBSITE":"http://www.stmarkshospital.com","USER_OWNER":"PROPRIETARY","USER_BEDS":308,"USER_TRAUMA":"LEVEL III","USER_HELIPAD":"Y","USER_hosp_cnt":10,"USER_HSA_label":"SALT LAKE CITY","USER_LnD":1,"USER_Pediatric":1,"USER_Gyn":1,"USER_MFM":1,"USER_CriticalAccess":0,"USER_Acute_care":1}},{"type":"Feature","id":90,"geometry":{"type":"Point","coordinates":[-112.19212552119396,45.452896500028515]},"properties":{"ObjectID":90,"Loc_name":"World","Status":"M","Score":98.489999999999995,"Match_type":"A","Match_addr":"220 E Crofoot St, Sheridan, Montana, 59749","LongLabel":"220 E Crofoot St, Sheridan, MT, 59749, USA","ShortLabel":"220 E Crofoot St","Addr_type":"PointAddress","Type":"","PlaceName":"","Place_addr":"220 E Crofoot St, Sheridan, Montana, 59749","Phone":"","URL":"","Rank":19.5,"AddBldg":"","AddNum":"220","AddNumFrom":"","AddNumTo":"","AddRange":"","Side":"","StPreDir":"E","StPreType":"","StName":"Crofoot","StType":"St","StDir":"","BldgComp":"","BldgType":"","BldgName":"","LevelType":"","LevelName":"","UnitType":"","UnitName":"","RoomType":"","RoomName":"","WingType":"","WingName":"","SubAddr":"","StAddr":"220 E Crofoot St","Block":"","Sector":"","Nbrhd":"","District":"","City":"Sheridan","MetroArea":"","Subregion":"Madison County","Region":"Montana","RegionAbbr":"MT","Territory":"","Zone":"","Postal":"59749","PostalExt":"7714","Country":"USA","CntryName":"United States","LangCode":"ENG","Distance":0,"X":-112.19219963634001,"Y":45.453254704109,"DisplayX":-112.192112967461,"DisplayY":45.452890007501999,"Xmin":-112.193112967461,"Xmax":-112.191112967461,"Ymin":45.451890007502001,"Ymax":45.453890007501997,"ExInfo":"","MatchID":"AQHfCAEAHBECAJUBBAAAAAAME0VBU1QgQ1JPRk9PVCBTVFJFRVQVAzIyMGYDRU5H","PotentialID":"","StrucType":"","StrucDet":"","IN_Address":"220 E CROFOOT ST","IN_Address2":null,"IN_Address3":null,"IN_Neighborhood":null,"IN_City":"SHERIDAN","IN_Subregion":"MADISON","IN_Region":"MT","IN_Postal":"59749","IN_PostalExt":null,"IN_CountryCode":null,"USER_TARGET_FID":112,"USER_ID":3759749,"USER_NAME":"THE RUBY VALLEY HOSPITAL","USER_ADDRESS":"220 E CROFOOT ST","USER_CITY":"SHERIDAN","USER_STATE":"MT","USER_ZIP":59749,"USER_TELEPHONE":"(406) 842-5454","USER_TYPE":"CRITICAL ACCESS","USER_COUNTY":"MADISON","USER_LATITUDE":45.453027120000002,"USER_LONGITUDE":-112.1919924,"USER_SOURCE":"http://dphhs.mt.gov/qad/healthcarefacilitieslist","USER_SOURCEDATE":1596844800000,"USER_WEBSITE":"http://rubyvalleyhospital.com/","USER_OWNER":"GOVERNMENT - DISTRICT/AUTHORITY","USER_BEDS":10,"USER_TRAUMA":"TRF","USER_HELIPAD":"N","USER_hosp_cnt":1,"USER_HSA_label":"SHERIDAN","USER_LnD":0,"USER_Pediatric":1,"USER_Gyn":1,"USER_MFM":0,"USER_CriticalAccess":1,"USER_Acute_care":1}},{"type":"Feature","id":91,"geometry":{"type":"Point","coordinates":[-111.83612875378118,40.771277825450746]},"properties":{"ObjectID":91,"Loc_name":"World","Status":"M","Score":99.590000000000003,"Match_type":"A","Match_addr":"50 N Medical Dr, Salt Lake City, Utah, 84132","LongLabel":"50 N Medical Dr, Salt Lake City, UT, 84132, USA","ShortLabel":"50 N Medical Dr","Addr_type":"PointAddress","Type":"","PlaceName":"","Place_addr":"50 N Medical Dr, Salt Lake City, Utah, 84132","Phone":"","URL":"","Rank":19.5,"AddBldg":"","AddNum":"50","AddNumFrom":"","AddNumTo":"","AddRange":"","Side":"","StPreDir":"N","StPreType":"","StName":"Medical","StType":"Dr","StDir":"","BldgComp":"","BldgType":"","BldgName":"","LevelType":"","LevelName":"","UnitType":"","UnitName":"","RoomType":"","RoomName":"","WingType":"","WingName":"","SubAddr":"","StAddr":"50 N Medical Dr","Block":"","Sector":"","Nbrhd":"","District":"","City":"Salt Lake City","MetroArea":"","Subregion":"Salt Lake County","Region":"Utah","RegionAbbr":"UT","Territory":"","Zone":"","Postal":"84132","PostalExt":"","Country":"USA","CntryName":"United States","LangCode":"ENG","Distance":0,"X":-111.837303150369,"Y":40.773067437472001,"DisplayX":-111.83611702725101,"DisplayY":40.771271782355001,"Xmin":-111.837117027251,"Xmax":-111.835117027251,"Ymin":40.770271782355003,"Ymax":40.772271782354998,"ExInfo":"","MatchID":"AQFDCgEA0/4BAJUBBAAAAAAME05PUlRIIE1FRElDQUwgRFJJVkUVAjUwZgNFTkc","PotentialID":"","StrucType":"Commercial","StrucDet":"Medical","IN_Address":"50 NORTH MEDICAL DRIVE","IN_Address2":null,"IN_Address3":null,"IN_Neighborhood":null,"IN_City":"SALT LAKE CITY","IN_Subregion":"SALT LAKE","IN_Region":"UT","IN_Postal":"84112","IN_PostalExt":null,"IN_CountryCode":null,"USER_TARGET_FID":110,"USER_ID":3384112,"USER_NAME":"UNIVERSITY OF UTAH HOSPITAL","USER_ADDRESS":"50 NORTH MEDICAL DRIVE","USER_CITY":"SALT LAKE CITY","USER_STATE":"UT","USER_ZIP":84112,"USER_TELEPHONE":"(801) 581-2121","USER_TYPE":"GENERAL ACUTE CARE","USER_COUNTY":"SALT LAKE","USER_LATITUDE":40.771273090000001,"USER_LONGITUDE":-111.836113,"USER_SOURCE":"https://opendata.utah.gov/health/utah-hospital-characteristics/ierb-h3t5/data","USER_SOURCEDATE":1597017600000,"USER_WEBSITE":"http://www.uuhsc.utah.edu","USER_OWNER":"GOVERNMENT - STATE","USER_BEDS":830,"USER_TRAUMA":"LEVEL I","USER_HELIPAD":"Y","USER_hosp_cnt":10,"USER_HSA_label":"SALT LAKE CITY","USER_LnD":1,"USER_Pediatric":1,"USER_Gyn":1,"USER_MFM":1,"USER_CriticalAccess":0,"USER_Acute_care":1}},{"type":"Feature","id":92,"geometry":{"type":"Point","coordinates":[-117.42347613529243,47.651775716972999]},"properties":{"ObjectID":92,"Loc_name":"World","Status":"M","Score":99.590000000000003,"Match_type":"A","Match_addr":"800 W 5th Ave, Spokane, Washington, 99204","LongLabel":"800 W 5th Ave, Spokane, WA, 99204, USA","ShortLabel":"800 W 5th Ave","Addr_type":"PointAddress","Type":"","PlaceName":"","Place_addr":"800 W 5th Ave, Spokane, Washington, 99204","Phone":"","URL":"","Rank":19.5,"AddBldg":"","AddNum":"800","AddNumFrom":"","AddNumTo":"","AddRange":"","Side":"","StPreDir":"W","StPreType":"","StName":"5th","StType":"Ave","StDir":"","BldgComp":"","BldgType":"","BldgName":"","LevelType":"","LevelName":"","UnitType":"","UnitName":"","RoomType":"","RoomName":"","WingType":"","WingName":"","SubAddr":"","StAddr":"800 W 5th Ave","Block":"","Sector":"","Nbrhd":"","District":"","City":"Spokane","MetroArea":"","Subregion":"Spokane County","Region":"Washington","RegionAbbr":"WA","Territory":"","Zone":"","Postal":"99204","PostalExt":"2803","Country":"USA","CntryName":"United States","LangCode":"ENG","Distance":0,"X":-117.423462000407,"Y":47.651428257884,"DisplayX":-117.423462084226,"DisplayY":47.651769568981997,"Xmin":-117.42446208422599,"Xmax":-117.422462084226,"Ymin":47.650769568982,"Ymax":47.652769568982002,"ExInfo":"","MatchID":"AQFw9AAAsxkCAJUBBAAAAAAMD1dFU1QgNVRIIEFWRU5VRRUDODAwZgNFTkc","PotentialID":"","StrucType":"Commercial","StrucDet":"","IN_Address":"800 WEST FIFTH AVENUE","IN_Address2":null,"IN_Address3":null,"IN_Neighborhood":null,"IN_City":"SPOKANE","IN_Subregion":"SPOKANE","IN_Region":"WA","IN_Postal":"99210","IN_PostalExt":null,"IN_CountryCode":null,"USER_TARGET_FID":116,"USER_ID":3599210,"USER_NAME":"DEACONESS MEDICAL CENTER","USER_ADDRESS":"800 WEST FIFTH AVENUE","USER_CITY":"SPOKANE","USER_STATE":"WA","USER_ZIP":99210,"USER_TELEPHONE":"(509) 458-5800","USER_TYPE":"GENERAL ACUTE CARE","USER_COUNTY":"SPOKANE","USER_LATITUDE":47.65180024,"USER_LONGITUDE":-117.4234361,"USER_SOURCE":"https://fortress.wa.gov/doh/facilitysearch/default.aspx","USER_SOURCEDATE":1596931200000,"USER_WEBSITE":"www.deaconessspokane.com/","USER_OWNER":"NON-PROFIT","USER_BEDS":307,"USER_TRAUMA":"LEVEL III","USER_HELIPAD":"Y","USER_hosp_cnt":7,"USER_HSA_label":"SPOKANE","USER_LnD":1,"USER_Pediatric":1,"USER_Gyn":1,"USER_MFM":1,"USER_CriticalAccess":0,"USER_Acute_care":1}},{"type":"Feature","id":93,"geometry":{"type":"Point","coordinates":[-117.60324023777102,46.475521099107482]},"properties":{"ObjectID":93,"Loc_name":"World","Status":"M","Score":98.489999999999995,"Match_type":"A","Match_addr":"66 N 6th St, Pomeroy, Washington, 99347","LongLabel":"66 N 6th St, Pomeroy, WA, 99347, USA","ShortLabel":"66 N 6th St","Addr_type":"PointAddress","Type":"","PlaceName":"","Place_addr":"66 N 6th St, Pomeroy, Washington, 99347","Phone":"","URL":"","Rank":19.5,"AddBldg":"","AddNum":"66","AddNumFrom":"","AddNumTo":"","AddRange":"","Side":"","StPreDir":"N","StPreType":"","StName":"6th","StType":"St","StDir":"","BldgComp":"","BldgType":"","BldgName":"","LevelType":"","LevelName":"","UnitType":"","UnitName":"","RoomType":"","RoomName":"","WingType":"","WingName":"","SubAddr":"","StAddr":"66 N 6th St","Block":"","Sector":"","Nbrhd":"","District":"","City":"Pomeroy","MetroArea":"","Subregion":"Garfield County","Region":"Washington","RegionAbbr":"WA","Territory":"","Zone":"","Postal":"99347","PostalExt":"9705","Country":"USA","CntryName":"United States","LangCode":"ENG","Distance":0,"X":-117.602729870753,"Y":46.475196874921998,"DisplayX":-117.603226414697,"DisplayY":46.475515051965999,"Xmin":-117.604226414697,"Xmax":-117.602226414697,"Ymin":46.474515051966002,"Ymax":46.476515051965997,"ExInfo":"","MatchID":"AQG88wAAGxUCAJUBBAAAAAAMEE5PUlRIIDZUSCBTVFJFRVQVAjY2ZgNFTkc","PotentialID":"","StrucType":"","StrucDet":"","IN_Address":"66 N 6TH STREET","IN_Address2":null,"IN_Address3":null,"IN_Neighborhood":null,"IN_City":"POMEROY","IN_Subregion":"GARFIELD","IN_Region":"WA","IN_Postal":"99347","IN_PostalExt":null,"IN_CountryCode":null,"USER_TARGET_FID":118,"USER_ID":7199347,"USER_NAME":"GARFIELD COUNTY PUBLIC HOSPITAL","USER_ADDRESS":"66 N 6TH STREET","USER_CITY":"POMEROY","USER_STATE":"WA","USER_ZIP":99347,"USER_TELEPHONE":"(509) 843-1591","USER_TYPE":"CRITICAL ACCESS","USER_COUNTY":"GARFIELD","USER_LATITUDE":46.475499229999997,"USER_LONGITUDE":-117.6029482,"USER_SOURCE":"https://fortress.wa.gov/doh/facilitysearch/default.aspx","USER_SOURCEDATE":1596931200000,"USER_WEBSITE":"www.garfieldcountyphd.org/","USER_OWNER":"GOVERNMENT - DISTRICT/AUTHORITY","USER_BEDS":45,"USER_TRAUMA":"LEVEL V","USER_HELIPAD":"Y","USER_hosp_cnt":1,"USER_HSA_label":"LEWISTON","USER_LnD":0,"USER_Pediatric":1,"USER_Gyn":1,"USER_MFM":0,"USER_CriticalAccess":1,"USER_Acute_care":1}},{"type":"Feature","id":94,"geometry":{"type":"Point","coordinates":[-118.35582505191644,46.053540279644949]},"properties":{"ObjectID":94,"Loc_name":"World","Status":"M","Score":100,"Match_type":"A","Match_addr":"77 Wainwright Dr, Walla Walla, Washington, 99362","LongLabel":"77 Wainwright Dr, Walla Walla, WA, 99362, USA","ShortLabel":"77 Wainwright Dr","Addr_type":"PointAddress","Type":"","PlaceName":"","Place_addr":"77 Wainwright Dr, Walla Walla, Washington, 99362","Phone":"","URL":"","Rank":19.5,"AddBldg":"","AddNum":"77","AddNumFrom":"","AddNumTo":"","AddRange":"","Side":"","StPreDir":"","StPreType":"","StName":"Wainwright","StType":"Dr","StDir":"","BldgComp":"","BldgType":"","BldgName":"","LevelType":"","LevelName":"","UnitType":"","UnitName":"","RoomType":"","RoomName":"","WingType":"","WingName":"","SubAddr":"","StAddr":"77 Wainwright Dr","Block":"","Sector":"","Nbrhd":"","District":"","City":"Walla Walla","MetroArea":"","Subregion":"Walla Walla County","Region":"Washington","RegionAbbr":"WA","Territory":"","Zone":"","Postal":"99362","PostalExt":"3994","Country":"USA","CntryName":"United States","LangCode":"ENG","Distance":0,"X":-118.355598448941,"Y":46.053157907935002,"DisplayX":-118.355811181644,"DisplayY":46.053534339206998,"Xmin":-118.35681118164401,"Xmax":-118.354811181644,"Ymin":46.052534339207,"Ymax":46.054534339207002,"ExInfo":"","MatchID":"AQHM8AAAdRMCAJUBBAAAAAAMEFdBSU5XUklHSFQgRFJJVkUVAjc3ZgNFTkc","PotentialID":"","StrucType":"Commercial","StrucDet":"","IN_Address":"77 WAINWRIGHT DRIVE","IN_Address2":null,"IN_Address3":null,"IN_Neighborhood":null,"IN_City":"WALLA WALLA","IN_Subregion":"WALLA WALLA","IN_Region":"WA","IN_Postal":"99362","IN_PostalExt":null,"IN_CountryCode":null,"USER_TARGET_FID":119,"USER_ID":1199362,"USER_NAME":"JONATHAN M. WAINWRIGHT MEMORIAL VA MEDICAL CENTER","USER_ADDRESS":"77 WAINWRIGHT DRIVE","USER_CITY":"WALLA WALLA","USER_STATE":"WA","USER_ZIP":99362,"USER_TELEPHONE":"(509) 525-5200","USER_TYPE":"MILITARY","USER_COUNTY":"WALLA WALLA","USER_LATITUDE":46.053553409999999,"USER_LONGITUDE":-118.3585033,"USER_SOURCE":"https://fortress.wa.gov/doh/facilitysearch/default.aspx","USER_SOURCEDATE":1596931200000,"USER_WEBSITE":"http://www.wallawalla.va.gov/","USER_OWNER":"GOVERNMENT - FEDERAL","USER_BEDS":102,"USER_TRAUMA":"NOT AVAILABLE","USER_HELIPAD":"N","USER_hosp_cnt":2,"USER_HSA_label":"WALLA WALLA","USER_LnD":0,"USER_Pediatric":0,"USER_Gyn":1,"USER_MFM":0,"USER_CriticalAccess":0,"USER_Acute_care":1}},{"type":"Feature","id":95,"geometry":{"type":"Point","coordinates":[-117.23554008910429,47.670760874841548]},"properties":{"ObjectID":95,"Loc_name":"World","Status":"M","Score":98.400000000000006,"Match_type":"A","Match_addr":"12606 E Mission Ave, Spokane Valley, Washington, 99216","LongLabel":"12606 E Mission Ave, Spokane Valley, WA, 99216, USA","ShortLabel":"12606 E Mission Ave","Addr_type":"PointAddress","Type":"","PlaceName":"","Place_addr":"12606 E Mission Ave, Spokane Valley, Washington, 99216","Phone":"","URL":"","Rank":19.5,"AddBldg":"","AddNum":"12606","AddNumFrom":"","AddNumTo":"","AddRange":"","Side":"","StPreDir":"E","StPreType":"","StName":"Mission","StType":"Ave","StDir":"","BldgComp":"","BldgType":"","BldgName":"","LevelType":"","LevelName":"","UnitType":"","UnitName":"","RoomType":"","RoomName":"","WingType":"","WingName":"","SubAddr":"","StAddr":"12606 E Mission Ave","Block":"","Sector":"","Nbrhd":"","District":"","City":"Spokane Valley","MetroArea":"","Subregion":"Spokane County","Region":"Washington","RegionAbbr":"WA","Territory":"","Zone":"","Postal":"99216","PostalExt":"1090","Country":"USA","CntryName":"United States","LangCode":"ENG","Distance":0,"X":-117.23551953082701,"Y":47.671615526857998,"DisplayX":-117.235526068711,"DisplayY":47.670754705401997,"Xmin":-117.236526068711,"Xmax":-117.23452606871101,"Ymin":47.669754705401999,"Ymax":47.671754705402002,"ExInfo":"","MatchID":"AQEs9QAAxhkCAJUBBAAAAAAME0VBU1QgTUlTU0lPTiBBVkVOVUUVBTEyNjA2ZgNFTkc","PotentialID":"","StrucType":"Commercial","StrucDet":"","IN_Address":"12606 MISSION AVE E","IN_Address2":null,"IN_Address3":null,"IN_Neighborhood":null,"IN_City":"SPOKANE","IN_Subregion":"SPOKANE","IN_Region":"WA","IN_Postal":"99216","IN_PostalExt":null,"IN_CountryCode":null,"USER_TARGET_FID":120,"USER_ID":3999216,"USER_NAME":"MULTICARE VALLEY HOSPITAL AND MEDICAL CENTER","USER_ADDRESS":"12606 MISSION AVE E","USER_CITY":"SPOKANE","USER_STATE":"WA","USER_ZIP":99216,"USER_TELEPHONE":"(509) 924-6650","USER_TYPE":"GENERAL ACUTE CARE","USER_COUNTY":"SPOKANE","USER_LATITUDE":47.670764320000004,"USER_LONGITUDE":-117.2354709,"USER_SOURCE":"https://fortress.wa.gov/doh/facilitysearch/default.aspx","USER_SOURCEDATE":1596931200000,"USER_WEBSITE":"www.spokanevalleyhospital.com","USER_OWNER":"PROPRIETARY","USER_BEDS":123,"USER_TRAUMA":"LEVEL III","USER_HELIPAD":"Y","USER_hosp_cnt":7,"USER_HSA_label":"SPOKANE","USER_LnD":1,"USER_Pediatric":1,"USER_Gyn":1,"USER_MFM":1,"USER_CriticalAccess":0,"USER_Acute_care":1}},{"type":"Feature","id":96,"geometry":{"type":"Point","coordinates":[-118.68228216272588,47.331473789687152]},"properties":{"ObjectID":96,"Loc_name":"World","Status":"M","Score":98.109999999999999,"Match_type":"A","Match_addr":"502 E Amende Dr, Odessa, Washington, 99159","LongLabel":"502 E Amende Dr, Odessa, WA, 99159, USA","ShortLabel":"502 E Amende Dr","Addr_type":"PointAddress","Type":"","PlaceName":"","Place_addr":"502 E Amende Dr, Odessa, Washington, 99159","Phone":"","URL":"","Rank":19.5,"AddBldg":"","AddNum":"502","AddNumFrom":"","AddNumTo":"","AddRange":"","Side":"","StPreDir":"E","StPreType":"","StName":"Amende","StType":"Dr","StDir":"","BldgComp":"","BldgType":"","BldgName":"","LevelType":"","LevelName":"","UnitType":"","UnitName":"","RoomType":"","RoomName":"","WingType":"","WingName":"","SubAddr":"","StAddr":"502 E Amende Dr","Block":"","Sector":"","Nbrhd":"","District":"","City":"Odessa","MetroArea":"","Subregion":"Lincoln County","Region":"Washington","RegionAbbr":"WA","Territory":"","Zone":"","Postal":"99159","PostalExt":"7003","Country":"USA","CntryName":"United States","LangCode":"ENG","Distance":0,"X":-118.682266277579,"Y":47.331569635929,"DisplayX":-118.682267953959,"DisplayY":47.331467795805999,"Xmin":-118.683267953959,"Xmax":-118.68126795395899,"Ymin":47.330467795806001,"Ymax":47.332467795805997,"ExInfo":"","MatchID":"AQGF7wAAcxgCAJUBBAAAAAAMEUVBU1QgQU1FTkRFIERSSVZFFQM1MDJmA0VORw","PotentialID":"","StrucType":"Commercial","StrucDet":"","IN_Address":"502 AMENDE DR","IN_Address2":null,"IN_Address3":null,"IN_Neighborhood":null,"IN_City":"ODESSA","IN_Subregion":"LINCOLN","IN_Region":"WA","IN_Postal":"99159","IN_PostalExt":null,"IN_CountryCode":null,"USER_TARGET_FID":122,"USER_ID":2099159,"USER_NAME":"ODESSA MEMORIAL HEALTHCARE CENTER","USER_ADDRESS":"502 AMENDE DR","USER_CITY":"ODESSA","USER_STATE":"WA","USER_ZIP":99159,"USER_TELEPHONE":"(509) 982-2611","USER_TYPE":"CRITICAL ACCESS","USER_COUNTY":"LINCOLN","USER_LATITUDE":47.331189139999999,"USER_LONGITUDE":-118.68250449999999,"USER_SOURCE":"https://fortress.wa.gov/doh/facilitysearch/default.aspx","USER_SOURCEDATE":1596931200000,"USER_WEBSITE":"www.omhc.org","USER_OWNER":"GOVERNMENT - DISTRICT/AUTHORITY","USER_BEDS":25,"USER_TRAUMA":"LEVEL V","USER_HELIPAD":"N","USER_hosp_cnt":7,"USER_HSA_label":"SPOKANE","USER_LnD":0,"USER_Pediatric":1,"USER_Gyn":1,"USER_MFM":0,"USER_CriticalAccess":1,"USER_Acute_care":1}},{"type":"Feature","id":97,"geometry":{"type":"Point","coordinates":[-111.8893696596284,40.534779965146697]},"properties":{"ObjectID":97,"Loc_name":"World","Status":"M","Score":99.349999999999994,"Match_type":"A","Match_addr":"11925 S State St, Draper, Utah, 84020","LongLabel":"11925 S State St, Draper, UT, 84020, USA","ShortLabel":"11925 S State St","Addr_type":"PointAddress","Type":"","PlaceName":"","Place_addr":"11925 S State St, Draper, Utah, 84020","Phone":"","URL":"","Rank":19.5,"AddBldg":"","AddNum":"11925","AddNumFrom":"","AddNumTo":"","AddRange":"","Side":"","StPreDir":"S","StPreType":"","StName":"State","StType":"St","StDir":"","BldgComp":"","BldgType":"","BldgName":"","LevelType":"","LevelName":"","UnitType":"","UnitName":"","RoomType":"","RoomName":"","WingType":"","WingName":"","SubAddr":"","StAddr":"11925 S State St","Block":"","Sector":"","Nbrhd":"","District":"","City":"Draper","MetroArea":"","Subregion":"Salt Lake County","Region":"Utah","RegionAbbr":"UT","Territory":"","Zone":"","Postal":"84020","PostalExt":"7735","Country":"USA","CntryName":"United States","LangCode":"ENG","Distance":0,"X":-111.89145653131,"Y":40.534953996787998,"DisplayX":-111.889357954212,"DisplayY":40.534773953508001,"Xmin":-111.89035795421201,"Xmax":-111.888357954212,"Ymin":40.533773953508003,"Ymax":40.535773953507999,"ExInfo":"","MatchID":"AQEOCgEA5v0BAJUBBAAAAAAMElNPVVRIIFNUQVRFIFNUUkVFVBUFMTE5MjVmA0VORw","PotentialID":"","StrucType":"Commercial","StrucDet":"Medical","IN_Address":"11925 S STATE ST","IN_Address2":null,"IN_Address3":null,"IN_Neighborhood":null,"IN_City":"DRAPER","IN_Subregion":"SALT LAKE","IN_Region":"UT","IN_Postal":"84020","IN_PostalExt":null,"IN_CountryCode":null,"USER_TARGET_FID":98,"USER_ID":5884020,"USER_NAME":"LONE PEAK HOSPITAL","USER_ADDRESS":"11925 S STATE ST","USER_CITY":"DRAPER","USER_STATE":"UT","USER_ZIP":84020,"USER_TELEPHONE":"(801) 545-8000","USER_TYPE":"GENERAL ACUTE CARE","USER_COUNTY":"SALT LAKE","USER_LATITUDE":40.536059870000003,"USER_LONGITUDE":-111.8891261,"USER_SOURCE":"https://opendata.utah.gov/health/utah-hospital-characteristics/ierb-h3t5/data","USER_SOURCEDATE":1597017600000,"USER_WEBSITE":"http://lonepeakhospital.com","USER_OWNER":"NOT AVAILABLE","USER_BEDS":32,"USER_TRAUMA":"NOT AVAILABLE","USER_HELIPAD":"Y","USER_hosp_cnt":10,"USER_HSA_label":"SALT LAKE CITY","USER_LnD":1,"USER_Pediatric":1,"USER_Gyn":1,"USER_MFM":0,"USER_CriticalAccess":0,"USER_Acute_care":1}},{"type":"Feature","id":98,"geometry":{"type":"Point","coordinates":[-117.04924927466141,48.182443974528148]},"properties":{"ObjectID":98,"Loc_name":"World","Status":"M","Score":99.459999999999994,"Match_type":"A","Match_addr":"714 W Pine St, Newport, Washington, 99156","LongLabel":"714 W Pine St, Newport, WA, 99156, USA","ShortLabel":"714 W Pine St","Addr_type":"PointAddress","Type":"","PlaceName":"","Place_addr":"714 W Pine St, Newport, Washington, 99156","Phone":"","URL":"","Rank":19.5,"AddBldg":"","AddNum":"714","AddNumFrom":"","AddNumTo":"","AddRange":"","Side":"","StPreDir":"W","StPreType":"","StName":"Pine","StType":"St","StDir":"","BldgComp":"","BldgType":"","BldgName":"","LevelType":"","LevelName":"","UnitType":"","UnitName":"","RoomType":"","RoomName":"","WingType":"","WingName":"","SubAddr":"","StAddr":"714 W Pine St","Block":"","Sector":"","Nbrhd":"","District":"","City":"Newport","MetroArea":"","Subregion":"Pend Oreille County","Region":"Washington","RegionAbbr":"WA","Territory":"","Zone":"","Postal":"99156","PostalExt":"9046","Country":"USA","CntryName":"United States","LangCode":"ENG","Distance":0,"X":-117.048690848541,"Y":48.182182353075,"DisplayX":-117.049235169333,"DisplayY":48.182437749664999,"Xmin":-117.05023516933301,"Xmax":-117.048235169333,"Ymin":48.181437749665001,"Ymax":48.183437749664002,"ExInfo":"","MatchID":"AQHm9QAAxhsCAJUBBAAAAAAMEFdFU1QgUElORSBTVFJFRVQVAzcxNGYDRU5H","PotentialID":"","StrucType":"Commercial","StrucDet":"Medical","IN_Address":"714 WEST PINE ST.","IN_Address2":null,"IN_Address3":null,"IN_Neighborhood":null,"IN_City":"NEWPORT","IN_Subregion":"PEND OREILLE","IN_Region":"WA","IN_Postal":"99156","IN_PostalExt":null,"IN_CountryCode":null,"USER_TARGET_FID":121,"USER_ID":7099156,"USER_NAME":"NEWPORT HOSPITAL & HEALTH SERVICES","USER_ADDRESS":"714 WEST PINE ST.","USER_CITY":"NEWPORT","USER_STATE":"WA","USER_ZIP":99156,"USER_TELEPHONE":"(509) 447-2441","USER_TYPE":"CRITICAL ACCESS","USER_COUNTY":"PEND OREILLE","USER_LATITUDE":48.182422199999998,"USER_LONGITUDE":-117.0491978,"USER_SOURCE":"https://fortress.wa.gov/doh/facilitysearch/default.aspx","USER_SOURCEDATE":1596931200000,"USER_WEBSITE":"http://www.phd1.org/","USER_OWNER":"GOVERNMENT - DISTRICT/AUTHORITY","USER_BEDS":74,"USER_TRAUMA":"LEVEL IV","USER_HELIPAD":"Y","USER_hosp_cnt":7,"USER_HSA_label":"SPOKANE","USER_LnD":0,"USER_Pediatric":1,"USER_Gyn":1,"USER_MFM":0,"USER_CriticalAccess":1,"USER_Acute_care":1}},{"type":"Feature","id":99,"geometry":{"type":"Point","coordinates":[-117.97001089528406,46.311954998587801]},"properties":{"ObjectID":99,"Loc_name":"World","Status":"M","Score":98.489999999999995,"Match_type":"A","Match_addr":"1012 S 3rd St, Dayton, Washington, 99328","LongLabel":"1012 S 3rd St, Dayton, WA, 99328, USA","ShortLabel":"1012 S 3rd St","Addr_type":"PointAddress","Type":"","PlaceName":"","Place_addr":"1012 S 3rd St, Dayton, Washington, 99328","Phone":"","URL":"","Rank":19.5,"AddBldg":"","AddNum":"1012","AddNumFrom":"","AddNumTo":"","AddRange":"","Side":"","StPreDir":"S","StPreType":"","StName":"3rd","StType":"St","StDir":"","BldgComp":"","BldgType":"","BldgName":"","LevelType":"","LevelName":"","UnitType":"","UnitName":"","RoomType":"","RoomName":"","WingType":"","WingName":"","SubAddr":"","StAddr":"1012 S 3rd St","Block":"","Sector":"","Nbrhd":"","District":"","City":"Dayton","MetroArea":"","Subregion":"Columbia County","Region":"Washington","RegionAbbr":"WA","Territory":"","Zone":"","Postal":"99328","PostalExt":"1696","Country":"USA","CntryName":"United States","LangCode":"ENG","Distance":0,"X":-117.969154407256,"Y":46.312805128428998,"DisplayX":-117.969997039982,"DisplayY":46.311949000839,"Xmin":-117.970997039982,"Xmax":-117.968997039982,"Ymin":46.310949000839003,"Ymax":46.312949000838998,"ExInfo":"","MatchID":"AQFO8gAAdxQCAJUBBAAAAAAMEFNPVVRIIDNSRCBTVFJFRVQVBDEwMTJmA0VORw","PotentialID":"","StrucType":"Commercial","StrucDet":"","IN_Address":"1012 S 3RD ST","IN_Address2":null,"IN_Address3":null,"IN_Neighborhood":null,"IN_City":"DAYTON","IN_Subregion":"COLUMBIA","IN_Region":"WA","IN_Postal":"99328","IN_PostalExt":null,"IN_CountryCode":null,"USER_TARGET_FID":115,"USER_ID":7499328,"USER_NAME":"DAYTON GENERAL HOSPITAL","USER_ADDRESS":"1012 S 3RD ST","USER_CITY":"DAYTON","USER_STATE":"WA","USER_ZIP":99328,"USER_TELEPHONE":"(509) 382-2531","USER_TYPE":"CRITICAL ACCESS","USER_COUNTY":"COLUMBIA","USER_LATITUDE":46.312104779999999,"USER_LONGITUDE":-117.97025379999999,"USER_SOURCE":"https://fortress.wa.gov/doh/facilitysearch/default.aspx","USER_SOURCEDATE":1596931200000,"USER_WEBSITE":"http://www.cchd-wa.org","USER_OWNER":"GOVERNMENT - LOCAL","USER_BEDS":25,"USER_TRAUMA":"LEVEL V","USER_HELIPAD":"Y","USER_hosp_cnt":1,"USER_HSA_label":"DAYTON","USER_LnD":0,"USER_Pediatric":1,"USER_Gyn":1,"USER_MFM":0,"USER_CriticalAccess":1,"USER_Acute_care":1}},{"type":"Feature","id":100,"geometry":{"type":"Point","coordinates":[-117.89274692495519,48.540790048592449]},"properties":{"ObjectID":100,"Loc_name":"World","Status":"M","Score":98.489999999999995,"Match_type":"A","Match_addr":"982 E Columbia Ave, Colville, Washington, 99114","LongLabel":"982 E Columbia Ave, Colville, WA, 99114, USA","ShortLabel":"982 E Columbia Ave","Addr_type":"PointAddress","Type":"","PlaceName":"","Place_addr":"982 E Columbia Ave, Colville, Washington, 99114","Phone":"","URL":"","Rank":19.5,"AddBldg":"","AddNum":"982","AddNumFrom":"","AddNumTo":"","AddRange":"","Side":"","StPreDir":"E","StPreType":"","StName":"Columbia","StType":"Ave","StDir":"","BldgComp":"","BldgType":"","BldgName":"","LevelType":"","LevelName":"","UnitType":"","UnitName":"","RoomType":"","RoomName":"","WingType":"","WingName":"","SubAddr":"","StAddr":"982 E Columbia Ave","Block":"","Sector":"","Nbrhd":"","District":"","City":"Colville","MetroArea":"","Subregion":"Stevens County","Region":"Washington","RegionAbbr":"WA","Territory":"","Zone":"","Postal":"99114","PostalExt":"3352","Country":"USA","CntryName":"United States","LangCode":"ENG","Distance":0,"X":-117.892730728673,"Y":48.541274987412997,"DisplayX":-117.892732572692,"DisplayY":48.540783891705999,"Xmin":-117.893732572692,"Xmax":-117.89173257269201,"Ymin":48.539783891706001,"Ymax":48.541783891705997,"ExInfo":"","MatchID":"AQGb8gAALB0CAJUBBAAAAAAMFEVBU1QgQ09MVU1CSUEgQVZFTlVFFQM5ODJmA0VORw","PotentialID":"","StrucType":"Commercial","StrucDet":"","IN_Address":"982 E COLUMBIA AVE","IN_Address2":null,"IN_Address3":null,"IN_Neighborhood":null,"IN_City":"COLVILLE","IN_Subregion":"STEVENS","IN_Region":"WA","IN_Postal":"99114","IN_PostalExt":null,"IN_CountryCode":null,"USER_TARGET_FID":124,"USER_ID":8199114,"USER_NAME":"PROVIDENCE MOUNT CARMEL HOSPITAL","USER_ADDRESS":"982 E COLUMBIA AVE","USER_CITY":"COLVILLE","USER_STATE":"WA","USER_ZIP":99114,"USER_TELEPHONE":"(509) 684-2561","USER_TYPE":"CRITICAL ACCESS","USER_COUNTY":"STEVENS","USER_LATITUDE":48.540671789999998,"USER_LONGITUDE":-117.8927485,"USER_SOURCE":"https://fortress.wa.gov/doh/facilitysearch/default.aspx","USER_SOURCEDATE":1596931200000,"USER_WEBSITE":"http://www.providence.org","USER_OWNER":"NON-PROFIT","USER_BEDS":25,"USER_TRAUMA":"LEVEL IV","USER_HELIPAD":"Y","USER_hosp_cnt":1,"USER_HSA_label":"COLVILLE","USER_LnD":0,"USER_Pediatric":1,"USER_Gyn":1,"USER_MFM":0,"USER_CriticalAccess":1,"USER_Acute_care":1}},{"type":"Feature","id":101,"geometry":{"type":"Point","coordinates":[-117.71124777712437,48.277911439479688]},"properties":{"ObjectID":101,"Loc_name":"World","Status":"M","Score":98.489999999999995,"Match_type":"A","Match_addr":"500 E Webster Ave, Chewelah, Washington, 99109","LongLabel":"500 E Webster Ave, Chewelah, WA, 99109, USA","ShortLabel":"500 E Webster Ave","Addr_type":"PointAddress","Type":"","PlaceName":"","Place_addr":"500 E Webster Ave, Chewelah, Washington, 99109","Phone":"","URL":"","Rank":19.5,"AddBldg":"","AddNum":"500","AddNumFrom":"","AddNumTo":"","AddRange":"","Side":"","StPreDir":"E","StPreType":"","StName":"Webster","StType":"Ave","StDir":"","BldgComp":"","BldgType":"","BldgName":"","LevelType":"","LevelName":"","UnitType":"","UnitName":"","RoomType":"","RoomName":"","WingType":"","WingName":"","SubAddr":"","StAddr":"500 E Webster Ave","Block":"","Sector":"","Nbrhd":"","District":"","City":"Chewelah","MetroArea":"","Subregion":"Stevens County","Region":"Washington","RegionAbbr":"WA","Territory":"","Zone":"","Postal":"99109","PostalExt":"9523","Country":"USA","CntryName":"United States","LangCode":"ENG","Distance":0,"X":-117.711235032282,"Y":48.278186744208,"DisplayX":-117.71123352354,"DisplayY":48.277905279899997,"Xmin":-117.71223352353999,"Xmax":-117.71023352354,"Ymin":48.276905279899999,"Ymax":48.278905279900002,"ExInfo":"","MatchID":"AQFQ8wAAJRwCAJUBBAAAAAAME0VBU1QgV0VCU1RFUiBBVkVOVUUVAzUwMGYDRU5H","PotentialID":"","StrucType":"Residential","StrucDet":"Single Family","IN_Address":"500 E WEBSTER AVE","IN_Address2":null,"IN_Address3":null,"IN_Neighborhood":null,"IN_City":"CHEWELAH","IN_Subregion":"STEVENS","IN_Region":"WA","IN_Postal":"99109","IN_PostalExt":null,"IN_CountryCode":null,"USER_TARGET_FID":125,"USER_ID":2499109,"USER_NAME":"PROVIDENCE ST. JOSEPH'S HOSPITAL","USER_ADDRESS":"500 E WEBSTER AVE","USER_CITY":"CHEWELAH","USER_STATE":"WA","USER_ZIP":99109,"USER_TELEPHONE":"(509) 935-8211","USER_TYPE":"CRITICAL ACCESS","USER_COUNTY":"STEVENS","USER_LATITUDE":48.277878629999996,"USER_LONGITUDE":-117.7108944,"USER_SOURCE":"https://fortress.wa.gov/doh/facilitysearch/default.aspx","USER_SOURCEDATE":1596931200000,"USER_WEBSITE":"http://www.providence.org","USER_OWNER":"NON-PROFIT","USER_BEDS":65,"USER_TRAUMA":"LEVEL IV","USER_HELIPAD":"Y","USER_hosp_cnt":1,"USER_HSA_label":"CHEWELAH","USER_LnD":0,"USER_Pediatric":1,"USER_Gyn":1,"USER_MFM":0,"USER_CriticalAccess":1,"USER_Acute_care":1}},{"type":"Feature","id":102,"geometry":{"type":"Point","coordinates":[-117.4069446857667,47.709420166702948]},"properties":{"ObjectID":102,"Loc_name":"World","Status":"M","Score":99.590000000000003,"Match_type":"A","Match_addr":"5633 N Lidgerwood St, Spokane, Washington, 99208","LongLabel":"5633 N Lidgerwood St, Spokane, WA, 99208, USA","ShortLabel":"5633 N Lidgerwood St","Addr_type":"PointAddress","Type":"","PlaceName":"","Place_addr":"5633 N Lidgerwood St, Spokane, Washington, 99208","Phone":"","URL":"","Rank":19.5,"AddBldg":"","AddNum":"5633","AddNumFrom":"","AddNumTo":"","AddRange":"","Side":"","StPreDir":"N","StPreType":"","StName":"Lidgerwood","StType":"St","StDir":"","BldgComp":"","BldgType":"","BldgName":"","LevelType":"","LevelName":"","UnitType":"","UnitName":"","RoomType":"","RoomName":"","WingType":"","WingName":"","SubAddr":"","StAddr":"5633 N Lidgerwood St","Block":"","Sector":"","Nbrhd":"","District":"","City":"Spokane","MetroArea":"","Subregion":"Spokane County","Region":"Washington","RegionAbbr":"WA","Territory":"","Zone":"","Postal":"99208","PostalExt":"1295","Country":"USA","CntryName":"United States","LangCode":"ENG","Distance":0,"X":-117.405929573535,"Y":47.709423065049997,"DisplayX":-117.40693062423099,"DisplayY":47.709414012594998,"Xmin":-117.407930624231,"Xmax":-117.405930624231,"Ymin":47.708414012595,"Ymax":47.710414012595002,"ExInfo":"","MatchID":"AQGB9AAA7RkCAJUBBAAAAAAMF05PUlRIIExJREdFUldPT0QgU1RSRUVUFQQ1NjMzZgNFTkc","PotentialID":"","StrucType":"Commercial","StrucDet":"","IN_Address":"5633 N. LIDGERWOOD ST","IN_Address2":null,"IN_Address3":null,"IN_Neighborhood":null,"IN_City":"SPOKANE","IN_Subregion":"SPOKANE","IN_Region":"WA","IN_Postal":"99207","IN_PostalExt":null,"IN_CountryCode":null,"USER_TARGET_FID":123,"USER_ID":1999207,"USER_NAME":"PROVIDENCE HOLY FAMILY HOSPITAL","USER_ADDRESS":"5633 N. LIDGERWOOD ST","USER_CITY":"SPOKANE","USER_STATE":"WA","USER_ZIP":99207,"USER_TELEPHONE":"(509) 482-0111","USER_TYPE":"GENERAL ACUTE CARE","USER_COUNTY":"SPOKANE","USER_LATITUDE":47.709754420000003,"USER_LONGITUDE":-117.40672499999999,"USER_SOURCE":"https://fortress.wa.gov/doh/facilitysearch/default.aspx","USER_SOURCEDATE":1596931200000,"USER_WEBSITE":"http://www.providence.org","USER_OWNER":"NON-PROFIT","USER_BEDS":272,"USER_TRAUMA":"LEVEL III","USER_HELIPAD":"Y","USER_hosp_cnt":7,"USER_HSA_label":"SPOKANE","USER_LnD":1,"USER_Pediatric":1,"USER_Gyn":1,"USER_MFM":1,"USER_CriticalAccess":0,"USER_Acute_care":1}},{"type":"Feature","id":103,"geometry":{"type":"Point","coordinates":[-117.47735679069805,47.702545614974888]},"properties":{"ObjectID":103,"Loc_name":"World","Status":"M","Score":100,"Match_type":"A","Match_addr":"4815 N Assembly St, Spokane, Washington, 99205","LongLabel":"4815 N Assembly St, Spokane, WA, 99205, USA","ShortLabel":"4815 N Assembly St","Addr_type":"PointAddress","Type":"","PlaceName":"","Place_addr":"4815 N Assembly St, Spokane, Washington, 99205","Phone":"","URL":"","Rank":19.5,"AddBldg":"","AddNum":"4815","AddNumFrom":"","AddNumTo":"","AddRange":"","Side":"","StPreDir":"N","StPreType":"","StName":"Assembly","StType":"St","StDir":"","BldgComp":"","BldgType":"","BldgName":"","LevelType":"","LevelName":"","UnitType":"","UnitName":"","RoomType":"","RoomName":"","WingType":"","WingName":"","SubAddr":"","StAddr":"4815 N Assembly St","Block":"","Sector":"","Nbrhd":"","District":"","City":"Spokane","MetroArea":"","Subregion":"Spokane County","Region":"Washington","RegionAbbr":"WA","Territory":"","Zone":"","Postal":"99205","PostalExt":"6197","Country":"USA","CntryName":"United States","LangCode":"ENG","Distance":0,"X":-117.475593582483,"Y":47.702514742363,"DisplayX":-117.47734271803699,"DisplayY":47.702539468977001,"Xmin":-117.478342718037,"Xmax":-117.476342718037,"Ymin":47.701539468977003,"Ymax":47.703539468976999,"ExInfo":"","MatchID":"AQE69AAA5hkCAJUBBAAAAAAMFU5PUlRIIEFTU0VNQkxZIFNUUkVFVBUENDgxNWYDRU5H","PotentialID":"","StrucType":"Commercial","StrucDet":"","IN_Address":"4815 N. ASSEMBLY ST.","IN_Address2":null,"IN_Address3":null,"IN_Neighborhood":null,"IN_City":"SPOKANE","IN_Subregion":"SPOKANE","IN_Region":"WA","IN_Postal":"99205","IN_PostalExt":null,"IN_CountryCode":null,"USER_TARGET_FID":128,"USER_ID":4299205,"USER_NAME":"SPOKANE VA MEDICAL CENTER","USER_ADDRESS":"4815 N. ASSEMBLY ST.","USER_CITY":"SPOKANE","USER_STATE":"WA","USER_ZIP":99205,"USER_TELEPHONE":"(509) 434-7000","USER_TYPE":"MILITARY","USER_COUNTY":"SPOKANE","USER_LATITUDE":47.702472919999998,"USER_LONGITUDE":-117.47769599999999,"USER_SOURCE":"https://fortress.wa.gov/doh/facilitysearch/default.aspx","USER_SOURCEDATE":1596931200000,"USER_WEBSITE":"http://www.spokane.va.gov/","USER_OWNER":"GOVERNMENT - FEDERAL","USER_BEDS":132,"USER_TRAUMA":"NOT AVAILABLE","USER_HELIPAD":"N","USER_hosp_cnt":7,"USER_HSA_label":"SPOKANE","USER_LnD":0,"USER_Pediatric":0,"USER_Gyn":1,"USER_MFM":0,"USER_CriticalAccess":0,"USER_Acute_care":1}},{"type":"Feature","id":104,"geometry":{"type":"Point","coordinates":[-117.16945056767695,46.71255434174634]},"properties":{"ObjectID":104,"Loc_name":"World","Status":"M","Score":98.489999999999995,"Match_type":"A","Match_addr":"835 SE Bishop Blvd, Pullman, Washington, 99163","LongLabel":"835 SE Bishop Blvd, Pullman, WA, 99163, USA","ShortLabel":"835 SE Bishop Blvd","Addr_type":"PointAddress","Type":"","PlaceName":"","Place_addr":"835 SE Bishop Blvd, Pullman, Washington, 99163","Phone":"","URL":"","Rank":19.5,"AddBldg":"","AddNum":"835","AddNumFrom":"","AddNumTo":"","AddRange":"","Side":"","StPreDir":"SE","StPreType":"","StName":"Bishop","StType":"Blvd","StDir":"","BldgComp":"","BldgType":"","BldgName":"","LevelType":"","LevelName":"","UnitType":"","UnitName":"","RoomType":"","RoomName":"","WingType":"","WingName":"","SubAddr":"","StAddr":"835 SE Bishop Blvd","Block":"","Sector":"","Nbrhd":"","District":"","City":"Pullman","MetroArea":"","Subregion":"Whitman County","Region":"Washington","RegionAbbr":"WA","Territory":"","Zone":"","Postal":"99163","PostalExt":"5512","Country":"USA","CntryName":"United States","LangCode":"ENG","Distance":0,"X":-117.169784538993,"Y":46.713428416620999,"DisplayX":-117.16943677383,"DisplayY":46.712548232968999,"Xmin":-117.17043677383,"Xmax":-117.16843677383,"Ymin":46.711548232969001,"Ymax":46.713548232969003,"ExInfo":"","MatchID":"AQFu9QAACBYCAJUBBAAAAAAMG1NPVVRIIEVBU1QgQklTSE9QIEJPVUxFVkFSRBUDODM1ZgNFTkc","PotentialID":"","StrucType":"","StrucDet":"","IN_Address":"835 SOUTHEAST BISHOP BOULEVARD","IN_Address2":null,"IN_Address3":null,"IN_Neighborhood":null,"IN_City":"PULLMAN","IN_Subregion":"WHITMAN","IN_Region":"WA","IN_Postal":"99163","IN_PostalExt":null,"IN_CountryCode":null,"USER_TARGET_FID":126,"USER_ID":3399163,"USER_NAME":"PULLMAN REGIONAL HOSPITAL","USER_ADDRESS":"835 SOUTHEAST BISHOP BOULEVARD","USER_CITY":"PULLMAN","USER_STATE":"WA","USER_ZIP":99163,"USER_TELEPHONE":"(509) 332-2541","USER_TYPE":"CRITICAL ACCESS","USER_COUNTY":"WHITMAN","USER_LATITUDE":46.712388240000003,"USER_LONGITUDE":-117.16980599999999,"USER_SOURCE":"https://fortress.wa.gov/doh/facilitysearch/default.aspx","USER_SOURCEDATE":1596931200000,"USER_WEBSITE":"www.pullmanhospital.org","USER_OWNER":"GOVERNMENT - DISTRICT/AUTHORITY","USER_BEDS":25,"USER_TRAUMA":"LEVEL IV","USER_HELIPAD":"Y","USER_hosp_cnt":1,"USER_HSA_label":"PULLMAN","USER_LnD":1,"USER_Pediatric":1,"USER_Gyn":1,"USER_MFM":0,"USER_CriticalAccess":1,"USER_Acute_care":1}},{"type":"Feature","id":105,"geometry":{"type":"Point","coordinates":[-117.67025767839537,47.627395373453048]},"properties":{"ObjectID":105,"Loc_name":"World","Status":"M","Score":97.359999999999999,"Match_type":"A","Match_addr":"701 Hospital Loop, Fairchild Air Force Base, Washington, 99011","LongLabel":"701 Hospital Loop, Fairchild Air Force Base, WA, 99011, USA","ShortLabel":"701 Hospital Loop","Addr_type":"PointAddress","Type":"","PlaceName":"","Place_addr":"701 Hospital Loop, Fairchild Air Force Base, Washington, 99011","Phone":"","URL":"","Rank":19.5,"AddBldg":"","AddNum":"701","AddNumFrom":"","AddNumTo":"","AddRange":"","Side":"","StPreDir":"","StPreType":"","StName":"Hospital","StType":"Loop","StDir":"","BldgComp":"","BldgType":"","BldgName":"","LevelType":"","LevelName":"","UnitType":"","UnitName":"","RoomType":"","RoomName":"","WingType":"","WingName":"","SubAddr":"","StAddr":"701 Hospital Loop","Block":"","Sector":"","Nbrhd":"","District":"","City":"Fairchild Air Force Base","MetroArea":"","Subregion":"Spokane County","Region":"Washington","RegionAbbr":"WA","Territory":"","Zone":"","Postal":"99011","PostalExt":"8704","Country":"USA","CntryName":"United States","LangCode":"ENG","Distance":0,"X":-117.651283302186,"Y":47.635585748418997,"DisplayX":-117.67024358626,"DisplayY":47.627389252943999,"Xmin":-117.67124358626,"Xmax":-117.66924358626,"Ymin":47.626389252944001,"Ymax":47.628389252943997,"ExInfo":"","MatchID":"AQF58wAAmxkCAJUBBAAAAAAMDUhPU1BJVEFMIExPT1AVAzcwMWYDRU5H","PotentialID":"","StrucType":"","StrucDet":"","IN_Address":"701 HOSPITAL LOOP","IN_Address2":null,"IN_Address3":null,"IN_Neighborhood":null,"IN_City":"FAIRCHILD AIR FORCE BASE","IN_Subregion":"SPOKANE","IN_Region":"WA","IN_Postal":"98438","IN_PostalExt":null,"IN_CountryCode":null,"USER_TARGET_FID":129,"USER_ID":498438,"USER_NAME":"US AIR FORCE HOSPITAL 92ND MEDICAL GROUP","USER_ADDRESS":"701 HOSPITAL LOOP","USER_CITY":"FAIRCHILD AIR FORCE BASE","USER_STATE":"WA","USER_ZIP":98438,"USER_TELEPHONE":"(509) 247-2361","USER_TYPE":"MILITARY","USER_COUNTY":"SPOKANE","USER_LATITUDE":47.63941604,"USER_LONGITUDE":-117.64527529999999,"USER_SOURCE":"https://fortress.wa.gov/doh/facilitysearch/default.aspx","USER_SOURCEDATE":1596931200000,"USER_WEBSITE":"NOT AVAILABLE","USER_OWNER":"GOVERNMENT - FEDERAL","USER_BEDS":48,"USER_TRAUMA":"NOT AVAILABLE","USER_HELIPAD":"N","USER_hosp_cnt":7,"USER_HSA_label":"SPOKANE","USER_LnD":0,"USER_Pediatric":1,"USER_Gyn":1,"USER_MFM":0,"USER_CriticalAccess":0,"USER_Acute_care":1}},{"type":"Feature","id":106,"geometry":{"type":"Point","coordinates":[-114.88867140790286,47.468662354791874]},"properties":{"ObjectID":106,"Loc_name":"World","Status":"M","Score":98.480000000000004,"Match_type":"A","Match_addr":"10 Kruger Rd, Plains, Montana, 59859","LongLabel":"10 Kruger Rd, Plains, MT, 59859, USA","ShortLabel":"10 Kruger Rd","Addr_type":"PointAddress","Type":"","PlaceName":"","Place_addr":"10 Kruger Rd, Plains, Montana, 59859","Phone":"","URL":"","Rank":19.5,"AddBldg":"","AddNum":"10","AddNumFrom":"","AddNumTo":"","AddRange":"","Side":"","StPreDir":"","StPreType":"","StName":"Kruger","StType":"Rd","StDir":"","BldgComp":"","BldgType":"","BldgName":"","LevelType":"","LevelName":"","UnitType":"","UnitName":"","RoomType":"","RoomName":"","WingType":"","WingName":"","SubAddr":"","StAddr":"10 Kruger Rd","Block":"","Sector":"","Nbrhd":"","District":"","City":"Plains","MetroArea":"","Subregion":"Sanders County","Region":"Montana","RegionAbbr":"MT","Territory":"","Zone":"","Postal":"59859","PostalExt":"","Country":"USA","CntryName":"United States","LangCode":"ENG","Distance":0,"X":-114.888206522394,"Y":47.469493810772001,"DisplayX":-114.88865788788,"DisplayY":47.46865595573,"Xmin":-114.88965788788001,"Xmax":-114.88765788788,"Ymin":47.467655955730002,"Ymax":47.469655955729998,"ExInfo":"","MatchID":"AQFX/gAA/BgCAJUBBAAAAAAMC0tSVUdFUiBST0FEFQIxMGYDRU5H","PotentialID":"","StrucType":"","StrucDet":"","IN_Address":"10 KRUGER RD","IN_Address2":null,"IN_Address3":null,"IN_Neighborhood":null,"IN_City":"PLAINS","IN_Subregion":"SANDERS","IN_Region":"MT","IN_Postal":"59859","IN_PostalExt":null,"IN_CountryCode":null,"USER_TARGET_FID":133,"USER_ID":3059859,"USER_NAME":"CLARK FORK VALLEY HOSPITAL","USER_ADDRESS":"10 KRUGER RD","USER_CITY":"PLAINS","USER_STATE":"MT","USER_ZIP":59859,"USER_TELEPHONE":"(406) 826-4800","USER_TYPE":"CRITICAL ACCESS","USER_COUNTY":"SANDERS","USER_LATITUDE":47.468472669999997,"USER_LONGITUDE":-114.8881884,"USER_SOURCE":"http://dphhs.mt.gov/qad/healthcarefacilitieslist","USER_SOURCEDATE":1596844800000,"USER_WEBSITE":"http://www.cfvh.org","USER_OWNER":"NON-PROFIT","USER_BEDS":44,"USER_TRAUMA":"CTH","USER_HELIPAD":"Y","USER_hosp_cnt":1,"USER_HSA_label":"PLAINS","USER_LnD":0,"USER_Pediatric":1,"USER_Gyn":1,"USER_MFM":0,"USER_CriticalAccess":1,"USER_Acute_care":1}},{"type":"Feature","id":107,"geometry":{"type":"Point","coordinates":[-111.30077611157043,45.260431429808996]},"properties":{"ObjectID":107,"Loc_name":"World","Status":"M","Score":98.480000000000004,"Match_type":"A","Match_addr":"334 Town Center Ave, Big Sky, Montana, 59716","LongLabel":"334 Town Center Ave, Big Sky, MT, 59716, USA","ShortLabel":"334 Town Center Ave","Addr_type":"PointAddress","Type":"","PlaceName":"","Place_addr":"334 Town Center Ave, Big Sky, Montana, 59716","Phone":"","URL":"","Rank":19.5,"AddBldg":"","AddNum":"334","AddNumFrom":"","AddNumTo":"","AddRange":"","Side":"","StPreDir":"","StPreType":"","StName":"Town Center","StType":"Ave","StDir":"","BldgComp":"","BldgType":"","BldgName":"","LevelType":"","LevelName":"","UnitType":"","UnitName":"","RoomType":"","RoomName":"","WingType":"","WingName":"","SubAddr":"","StAddr":"334 Town Center Ave","Block":"","Sector":"","Nbrhd":"","District":"","City":"Big Sky","MetroArea":"","Subregion":"Gallatin County","Region":"Montana","RegionAbbr":"MT","Territory":"","Zone":"","Postal":"59716","PostalExt":"","Country":"USA","CntryName":"United States","LangCode":"ENG","Distance":0,"X":-111.30075841737001,"Y":45.260772637678997,"DisplayX":-111.30076378178801,"DisplayY":45.260424872515998,"Xmin":-111.301763781788,"Xmax":-111.299763781788,"Ymin":45.259424872516,"Ymax":45.261424872516002,"ExInfo":"","MatchID":"AQFbDAEAXBACAJUBBAAAAAAMElRPV04gQ0VOVEVSIEFWRU5VRRUDMzM0ZgNFTkc","PotentialID":"","StrucType":"","StrucDet":"","IN_Address":"334 TOWN CENTER AVENUE","IN_Address2":null,"IN_Address3":null,"IN_Neighborhood":null,"IN_City":"BIG SKY","IN_Subregion":"GALLATIN","IN_Region":"MT","IN_Postal":"59716","IN_PostalExt":null,"IN_CountryCode":null,"USER_TARGET_FID":132,"USER_ID":6859716,"USER_NAME":"BOZEMAN HEALTH BIG SKY MEDICAL CENTER","USER_ADDRESS":"334 TOWN CENTER AVENUE","USER_CITY":"BIG SKY","USER_STATE":"MT","USER_ZIP":59716,"USER_TELEPHONE":"(406) 995-6995","USER_TYPE":"GENERAL ACUTE CARE","USER_COUNTY":"GALLATIN","USER_LATITUDE":45.260382130000004,"USER_LONGITUDE":-111.30093119999999,"USER_SOURCE":"http://dphhs.mt.gov/qad/healthcarefacilitieslist","USER_SOURCEDATE":1596844800000,"USER_WEBSITE":"https://www.bigskymedicalcenter.com/","USER_OWNER":"NON-PROFIT","USER_BEDS":4,"USER_TRAUMA":"NOT AVAILABLE","USER_HELIPAD":"Y","USER_hosp_cnt":1,"USER_HSA_label":"BOZEMAN","USER_LnD":0,"USER_Pediatric":1,"USER_Gyn":1,"USER_MFM":0,"USER_CriticalAccess":0,"USER_Acute_care":1}},{"type":"Feature","id":108,"geometry":{"type":"Point","coordinates":[-117.37544404117597,46.869092827473878]},"properties":{"ObjectID":108,"Loc_name":"World","Status":"M","Score":96.849999999999994,"Match_type":"A","Match_addr":"1200 W Fairview St, Colfax, Washington, 99111","LongLabel":"1200 W Fairview St, Colfax, WA, 99111, USA","ShortLabel":"1200 W Fairview St","Addr_type":"PointAddress","Type":"","PlaceName":"","Place_addr":"1200 W Fairview St, Colfax, Washington, 99111","Phone":"","URL":"","Rank":19.5,"AddBldg":"","AddNum":"1200","AddNumFrom":"","AddNumTo":"","AddRange":"","Side":"","StPreDir":"W","StPreType":"","StName":"Fairview","StType":"St","StDir":"","BldgComp":"","BldgType":"","BldgName":"","LevelType":"","LevelName":"","UnitType":"","UnitName":"","RoomType":"","RoomName":"","WingType":"","WingName":"","SubAddr":"","StAddr":"1200 W Fairview St","Block":"","Sector":"","Nbrhd":"","District":"","City":"Colfax","MetroArea":"","Subregion":"Whitman County","Region":"Washington","RegionAbbr":"WA","Territory":"","Zone":"","Postal":"99111","PostalExt":"9579","Country":"USA","CntryName":"United States","LangCode":"ENG","Distance":0,"X":-117.37539673101899,"Y":46.868618012810998,"DisplayX":-117.375430174812,"DisplayY":46.869086728836002,"Xmin":-117.376430174812,"Xmax":-117.37443017481201,"Ymin":46.868086728835998,"Ymax":46.870086728836,"ExInfo":"","MatchID":"AQGg9AAApRYCAJUBBAAAAAAMFFdFU1QgRkFJUlZJRVcgU1RSRUVUFQQxMjAwZgNFTkc","PotentialID":"","StrucType":"Commercial","StrucDet":"","IN_Address":"1200 WEST FAIRVIEW ROAD","IN_Address2":null,"IN_Address3":null,"IN_Neighborhood":null,"IN_City":"COLFAX","IN_Subregion":"WHITMAN","IN_Region":"WA","IN_Postal":"99111","IN_PostalExt":null,"IN_CountryCode":null,"USER_TARGET_FID":130,"USER_ID":1699111,"USER_NAME":"WHITMAN HOSPITAL AND MEDICAL CENTER","USER_ADDRESS":"1200 WEST FAIRVIEW ROAD","USER_CITY":"COLFAX","USER_STATE":"WA","USER_ZIP":99111,"USER_TELEPHONE":"(509) 397-3435","USER_TYPE":"CRITICAL ACCESS","USER_COUNTY":"WHITMAN","USER_LATITUDE":46.868930310000003,"USER_LONGITUDE":-117.3760498,"USER_SOURCE":"https://fortress.wa.gov/doh/facilitysearch/default.aspx","USER_SOURCEDATE":1596931200000,"USER_WEBSITE":"www.whitmanhospital.com","USER_OWNER":"GOVERNMENT - DISTRICT/AUTHORITY","USER_BEDS":25,"USER_TRAUMA":"LEVEL V","USER_HELIPAD":"Y","USER_hosp_cnt":1,"USER_HSA_label":"COLFAX","USER_LnD":0,"USER_Pediatric":1,"USER_Gyn":1,"USER_MFM":0,"USER_CriticalAccess":1,"USER_Acute_care":1}},{"type":"Feature","id":109,"geometry":{"type":"Point","coordinates":[-112.64747958275237,45.201363440475752]},"properties":{"ObjectID":109,"Loc_name":"World","Status":"M","Score":98.469999999999999,"Match_type":"A","Match_addr":"600 MT Highway 91 S, Dillon, Montana, 59725","LongLabel":"600 MT Highway 91 S, Dillon, MT, 59725, USA","ShortLabel":"600 MT Highway 91 S","Addr_type":"PointAddress","Type":"","PlaceName":"","Place_addr":"600 MT Highway 91 S, Dillon, Montana, 59725","Phone":"","URL":"","Rank":19.5,"AddBldg":"","AddNum":"600","AddNumFrom":"","AddNumTo":"","AddRange":"","Side":"","StPreDir":"","StPreType":"","StName":"MT Highway 91","StType":"","StDir":"S","BldgComp":"","BldgType":"","BldgName":"","LevelType":"","LevelName":"","UnitType":"","UnitName":"","RoomType":"","RoomName":"","WingType":"","WingName":"","SubAddr":"","StAddr":"600 MT Highway 91 S","Block":"","Sector":"","Nbrhd":"","District":"","City":"Dillon","MetroArea":"","Subregion":"Beaverhead County","Region":"Montana","RegionAbbr":"MT","Territory":"","Zone":"","Postal":"59725","PostalExt":"7379","Country":"USA","CntryName":"United States","LangCode":"ENG","Distance":0,"X":-112.64649962663999,"Y":45.2002563864,"DisplayX":-112.64746698208501,"DisplayY":45.201357014105,"Xmin":-112.648466982085,"Xmax":-112.646466982085,"Ymin":45.200357014105002,"Ymax":45.202357014104997,"ExInfo":"","MatchID":"AQEYBwEAIRACAJUBBAAAAAAME01UIEhJR0hXQVkgOTEgU09VVEgVAzYwMGYDRU5H","PotentialID":"","StrucType":"","StrucDet":"","IN_Address":"600 HWY 91 SOUTH","IN_Address2":null,"IN_Address3":null,"IN_Neighborhood":null,"IN_City":"DILLON","IN_Subregion":"BEAVERHEAD","IN_Region":"MT","IN_Postal":"59725","IN_PostalExt":null,"IN_CountryCode":null,"USER_TARGET_FID":131,"USER_ID":1759725,"USER_NAME":"BARRETT HOSPITAL & HEALTHCARE","USER_ADDRESS":"600 HWY 91 SOUTH","USER_CITY":"DILLON","USER_STATE":"MT","USER_ZIP":59725,"USER_TELEPHONE":"(406) 683-3000","USER_TYPE":"CRITICAL ACCESS","USER_COUNTY":"BEAVERHEAD","USER_LATITUDE":45.201613860000002,"USER_LONGITUDE":-112.6472488,"USER_SOURCE":"http://dphhs.mt.gov/qad/healthcarefacilitieslist","USER_SOURCEDATE":1596844800000,"USER_WEBSITE":"http://www.barretthospital.org","USER_OWNER":"GOVERNMENT - DISTRICT/AUTHORITY","USER_BEDS":25,"USER_TRAUMA":"TRF","USER_HELIPAD":"N","USER_hosp_cnt":1,"USER_HSA_label":"DILLON","USER_LnD":1,"USER_Pediatric":1,"USER_Gyn":1,"USER_MFM":0,"USER_CriticalAccess":1,"USER_Acute_care":1}},{"type":"Feature","id":110,"geometry":{"type":"Point","coordinates":[-112.95690029669102,46.132912874993941]},"properties":{"ObjectID":110,"Loc_name":"World","Status":"M","Score":99.390000000000001,"Match_type":"A","Match_addr":"401 W Pennsylvania Ave, Anaconda, Montana, 59711","LongLabel":"401 W Pennsylvania Ave, Anaconda, MT, 59711, USA","ShortLabel":"401 W Pennsylvania Ave","Addr_type":"PointAddress","Type":"","PlaceName":"","Place_addr":"401 W Pennsylvania Ave, Anaconda, Montana, 59711","Phone":"","URL":"","Rank":19.5,"AddBldg":"","AddNum":"401","AddNumFrom":"","AddNumTo":"","AddRange":"","Side":"","StPreDir":"W","StPreType":"","StName":"Pennsylvania","StType":"Ave","StDir":"","BldgComp":"","BldgType":"","BldgName":"","LevelType":"","LevelName":"","UnitType":"","UnitName":"","RoomType":"","RoomName":"","WingType":"","WingName":"","SubAddr":"","StAddr":"401 W Pennsylvania Ave","Block":"","Sector":"","Nbrhd":"","District":"","City":"Anaconda","MetroArea":"","Subregion":"Deer Lodge County","Region":"Montana","RegionAbbr":"MT","Territory":"","Zone":"","Postal":"59711","PostalExt":"1999","Country":"USA","CntryName":"United States","LangCode":"ENG","Distance":0,"X":-112.95688636273,"Y":46.132907819064997,"DisplayX":-112.956887452377,"DisplayY":46.132906394141003,"Xmin":-112.95788745237699,"Xmax":-112.955887452377,"Ymin":46.131906394140998,"Ymax":46.133906394141,"ExInfo":"","MatchID":"AQHjBQEAxBMCAJUBBAAAAAAMGFdFU1QgUEVOTlNZTFZBTklBIEFWRU5VRRUDNDAxZgNFTkc","PotentialID":"","StrucType":"","StrucDet":"","IN_Address":"401 W PENNSYLVANIA AVE","IN_Address2":null,"IN_Address3":null,"IN_Neighborhood":null,"IN_City":"ANACONDA","IN_Subregion":"DEER LODGE","IN_Region":"MT","IN_Postal":"59711","IN_PostalExt":null,"IN_CountryCode":null,"USER_TARGET_FID":134,"USER_ID":159711,"USER_NAME":"COMMUNITY HOSPITAL OF ANACONDA","USER_ADDRESS":"401 W PENNSYLVANIA AVE","USER_CITY":"ANACONDA","USER_STATE":"MT","USER_ZIP":59711,"USER_TELEPHONE":"(406) 563-8500","USER_TYPE":"CRITICAL ACCESS","USER_COUNTY":"DEER LODGE","USER_LATITUDE":46.132692179999999,"USER_LONGITUDE":-112.95692870000001,"USER_SOURCE":"http://dphhs.mt.gov/qad/healthcarefacilitieslist","USER_SOURCEDATE":1596844800000,"USER_WEBSITE":"http://www.communityhospitalofanaconda.org","USER_OWNER":"NON-PROFIT","USER_BEDS":87,"USER_TRAUMA":"CTH","USER_HELIPAD":"Y","USER_hosp_cnt":1,"USER_HSA_label":"ANACONDA","USER_LnD":1,"USER_Pediatric":1,"USER_Gyn":1,"USER_MFM":0,"USER_CriticalAccess":1,"USER_Acute_care":1}},{"type":"Feature","id":111,"geometry":{"type":"Point","coordinates":[-112.72688571147226,46.413135410243363]},"properties":{"ObjectID":111,"Loc_name":"World","Status":"M","Score":96.890000000000001,"Match_type":"A","Match_addr":"1100 Hollenbeck Ln, Deer Lodge, Montana, 59722","LongLabel":"1100 Hollenbeck Ln, Deer Lodge, MT, 59722, USA","ShortLabel":"1100 Hollenbeck Ln","Addr_type":"PointAddress","Type":"","PlaceName":"","Place_addr":"1100 Hollenbeck Ln, Deer Lodge, Montana, 59722","Phone":"","URL":"","Rank":19.5,"AddBldg":"","AddNum":"1100","AddNumFrom":"","AddNumTo":"","AddRange":"","Side":"","StPreDir":"","StPreType":"","StName":"Hollenbeck","StType":"Ln","StDir":"","BldgComp":"","BldgType":"","BldgName":"","LevelType":"","LevelName":"","UnitType":"","UnitName":"","RoomType":"","RoomName":"","WingType":"","WingName":"","SubAddr":"","StAddr":"1100 Hollenbeck Ln","Block":"","Sector":"","Nbrhd":"","District":"","City":"Deer Lodge","MetroArea":"","Subregion":"Powell County","Region":"Montana","RegionAbbr":"MT","Territory":"","Zone":"","Postal":"59722","PostalExt":"2317","Country":"USA","CntryName":"United States","LangCode":"ENG","Distance":0,"X":-112.72693630900601,"Y":46.413738246267997,"DisplayX":-112.726872857999,"DisplayY":46.413128881908001,"Xmin":-112.727872857999,"Xmax":-112.72587285799899,"Ymin":46.412128881907996,"Ymax":46.414128881907999,"ExInfo":"","MatchID":"AQHJBgEA3RQCAJUBBAAAAAAMD0hPTExFTkJFQ0sgTEFORRUEMTEwMGYDRU5H","PotentialID":"","StrucType":"","StrucDet":"","IN_Address":"1100 HOLLENBACK LANE","IN_Address2":null,"IN_Address3":null,"IN_Neighborhood":null,"IN_City":"DEER LODGE","IN_Subregion":"POWELL","IN_Region":"MT","IN_Postal":"59722","IN_PostalExt":null,"IN_CountryCode":null,"USER_TARGET_FID":136,"USER_ID":4459722,"USER_NAME":"DEER LODGE MEDICAL CENTER","USER_ADDRESS":"1100 HOLLENBACK LANE","USER_CITY":"DEER LODGE","USER_STATE":"MT","USER_ZIP":59722,"USER_TELEPHONE":"(406) 846-2212","USER_TYPE":"CRITICAL ACCESS","USER_COUNTY":"POWELL","USER_LATITUDE":46.413278060000003,"USER_LONGITUDE":-112.726831,"USER_SOURCE":"http://dphhs.mt.gov/qad/healthcarefacilitieslist","USER_SOURCEDATE":1596844800000,"USER_WEBSITE":"http://www.pcmh.org","USER_OWNER":"NON-PROFIT","USER_BEDS":16,"USER_TRAUMA":"TRF","USER_HELIPAD":"Y","USER_hosp_cnt":1,"USER_HSA_label":"DEER LODGE","USER_LnD":0,"USER_Pediatric":1,"USER_Gyn":1,"USER_MFM":0,"USER_CriticalAccess":1,"USER_Acute_care":1}},{"type":"Feature","id":112,"geometry":{"type":"Point","coordinates":[-113.29414619634021,46.330039758121679]},"properties":{"ObjectID":112,"Loc_name":"World","Status":"M","Score":97.120000000000005,"Match_type":"A","Match_addr":"310 S Sansome St, Philipsburg, Montana, 59858","LongLabel":"310 S Sansome St, Philipsburg, MT, 59858, USA","ShortLabel":"310 S Sansome St","Addr_type":"PointAddress","Type":"","PlaceName":"","Place_addr":"310 S Sansome St, Philipsburg, Montana, 59858","Phone":"","URL":"","Rank":19.5,"AddBldg":"","AddNum":"310","AddNumFrom":"","AddNumTo":"","AddRange":"","Side":"","StPreDir":"S","StPreType":"","StName":"Sansome","StType":"St","StDir":"","BldgComp":"","BldgType":"","BldgName":"","LevelType":"","LevelName":"","UnitType":"","UnitName":"","RoomType":"","RoomName":"","WingType":"","WingName":"","SubAddr":"","StAddr":"310 S Sansome St","Block":"","Sector":"","Nbrhd":"","District":"","City":"Philipsburg","MetroArea":"","Subregion":"Granite County","Region":"Montana","RegionAbbr":"MT","Territory":"","Zone":"","Postal":"59858","PostalExt":"7711","Country":"USA","CntryName":"United States","LangCode":"ENG","Distance":0,"X":-113.294906557209,"Y":46.329975205627001,"DisplayX":-113.294133242822,"DisplayY":46.330033292216001,"Xmin":-113.295133242822,"Xmax":-113.29313324282199,"Ymin":46.329033292216003,"Ymax":46.331033292215999,"ExInfo":"","MatchID":"AQGRBAEAihQCAJUBBAAAAAAMFFNPVVRIIFNBTlNPTUUgU1RSRUVUFQMzMTBmA0VORw","PotentialID":"","StrucType":"","StrucDet":"","IN_Address":"310 SANSOME","IN_Address2":null,"IN_Address3":null,"IN_Neighborhood":null,"IN_City":"PHILIPSBURG","IN_Subregion":"GRANITE","IN_Region":"MT","IN_Postal":"59858","IN_PostalExt":null,"IN_CountryCode":null,"USER_TARGET_FID":137,"USER_ID":4559858,"USER_NAME":"GRANITE COUNTY MEDICAL CENTER","USER_ADDRESS":"310 SANSOME","USER_CITY":"PHILIPSBURG","USER_STATE":"MT","USER_ZIP":59858,"USER_TELEPHONE":"(406) 859-3271","USER_TYPE":"CRITICAL ACCESS","USER_COUNTY":"GRANITE","USER_LATITUDE":46.330072209999997,"USER_LONGITUDE":-113.2941639,"USER_SOURCE":"http://dphhs.mt.gov/qad/healthcarefacilitieslist","USER_SOURCEDATE":1596844800000,"USER_WEBSITE":"http://gcmedcenter.org/","USER_OWNER":"GOVERNMENT - LOCAL","USER_BEDS":9,"USER_TRAUMA":"NOT AVAILABLE","USER_HELIPAD":"Y","USER_hosp_cnt":2,"USER_HSA_label":"MISSOULA","USER_LnD":0,"USER_Pediatric":1,"USER_Gyn":1,"USER_MFM":0,"USER_CriticalAccess":1,"USER_Acute_care":1}},{"type":"Feature","id":113,"geometry":{"type":"Point","coordinates":[-114.0480394719492,46.847148796219265]},"properties":{"ObjectID":113,"Loc_name":"World","Status":"M","Score":100,"Match_type":"A","Match_addr":"2827 Fort Missoula Rd, Missoula, Montana, 59804","LongLabel":"2827 Fort Missoula Rd, Missoula, MT, 59804, USA","ShortLabel":"2827 Fort Missoula Rd","Addr_type":"PointAddress","Type":"","PlaceName":"","Place_addr":"2827 Fort Missoula Rd, Missoula, Montana, 59804","Phone":"","URL":"","Rank":19.5,"AddBldg":"","AddNum":"2827","AddNumFrom":"","AddNumTo":"","AddRange":"","Side":"","StPreDir":"","StPreType":"","StName":"Fort Missoula","StType":"Rd","StDir":"","BldgComp":"","BldgType":"","BldgName":"","LevelType":"","LevelName":"","UnitType":"","UnitName":"","RoomType":"","RoomName":"","WingType":"","WingName":"","SubAddr":"","StAddr":"2827 Fort Missoula Rd","Block":"","Sector":"","Nbrhd":"","District":"","City":"Missoula","MetroArea":"","Subregion":"Missoula County","Region":"Montana","RegionAbbr":"MT","Territory":"","Zone":"","Postal":"59804","PostalExt":"7493","Country":"USA","CntryName":"United States","LangCode":"ENG","Distance":0,"X":-114.047233580634,"Y":46.845314100778999,"DisplayX":-114.048026257217,"DisplayY":46.847142361499003,"Xmin":-114.04902625721699,"Xmax":-114.047026257217,"Ymin":46.846142361498998,"Ymax":46.848142361499001,"ExInfo":"","MatchID":"AQGfAQEAjxYCAJUBBAAAAAAMEkZPUlQgTUlTU09VTEEgUk9BRBUEMjgyN2YDRU5H","PotentialID":"","StrucType":"Commercial","StrucDet":"Medical","IN_Address":"2827 FORT MISSOULA RD","IN_Address2":null,"IN_Address3":null,"IN_Neighborhood":null,"IN_City":"MISSOULA","IN_Subregion":"MISSOULA","IN_Region":"MT","IN_Postal":"59804","IN_PostalExt":null,"IN_CountryCode":null,"USER_TARGET_FID":135,"USER_ID":6059804,"USER_NAME":"COMMUNITY MEDICAL CENTER INC","USER_ADDRESS":"2827 FORT MISSOULA RD","USER_CITY":"MISSOULA","USER_STATE":"MT","USER_ZIP":59804,"USER_TELEPHONE":"(406) 728-4100","USER_TYPE":"GENERAL ACUTE CARE","USER_COUNTY":"MISSOULA","USER_LATITUDE":46.84737836,"USER_LONGITUDE":-114.04787949999999,"USER_SOURCE":"http://dphhs.mt.gov/qad/healthcarefacilitieslist","USER_SOURCEDATE":1596844800000,"USER_WEBSITE":"http://www.communitymed.org","USER_OWNER":"NON-PROFIT","USER_BEDS":151,"USER_TRAUMA":"CTH","USER_HELIPAD":"Y","USER_hosp_cnt":2,"USER_HSA_label":"MISSOULA","USER_LnD":1,"USER_Pediatric":1,"USER_Gyn":1,"USER_MFM":1,"USER_CriticalAccess":0,"USER_Acute_care":1}},{"type":"Feature","id":114,"geometry":{"type":"Point","coordinates":[-110.52641674731281,45.675125907572159]},"properties":{"ObjectID":114,"Loc_name":"World","Status":"M","Score":98.480000000000004,"Match_type":"A","Match_addr":"320 Alpenglow Ln, Livingston, Montana, 59047","LongLabel":"320 Alpenglow Ln, Livingston, MT, 59047, USA","ShortLabel":"320 Alpenglow Ln","Addr_type":"PointAddress","Type":"","PlaceName":"","Place_addr":"320 Alpenglow Ln, Livingston, Montana, 59047","Phone":"","URL":"","Rank":19.5,"AddBldg":"","AddNum":"320","AddNumFrom":"","AddNumTo":"","AddRange":"","Side":"","StPreDir":"","StPreType":"","StName":"Alpenglow","StType":"Ln","StDir":"","BldgComp":"","BldgType":"","BldgName":"","LevelType":"","LevelName":"","UnitType":"","UnitName":"","RoomType":"","RoomName":"","WingType":"","WingName":"","SubAddr":"","StAddr":"320 Alpenglow Ln","Block":"","Sector":"","Nbrhd":"","District":"","City":"Livingston","MetroArea":"","Subregion":"Park County","Region":"Montana","RegionAbbr":"MT","Territory":"","Zone":"","Postal":"59047","PostalExt":"8506","Country":"USA","CntryName":"United States","LangCode":"ENG","Distance":0,"X":-110.52554326622101,"Y":45.676147446816998,"DisplayX":-110.526404506772,"DisplayY":45.675119238754,"Xmin":-110.527404506772,"Xmax":-110.52540450677201,"Ymin":45.674119238754002,"Ymax":45.676119238753998,"ExInfo":"","MatchID":"AQFhDwEA+xECAJUBBAAAAAAMDkFMUEVOR0xPVyBMQU5FFQMzMjBmA0VORw","PotentialID":"","StrucType":"","StrucDet":"","IN_Address":"320 ALPENGLOW LANE","IN_Address2":null,"IN_Address3":null,"IN_Neighborhood":null,"IN_City":"LIVINGSTON","IN_Subregion":"PARK","IN_Region":"MT","IN_Postal":"59047","IN_PostalExt":null,"IN_CountryCode":null,"USER_TARGET_FID":139,"USER_ID":7059047,"USER_NAME":"LIVINGSTON HEALTHCARE","USER_ADDRESS":"320 ALPENGLOW LANE","USER_CITY":"LIVINGSTON","USER_STATE":"MT","USER_ZIP":59047,"USER_TELEPHONE":"(406) 222-3541","USER_TYPE":"CRITICAL ACCESS","USER_COUNTY":"PARK","USER_LATITUDE":45.675152879999999,"USER_LONGITUDE":-110.5267903,"USER_SOURCE":"http://dphhs.mt.gov/qad/healthcarefacilitieslist","USER_SOURCEDATE":1596844800000,"USER_WEBSITE":"http://www.livingstonhealthcare.org/","USER_OWNER":"NON-PROFIT","USER_BEDS":25,"USER_TRAUMA":"CTH","USER_HELIPAD":"Y","USER_hosp_cnt":1,"USER_HSA_label":"LIVINGSTON","USER_LnD":1,"USER_Pediatric":1,"USER_Gyn":1,"USER_MFM":0,"USER_CriticalAccess":1,"USER_Acute_care":1}},{"type":"Feature","id":115,"geometry":{"type":"Point","coordinates":[-114.32344017095656,48.215471981263157]},"properties":{"ObjectID":115,"Loc_name":"World","Status":"M","Score":98.480000000000004,"Match_type":"A","Match_addr":"320 Sunnyview Ln, Kalispell, Montana, 59901","LongLabel":"320 Sunnyview Ln, Kalispell, MT, 59901, USA","ShortLabel":"320 Sunnyview Ln","Addr_type":"PointAddress","Type":"","PlaceName":"","Place_addr":"320 Sunnyview Ln, Kalispell, Montana, 59901","Phone":"","URL":"","Rank":19.5,"AddBldg":"","AddNum":"320","AddNumFrom":"","AddNumTo":"","AddRange":"","Side":"","StPreDir":"","StPreType":"","StName":"Sunnyview","StType":"Ln","StDir":"","BldgComp":"","BldgType":"","BldgName":"","LevelType":"","LevelName":"","UnitType":"","UnitName":"","RoomType":"","RoomName":"","WingType":"","WingName":"","SubAddr":"","StAddr":"320 Sunnyview Ln","Block":"","Sector":"","Nbrhd":"","District":"","City":"Kalispell","MetroArea":"","Subregion":"Flathead County","Region":"Montana","RegionAbbr":"MT","Territory":"","Zone":"","Postal":"59901","PostalExt":"3177","Country":"USA","CntryName":"United States","LangCode":"ENG","Distance":0,"X":-114.323349061573,"Y":48.216239869695002,"DisplayX":-114.32342659417699,"DisplayY":48.215465465660998,"Xmin":-114.324426594177,"Xmax":-114.322426594177,"Ymin":48.214465465661,"Ymax":48.216465465661003,"ExInfo":"","MatchID":"AQGMAAEA5xsCAJUBBAAAAAAMDlNVTk5ZVklFVyBMQU5FFQMzMjBmA0VORw","PotentialID":"","StrucType":"Commercial","StrucDet":"Medical","IN_Address":"320 SUNNYVIEW LN","IN_Address2":null,"IN_Address3":null,"IN_Neighborhood":null,"IN_City":"KALISPELL","IN_Subregion":"FLATHEAD","IN_Region":"MT","IN_Postal":"59901","IN_PostalExt":null,"IN_CountryCode":null,"USER_TARGET_FID":138,"USER_ID":5959901,"USER_NAME":"HEALTH CENTER NORTHWEST","USER_ADDRESS":"320 SUNNYVIEW LN","USER_CITY":"KALISPELL","USER_STATE":"MT","USER_ZIP":59901,"USER_TELEPHONE":"(406) 756-4720","USER_TYPE":"GENERAL ACUTE CARE","USER_COUNTY":"FLATHEAD","USER_LATITUDE":48.215166830000001,"USER_LONGITUDE":-114.3232733,"USER_SOURCE":"http://dphhs.mt.gov/qad/healthcarefacilitieslist","USER_SOURCEDATE":1596844800000,"USER_WEBSITE":"http://www.kalispellregional.org/","USER_OWNER":"NOT AVAILABLE","USER_BEDS":28,"USER_TRAUMA":"NOT AVAILABLE","USER_HELIPAD":"N","USER_hosp_cnt":1,"USER_HSA_label":"KALISPELL","USER_LnD":0,"USER_Pediatric":0,"USER_Gyn":1,"USER_MFM":0,"USER_CriticalAccess":0,"USER_Acute_care":1}},{"type":"Feature","id":116,"geometry":{"type":"Point","coordinates":[-114.33128793574537,48.380408023781584]},"properties":{"ObjectID":116,"Loc_name":"World","Status":"M","Score":98.480000000000004,"Match_type":"A","Match_addr":"1600 Hospital Way, Whitefish, Montana, 59937","LongLabel":"1600 Hospital Way, Whitefish, MT, 59937, USA","ShortLabel":"1600 Hospital Way","Addr_type":"PointAddress","Type":"","PlaceName":"","Place_addr":"1600 Hospital Way, Whitefish, Montana, 59937","Phone":"","URL":"","Rank":19.5,"AddBldg":"","AddNum":"1600","AddNumFrom":"","AddNumTo":"","AddRange":"","Side":"","StPreDir":"","StPreType":"","StName":"Hospital","StType":"Way","StDir":"","BldgComp":"","BldgType":"","BldgName":"","LevelType":"","LevelName":"","UnitType":"","UnitName":"","RoomType":"","RoomName":"","WingType":"","WingName":"","SubAddr":"","StAddr":"1600 Hospital Way","Block":"","Sector":"","Nbrhd":"","District":"","City":"Whitefish","MetroArea":"","Subregion":"Flathead County","Region":"Montana","RegionAbbr":"MT","Territory":"","Zone":"","Postal":"59937","PostalExt":"2990","Country":"USA","CntryName":"United States","LangCode":"ENG","Distance":0,"X":-114.331268367512,"Y":48.38100423961,"DisplayX":-114.33127431866301,"DisplayY":48.380401496952999,"Xmin":-114.332274318663,"Xmax":-114.330274318663,"Ymin":48.379401496953001,"Ymax":48.381401496953004,"ExInfo":"","MatchID":"AQGEAAEAjBwCAJUBBAAAAAAMDEhPU1BJVEFMIFdBWRUEMTYwMGYDRU5H","PotentialID":"","StrucType":"","StrucDet":"","IN_Address":"1600 HOSPITAL WAY","IN_Address2":null,"IN_Address3":null,"IN_Neighborhood":null,"IN_City":"WHITEFISH","IN_Subregion":"FLATHEAD","IN_Region":"MT","IN_Postal":"59937","IN_PostalExt":null,"IN_CountryCode":null,"USER_TARGET_FID":143,"USER_ID":4059937,"USER_NAME":"NORTH VALLEY HOSPITAL","USER_ADDRESS":"1600 HOSPITAL WAY","USER_CITY":"WHITEFISH","USER_STATE":"MT","USER_ZIP":59937,"USER_TELEPHONE":"(406) 863-3500","USER_TYPE":"CRITICAL ACCESS","USER_COUNTY":"FLATHEAD","USER_LATITUDE":48.380276950000003,"USER_LONGITUDE":-114.3313438,"USER_SOURCE":"http://dphhs.mt.gov/qad/healthcarefacilitieslist","USER_SOURCEDATE":1596844800000,"USER_WEBSITE":"www.nvhosp.org","USER_OWNER":"NON-PROFIT","USER_BEDS":25,"USER_TRAUMA":"CTH","USER_HELIPAD":"Y","USER_hosp_cnt":1,"USER_HSA_label":"WHITEFISH","USER_LnD":1,"USER_Pediatric":1,"USER_Gyn":1,"USER_MFM":0,"USER_CriticalAccess":1,"USER_Acute_care":1}},{"type":"Feature","id":117,"geometry":{"type":"Point","coordinates":[-114.87647818793752,47.185247221111922]},"properties":{"ObjectID":117,"Loc_name":"World","Status":"M","Score":97.530000000000001,"Match_type":"A","Match_addr":"1208 6th Ave, Superior, Montana, 59872","LongLabel":"1208 6th Ave, Superior, MT, 59872, USA","ShortLabel":"1208 6th Ave","Addr_type":"PointAddress","Type":"","PlaceName":"","Place_addr":"1208 6th Ave, Superior, Montana, 59872","Phone":"","URL":"","Rank":19.5,"AddBldg":"","AddNum":"1208","AddNumFrom":"","AddNumTo":"","AddRange":"","Side":"","StPreDir":"","StPreType":"","StName":"6th","StType":"Ave","StDir":"","BldgComp":"","BldgType":"","BldgName":"","LevelType":"","LevelName":"","UnitType":"","UnitName":"","RoomType":"","RoomName":"","WingType":"","WingName":"","SubAddr":"","StAddr":"1208 6th Ave","Block":"","Sector":"","Nbrhd":"","District":"","City":"Superior","MetroArea":"","Subregion":"Mineral County","Region":"Montana","RegionAbbr":"MT","Territory":"","Zone":"","Postal":"59872","PostalExt":"9667","Country":"USA","CntryName":"United States","LangCode":"ENG","Distance":0,"X":-114.87671652570199,"Y":47.184848821342001,"DisplayX":-114.87646473333101,"DisplayY":47.185240842954002,"Xmin":-114.877464733331,"Xmax":-114.875464733331,"Ymin":47.184240842953997,"Ymax":47.186240842954,"ExInfo":"","MatchID":"AQFj/gAA4RcCAJUBBAAAAAAMCjZUSCBBVkVOVUUVBDEyMDhmA0VORw","PotentialID":"","StrucType":"","StrucDet":"","IN_Address":"1208 6TH AVE E","IN_Address2":null,"IN_Address3":null,"IN_Neighborhood":null,"IN_City":"SUPERIOR","IN_Subregion":"MINERAL","IN_Region":"MT","IN_Postal":"59872","IN_PostalExt":null,"IN_CountryCode":null,"USER_TARGET_FID":142,"USER_ID":1859872,"USER_NAME":"MINERAL COMMUNITY HOSPITAL","USER_ADDRESS":"1208 6TH AVE E","USER_CITY":"SUPERIOR","USER_STATE":"MT","USER_ZIP":59872,"USER_TELEPHONE":"(406) 822-4841","USER_TYPE":"CRITICAL ACCESS","USER_COUNTY":"MINERAL","USER_LATITUDE":47.18526722,"USER_LONGITUDE":-114.87664820000001,"USER_SOURCE":"http://dphhs.mt.gov/qad/healthcarefacilitieslist","USER_SOURCEDATE":1596844800000,"USER_WEBSITE":"http://www.mineralcommunityhospital.com/","USER_OWNER":"NON-PROFIT","USER_BEDS":25,"USER_TRAUMA":"TRF","USER_HELIPAD":"Y","USER_hosp_cnt":1,"USER_HSA_label":"SUPERIOR","USER_LnD":0,"USER_Pediatric":1,"USER_Gyn":1,"USER_MFM":0,"USER_CriticalAccess":1,"USER_Acute_care":1}},{"type":"Feature","id":118,"geometry":{"type":"Point","coordinates":[-114.10705963064973,47.5282766726557]},"properties":{"ObjectID":118,"Loc_name":"World","Status":"M","Score":98.489999999999995,"Match_type":"A","Match_addr":"107 6th Ave SW, Ronan, Montana, 59864","LongLabel":"107 6th Ave SW, Ronan, MT, 59864, USA","ShortLabel":"107 6th Ave SW","Addr_type":"PointAddress","Type":"","PlaceName":"","Place_addr":"107 6th Ave SW, Ronan, Montana, 59864","Phone":"","URL":"","Rank":19.5,"AddBldg":"","AddNum":"107","AddNumFrom":"","AddNumTo":"","AddRange":"","Side":"","StPreDir":"","StPreType":"","StName":"6th","StType":"Ave","StDir":"SW","BldgComp":"","BldgType":"","BldgName":"","LevelType":"","LevelName":"","UnitType":"","UnitName":"","RoomType":"","RoomName":"","WingType":"","WingName":"","SubAddr":"","StAddr":"107 6th Ave SW","Block":"","Sector":"","Nbrhd":"","District":"","City":"Ronan","MetroArea":"","Subregion":"Lake County","Region":"Montana","RegionAbbr":"MT","Territory":"","Zone":"","Postal":"59864","PostalExt":"2634","Country":"USA","CntryName":"United States","LangCode":"ENG","Distance":0,"X":-114.10628517815201,"Y":47.528251664492998,"DisplayX":-114.10704625496,"DisplayY":47.528270188499,"Xmin":-114.10804625496,"Xmax":-114.10604625496001,"Ymin":47.527270188499003,"Ymax":47.529270188498998,"ExInfo":"","MatchID":"AQFkAQEAOBkCAJUBBAAAAAAMFTZUSCBBVkVOVUUgU09VVEggV0VTVBUDMTA3ZgNFTkc","PotentialID":"","StrucType":"","StrucDet":"","IN_Address":"107 6TH AVE SW","IN_Address2":null,"IN_Address3":null,"IN_Neighborhood":null,"IN_City":"RONAN","IN_Subregion":"LAKE","IN_Region":"MT","IN_Postal":"59864","IN_PostalExt":null,"IN_CountryCode":null,"USER_TARGET_FID":144,"USER_ID":3359864,"USER_NAME":"ST LUKE COMMUNITY HOSPITAL - CAH","USER_ADDRESS":"107 6TH AVE SW","USER_CITY":"RONAN","USER_STATE":"MT","USER_ZIP":59864,"USER_TELEPHONE":"(406) 676-4441","USER_TYPE":"CRITICAL ACCESS","USER_COUNTY":"LAKE","USER_LATITUDE":47.528676480000001,"USER_LONGITUDE":-114.1070447,"USER_SOURCE":"http://dphhs.mt.gov/qad/healthcarefacilitieslist","USER_SOURCEDATE":1596844800000,"USER_WEBSITE":"http://www.stlukehealthnet.org","USER_OWNER":"NON-PROFIT","USER_BEDS":105,"USER_TRAUMA":"TRF","USER_HELIPAD":"Y","USER_hosp_cnt":1,"USER_HSA_label":"RONAN","USER_LnD":1,"USER_Pediatric":1,"USER_Gyn":1,"USER_MFM":0,"USER_CriticalAccess":1,"USER_Acute_care":1}},{"type":"Feature","id":119,"geometry":{"type":"Point","coordinates":[-111.73212806812779,45.351587738455059]},"properties":{"ObjectID":119,"Loc_name":"World","Status":"M","Score":98.489999999999995,"Match_type":"A","Match_addr":"305 N Main St, Ennis, Montana, 59729","LongLabel":"305 N Main St, Ennis, MT, 59729, USA","ShortLabel":"305 N Main St","Addr_type":"PointAddress","Type":"","PlaceName":"","Place_addr":"305 N Main St, Ennis, Montana, 59729","Phone":"","URL":"","Rank":19.5,"AddBldg":"","AddNum":"305","AddNumFrom":"","AddNumTo":"","AddRange":"","Side":"","StPreDir":"N","StPreType":"","StName":"Main","StType":"St","StDir":"","BldgComp":"","BldgType":"","BldgName":"","LevelType":"","LevelName":"","UnitType":"","UnitName":"","RoomType":"","RoomName":"","WingType":"","WingName":"","SubAddr":"","StAddr":"305 N Main St","Block":"","Sector":"","Nbrhd":"","District":"","City":"Ennis","MetroArea":"","Subregion":"Madison County","Region":"Montana","RegionAbbr":"MT","Territory":"","Zone":"","Postal":"59729","PostalExt":"8001","Country":"USA","CntryName":"United States","LangCode":"ENG","Distance":0,"X":-111.732528690124,"Y":45.351600574959001,"DisplayX":-111.732115629936,"DisplayY":45.351581212763001,"Xmin":-111.73311562993599,"Xmax":-111.731115629936,"Ymin":45.350581212762997,"Ymax":45.352581212762999,"ExInfo":"","MatchID":"AQGrCgEAtxACAJUBBAAAAAAMEU5PUlRIIE1BSU4gU1RSRUVUFQMzMDVmA0VORw","PotentialID":"","StrucType":"","StrucDet":"","IN_Address":"305 N MAIN ST","IN_Address2":null,"IN_Address3":null,"IN_Neighborhood":null,"IN_City":"ENNIS","IN_Subregion":"MADISON","IN_Region":"MT","IN_Postal":"59729","IN_PostalExt":null,"IN_CountryCode":null,"USER_TARGET_FID":140,"USER_ID":1959729,"USER_NAME":"MADISON VALLEY MEDICAL CENTER","USER_ADDRESS":"305 N MAIN ST","USER_CITY":"ENNIS","USER_STATE":"MT","USER_ZIP":59729,"USER_TELEPHONE":"(406) 682-4222","USER_TYPE":"CRITICAL ACCESS","USER_COUNTY":"MADISON","USER_LATITUDE":45.35174722,"USER_LONGITUDE":-111.73201899999999,"USER_SOURCE":"http://dphhs.mt.gov/qad/healthcarefacilitieslist","USER_SOURCEDATE":1596844800000,"USER_WEBSITE":"http://www.mvhospital-clinic.com","USER_OWNER":"GOVERNMENT - DISTRICT/AUTHORITY","USER_BEDS":10,"USER_TRAUMA":"TRF","USER_HELIPAD":"Y","USER_hosp_cnt":1,"USER_HSA_label":"ENNIS","USER_LnD":0,"USER_Pediatric":1,"USER_Gyn":1,"USER_MFM":0,"USER_CriticalAccess":1,"USER_Acute_care":1}},{"type":"Feature","id":120,"geometry":{"type":"Point","coordinates":[-114.17225121464286,46.248067208401139]},"properties":{"ObjectID":120,"Loc_name":"World","Status":"M","Score":98.480000000000004,"Match_type":"A","Match_addr":"1200 Westwood Dr, Hamilton, Montana, 59840","LongLabel":"1200 Westwood Dr, Hamilton, MT, 59840, USA","ShortLabel":"1200 Westwood Dr","Addr_type":"PointAddress","Type":"","PlaceName":"","Place_addr":"1200 Westwood Dr, Hamilton, Montana, 59840","Phone":"","URL":"","Rank":19.5,"AddBldg":"","AddNum":"1200","AddNumFrom":"","AddNumTo":"","AddRange":"","Side":"","StPreDir":"","StPreType":"","StName":"Westwood","StType":"Dr","StDir":"","BldgComp":"","BldgType":"","BldgName":"","LevelType":"","LevelName":"","UnitType":"","UnitName":"","RoomType":"","RoomName":"","WingType":"","WingName":"","SubAddr":"","StAddr":"1200 Westwood Dr","Block":"","Sector":"","Nbrhd":"","District":"","City":"Hamilton","MetroArea":"","Subregion":"Ravalli County","Region":"Montana","RegionAbbr":"MT","Territory":"","Zone":"","Postal":"59840","PostalExt":"2395","Country":"USA","CntryName":"United States","LangCode":"ENG","Distance":0,"X":-114.172195519401,"Y":46.247142849604998,"DisplayX":-114.172238099469,"DisplayY":46.248060835640999,"Xmin":-114.173238099469,"Xmax":-114.17123809946899,"Ymin":46.247060835641001,"Ymax":46.249060835640996,"ExInfo":"","MatchID":"AQEjAQEAOBQCAJUBBAAAAAAMDldFU1RXT09EIERSSVZFFQQxMjAwZgNFTkc","PotentialID":"","StrucType":"","StrucDet":"","IN_Address":"1200 WESTWOOD DR","IN_Address2":null,"IN_Address3":null,"IN_Neighborhood":null,"IN_City":"HAMILTON","IN_Subregion":"RAVALLI","IN_Region":"MT","IN_Postal":"59840","IN_PostalExt":null,"IN_CountryCode":null,"USER_TARGET_FID":146,"USER_ID":759840,"USER_NAME":"MARCUS DALY MEMORIAL HOSPITAL","USER_ADDRESS":"1200 WESTWOOD DR","USER_CITY":"HAMILTON","USER_STATE":"MT","USER_ZIP":59840,"USER_TELEPHONE":"(406) 363-2211","USER_TYPE":"CRITICAL ACCESS","USER_COUNTY":"RAVALLI","USER_LATITUDE":46.248138580000003,"USER_LONGITUDE":-114.1720871,"USER_SOURCE":"http://dphhs.mt.gov/qad/healthcarefacilitieslist","USER_SOURCEDATE":1596844800000,"USER_WEBSITE":"http://www.mdmh.org","USER_OWNER":"NON-PROFIT","USER_BEDS":37,"USER_TRAUMA":"TRF","USER_HELIPAD":"Y","USER_hosp_cnt":1,"USER_HSA_label":"HAMILTON","USER_LnD":1,"USER_Pediatric":1,"USER_Gyn":1,"USER_MFM":0,"USER_CriticalAccess":1,"USER_Acute_care":1}},{"type":"Feature","id":121,"geometry":{"type":"Point","coordinates":[-114.16264963090039,47.682249138780605]},"properties":{"ObjectID":121,"Loc_name":"World","Status":"M","Score":98.489999999999995,"Match_type":"A","Match_addr":"6 13th Ave E, Polson, Montana, 59860","LongLabel":"6 13th Ave E, Polson, MT, 59860, USA","ShortLabel":"6 13th Ave E","Addr_type":"PointAddress","Type":"","PlaceName":"","Place_addr":"6 13th Ave E, Polson, Montana, 59860","Phone":"","URL":"","Rank":19.5,"AddBldg":"","AddNum":"6","AddNumFrom":"","AddNumTo":"","AddRange":"","Side":"","StPreDir":"","StPreType":"","StName":"13th","StType":"Ave","StDir":"E","BldgComp":"","BldgType":"","BldgName":"","LevelType":"","LevelName":"","UnitType":"","UnitName":"","RoomType":"","RoomName":"","WingType":"","WingName":"","SubAddr":"","StAddr":"6 13th Ave E","Block":"","Sector":"","Nbrhd":"","District":"","City":"Polson","MetroArea":"","Subregion":"Lake County","Region":"Montana","RegionAbbr":"MT","Territory":"","Zone":"","Postal":"59860","PostalExt":"5315","Country":"USA","CntryName":"United States","LangCode":"ENG","Distance":0,"X":-114.16263579119099,"Y":47.683353334518003,"DisplayX":-114.162636210286,"DisplayY":47.682242648528003,"Xmin":-114.163636210286,"Xmax":-114.16163621028601,"Ymin":47.681242648527999,"Ymax":47.683242648528001,"ExInfo":"","MatchID":"AQEtAQEA0hkCAJUBBAAAAAAMEDEzVEggQVZFTlVFIEVBU1QVATZmA0VORw","PotentialID":"","StrucType":"","StrucDet":"","IN_Address":"6 13TH AVENUE E","IN_Address2":null,"IN_Address3":null,"IN_Neighborhood":null,"IN_City":"POLSON","IN_Subregion":"LAKE","IN_Region":"MT","IN_Postal":"59860","IN_PostalExt":null,"IN_CountryCode":null,"USER_TARGET_FID":145,"USER_ID":6959860,"USER_NAME":"PROVIDENCE ST JOSEPH MEDICAL CENTER","USER_ADDRESS":"6 13TH AVENUE E","USER_CITY":"POLSON","USER_STATE":"MT","USER_ZIP":59860,"USER_TELEPHONE":"(406) 886-5377","USER_TYPE":"CRITICAL ACCESS","USER_COUNTY":"LAKE","USER_LATITUDE":47.682171510000003,"USER_LONGITUDE":-114.16270489999999,"USER_SOURCE":"http://dphhs.mt.gov/qad/healthcarefacilitieslist","USER_SOURCEDATE":1596844800000,"USER_WEBSITE":"http://montana.providence.org/hospitals/st-joseph/","USER_OWNER":"NON-PROFIT","USER_BEDS":22,"USER_TRAUMA":"TRF","USER_HELIPAD":"Y","USER_hosp_cnt":1,"USER_HSA_label":"POLSON","USER_LnD":1,"USER_Pediatric":1,"USER_Gyn":1,"USER_MFM":0,"USER_CriticalAccess":1,"USER_Acute_care":1}},{"type":"Feature","id":122,"geometry":{"type":"Point","coordinates":[-114.00011811595344,46.875170637658577]},"properties":{"ObjectID":122,"Loc_name":"World","Status":"M","Score":93.269999999999996,"Match_type":"A","Match_addr":"500 W Broadway St, Missoula, Montana, 59802","LongLabel":"500 W Broadway St, Missoula, MT, 59802, USA","ShortLabel":"500 W Broadway St","Addr_type":"PointAddress","Type":"","PlaceName":"","Place_addr":"500 W Broadway St, Missoula, Montana, 59802","Phone":"","URL":"","Rank":19.5,"AddBldg":"","AddNum":"500","AddNumFrom":"","AddNumTo":"","AddRange":"","Side":"","StPreDir":"W","StPreType":"","StName":"Broadway","StType":"St","StDir":"","BldgComp":"","BldgType":"","BldgName":"","LevelType":"","LevelName":"","UnitType":"","UnitName":"","RoomType":"","RoomName":"","WingType":"","WingName":"","SubAddr":"","StAddr":"500 W Broadway St","Block":"","Sector":"","Nbrhd":"","District":"","City":"Missoula","MetroArea":"","Subregion":"Missoula County","Region":"Montana","RegionAbbr":"MT","Territory":"","Zone":"","Postal":"59802","PostalExt":"4096","Country":"USA","CntryName":"United States","LangCode":"ENG","Distance":0,"X":-114.000404306688,"Y":46.874073039216,"DisplayX":-114.000104905106,"DisplayY":46.875164195370999,"Xmin":-114.001104905106,"Xmax":-113.99910490510599,"Ymin":46.874164195371002,"Ymax":46.876164195370997,"ExInfo":"","MatchID":"AQHPAQEAqxYCAJUBBAAAAAAMFFdFU1QgQlJPQURXQVkgU1RSRUVUFQM1MDBmA0VORw","PotentialID":"","StrucType":"","StrucDet":"","IN_Address":"500 W BROADWAY","IN_Address2":null,"IN_Address3":null,"IN_Neighborhood":null,"IN_City":"MISSOULA","IN_Subregion":"MISSOULA","IN_Region":"MT","IN_Postal":"59806","IN_PostalExt":null,"IN_CountryCode":null,"USER_TARGET_FID":147,"USER_ID":6159806,"USER_NAME":"ST PATRICK HOSPITAL","USER_ADDRESS":"500 W BROADWAY","USER_CITY":"MISSOULA","USER_STATE":"MT","USER_ZIP":59806,"USER_TELEPHONE":"(406) 543-7271","USER_TYPE":"GENERAL ACUTE CARE","USER_COUNTY":"MISSOULA","USER_LATITUDE":46.875909999999998,"USER_LONGITUDE":-113.99991,"USER_SOURCE":"http://dphhs.mt.gov/qad/healthcarefacilitieslist","USER_SOURCEDATE":1596844800000,"USER_WEBSITE":"http://www.saintpatrick.org","USER_OWNER":"NON-PROFIT","USER_BEDS":253,"USER_TRAUMA":"RTC","USER_HELIPAD":"Y","USER_hosp_cnt":2,"USER_HSA_label":"MISSOULA","USER_LnD":0,"USER_Pediatric":1,"USER_Gyn":1,"USER_MFM":0,"USER_CriticalAccess":0,"USER_Acute_care":1}},{"type":"Feature","id":123,"geometry":{"type":"Point","coordinates":[-117.41298584580213,47.649132233531439]},"properties":{"ObjectID":123,"Loc_name":"World","Status":"M","Score":100,"Match_type":"A","Match_addr":"101 W 8th Ave, Spokane, Washington, 99204","LongLabel":"101 W 8th Ave, Spokane, WA, 99204, USA","ShortLabel":"101 W 8th Ave","Addr_type":"PointAddress","Type":"","PlaceName":"","Place_addr":"101 W 8th Ave, Spokane, Washington, 99204","Phone":"","URL":"","Rank":19.5,"AddBldg":"","AddNum":"101","AddNumFrom":"","AddNumTo":"","AddRange":"","Side":"","StPreDir":"W","StPreType":"","StName":"8th","StType":"Ave","StDir":"","BldgComp":"","BldgType":"","BldgName":"","LevelType":"","LevelName":"","UnitType":"","UnitName":"","RoomType":"","RoomName":"","WingType":"","WingName":"","SubAddr":"","StAddr":"101 W 8th Ave","Block":"","Sector":"","Nbrhd":"","District":"","City":"Spokane","MetroArea":"","Subregion":"Spokane County","Region":"Washington","RegionAbbr":"WA","Territory":"","Zone":"","Postal":"99204","PostalExt":"2364","Country":"USA","CntryName":"United States","LangCode":"ENG","Distance":0,"X":-117.413009599509,"Y":47.648407000885001,"DisplayX":-117.412971797126,"DisplayY":47.649126084358002,"Xmin":-117.413971797126,"Xmax":-117.411971797126,"Ymin":47.648126084357997,"Ymax":47.650126084358,"ExInfo":"","MatchID":"AQF79AAAsRkCAJUBBAAAAAAMD1dFU1QgOFRIIEFWRU5VRRUDMTAxZgNFTkc","PotentialID":"","StrucType":"Commercial","StrucDet":"","IN_Address":"101 W 8TH AVE","IN_Address2":null,"IN_Address3":null,"IN_Neighborhood":null,"IN_City":"SPOKANE","IN_Subregion":"SPOKANE","IN_Region":"WA","IN_Postal":"99204","IN_PostalExt":null,"IN_CountryCode":null,"USER_TARGET_FID":148,"USER_ID":15399204,"USER_NAME":"PROVIDENCE SACRED HEART MEDICAL CENTER AND CHILDREN'S HOSPITAL","USER_ADDRESS":"101 W 8TH AVE","USER_CITY":"SPOKANE","USER_STATE":"WA","USER_ZIP":99204,"USER_TELEPHONE":"(509) 474-3131","USER_TYPE":"GENERAL ACUTE CARE","USER_COUNTY":"SPOKANE","USER_LATITUDE":47.649212990000002,"USER_LONGITUDE":-117.41359540000001,"USER_SOURCE":"https://fortress.wa.gov/doh/facilitysearch/default.aspx","USER_SOURCEDATE":1596931200000,"USER_WEBSITE":"http://washington.providence.org/hospitals/sacred-heart-medical-center-and-childrens-hospital/","USER_OWNER":"NON-PROFIT","USER_BEDS":638,"USER_TRAUMA":"LEVEL II, LEVEL II PEDIATRIC","USER_HELIPAD":"Y","USER_hosp_cnt":7,"USER_HSA_label":"SPOKANE","USER_LnD":1,"USER_Pediatric":1,"USER_Gyn":1,"USER_MFM":1,"USER_CriticalAccess":0,"USER_Acute_care":1}},{"type":"Feature","id":124,"geometry":{"type":"Point","coordinates":[-118.34327180967449,46.062047619488581]},"properties":{"ObjectID":124,"Loc_name":"World","Status":"M","Score":100,"Match_type":"A","Match_addr":"401 W Poplar St, Walla Walla, Washington, 99362","LongLabel":"401 W Poplar St, Walla Walla, WA, 99362, USA","ShortLabel":"401 W Poplar St","Addr_type":"PointAddress","Type":"","PlaceName":"","Place_addr":"401 W Poplar St, Walla Walla, Washington, 99362","Phone":"","URL":"","Rank":19.5,"AddBldg":"","AddNum":"401","AddNumFrom":"","AddNumTo":"","AddRange":"","Side":"","StPreDir":"W","StPreType":"","StName":"Poplar","StType":"St","StDir":"","BldgComp":"","BldgType":"","BldgName":"","LevelType":"","LevelName":"","UnitType":"","UnitName":"","RoomType":"","RoomName":"","WingType":"","WingName":"","SubAddr":"","StAddr":"401 W Poplar St","Block":"","Sector":"","Nbrhd":"","District":"","City":"Walla Walla","MetroArea":"","Subregion":"Walla Walla County","Region":"Washington","RegionAbbr":"WA","Territory":"","Zone":"","Postal":"99362","PostalExt":"2862","Country":"USA","CntryName":"United States","LangCode":"ENG","Distance":0,"X":-118.34354393107,"Y":46.062744081048997,"DisplayX":-118.343257940534,"DisplayY":46.062041677563002,"Xmin":-118.34425794053401,"Xmax":-118.342257940534,"Ymin":46.061041677562997,"Ymax":46.063041677563,"ExInfo":"","MatchID":"AQHY8AAAfhMCAJUBBAAAAAAMEldFU1QgUE9QTEFSIFNUUkVFVBUDNDAxZgNFTkc","PotentialID":"","StrucType":"Commercial","StrucDet":"","IN_Address":"401 W POPLAR ST","IN_Address2":null,"IN_Address3":null,"IN_Neighborhood":null,"IN_City":"WALLA WALLA","IN_Subregion":"WALLA WALLA","IN_Region":"WA","IN_Postal":"99362","IN_PostalExt":null,"IN_CountryCode":null,"USER_TARGET_FID":149,"USER_ID":3499362,"USER_NAME":"PROVIDENCE ST. MARY MEDICAL CENTER","USER_ADDRESS":"401 W POPLAR ST","USER_CITY":"WALLA WALLA","USER_STATE":"WA","USER_ZIP":99362,"USER_TELEPHONE":"(509) 525-3320","USER_TYPE":"GENERAL ACUTE CARE","USER_COUNTY":"WALLA WALLA","USER_LATITUDE":46.062227649999997,"USER_LONGITUDE":-118.343197,"USER_SOURCE":"https://fortress.wa.gov/doh/facilitysearch/default.aspx","USER_SOURCEDATE":1596931200000,"USER_WEBSITE":"http://www.providence.org","USER_OWNER":"NON-PROFIT","USER_BEDS":142,"USER_TRAUMA":"LEVEL III, LEVEL III PEDIATRIC, LEVEL II REHAB","USER_HELIPAD":"Y","USER_hosp_cnt":2,"USER_HSA_label":"WALLA WALLA","USER_LnD":1,"USER_Pediatric":1,"USER_Gyn":1,"USER_MFM":0,"USER_CriticalAccess":0,"USER_Acute_care":1}},{"type":"Feature","id":125,"geometry":{"type":"Point","coordinates":[-110.74973185264409,43.480766254689634]},"properties":{"ObjectID":125,"Loc_name":"World","Status":"M","Score":97.5,"Match_type":"A","Match_addr":"625 E Broadway Ave, Jackson, Wyoming, 83001","LongLabel":"625 E Broadway Ave, Jackson, WY, 83001, USA","ShortLabel":"625 E Broadway Ave","Addr_type":"PointAddress","Type":"","PlaceName":"","Place_addr":"625 E Broadway Ave, Jackson, Wyoming, 83001","Phone":"","URL":"","Rank":19.5,"AddBldg":"","AddNum":"625","AddNumFrom":"","AddNumTo":"","AddRange":"","Side":"","StPreDir":"E","StPreType":"","StName":"Broadway","StType":"Ave","StDir":"","BldgComp":"","BldgType":"","BldgName":"","LevelType":"","LevelName":"","UnitType":"","UnitName":"","RoomType":"","RoomName":"","WingType":"","WingName":"","SubAddr":"","StAddr":"625 E Broadway Ave","Block":"","Sector":"","Nbrhd":"","District":"","City":"Jackson","MetroArea":"","Subregion":"Teton County","Region":"Wyoming","RegionAbbr":"WY","Territory":"","Zone":"","Postal":"83001","PostalExt":"8642","Country":"USA","CntryName":"United States","LangCode":"ENG","Distance":0,"X":-110.749717769562,"Y":43.479721142667998,"DisplayX":-110.74971994885701,"DisplayY":43.480759828110003,"Xmin":-110.750719948857,"Xmax":-110.748719948857,"Ymin":43.479759828109998,"Ymax":43.48175982811,"ExInfo":"","MatchID":"AQGCDgEAaAkCAJUBBAAAAAAMFEVBU1QgQlJPQURXQVkgQVZFTlVFFQM2MjVmA0VORw","PotentialID":"","StrucType":"","StrucDet":"","IN_Address":"625 EAST BROADWAY","IN_Address2":null,"IN_Address3":null,"IN_Neighborhood":null,"IN_City":"JACKSON","IN_Subregion":"TETON","IN_Region":"WY","IN_Postal":"83001","IN_PostalExt":null,"IN_CountryCode":null,"USER_TARGET_FID":151,"USER_ID":3783001,"USER_NAME":"ST JOHNS MEDICAL CENTER","USER_ADDRESS":"625 EAST BROADWAY","USER_CITY":"JACKSON","USER_STATE":"WY","USER_ZIP":83001,"USER_TELEPHONE":"(307) 733-3636","USER_TYPE":"GENERAL ACUTE CARE","USER_COUNTY":"TETON","USER_LATITUDE":43.480281849999997,"USER_LONGITUDE":-110.74957790000001,"USER_SOURCE":"https://health.wyo.gov/aging/hls/healthcare-facility-directory/","USER_SOURCEDATE":1597190400000,"USER_WEBSITE":"http://www.tetonhospital.org/","USER_OWNER":"NON-PROFIT","USER_BEDS":48,"USER_TRAUMA":"ATH","USER_HELIPAD":"Y","USER_hosp_cnt":1,"USER_HSA_label":"JACKSON","USER_LnD":1,"USER_Pediatric":1,"USER_Gyn":1,"USER_MFM":1,"USER_CriticalAccess":1,"USER_Acute_care":1}},{"type":"Feature","id":126,"geometry":{"type":"Point","coordinates":[-111.98684150683235,43.473995622372378]},"properties":{"ObjectID":126,"Loc_name":"World","Status":"M","Score":98.060000000000002,"Match_type":"A","Match_addr":"2327 Coronado St, Idaho Falls, Idaho, 83404","LongLabel":"2327 Coronado St, Idaho Falls, ID, 83404, USA","ShortLabel":"2327 Coronado St","Addr_type":"PointAddress","Type":"","PlaceName":"","Place_addr":"2327 Coronado St, Idaho Falls, Idaho, 83404","Phone":"","URL":"","Rank":19.5,"AddBldg":"","AddNum":"2327","AddNumFrom":"","AddNumTo":"","AddRange":"","Side":"","StPreDir":"","StPreType":"","StName":"Coronado","StType":"St","StDir":"","BldgComp":"","BldgType":"","BldgName":"","LevelType":"","LevelName":"","UnitType":"","UnitName":"","RoomType":"","RoomName":"","WingType":"","WingName":"","SubAddr":"","StAddr":"2327 Coronado St","Block":"","Sector":"","Nbrhd":"","District":"","City":"Idaho Falls","MetroArea":"","Subregion":"Bonneville County","Region":"Idaho","RegionAbbr":"ID","Territory":"","Zone":"","Postal":"83404","PostalExt":"7407","Country":"USA","CntryName":"United States","LangCode":"ENG","Distance":0,"X":-111.98721306956701,"Y":43.472522806131003,"DisplayX":-111.98682934604,"DisplayY":43.473989303910002,"Xmin":-111.98782934604,"Xmax":-111.98582934604001,"Ymin":43.472989303909998,"Ymax":43.47498930391,"ExInfo":"","MatchID":"AQGtCQEAYQkCAJUBBAAAAAAMD0NPUk9OQURPIFNUUkVFVBUEMjMyN2YDRU5H","PotentialID":"","StrucType":"Commercial","StrucDet":"Medical","IN_Address":"2327 CORONADO ST","IN_Address2":null,"IN_Address3":null,"IN_Neighborhood":null,"IN_City":"IDAHO FALLS","IN_Subregion":"BONNEVILLE","IN_Region":"ID","IN_Postal":"83406","IN_PostalExt":null,"IN_CountryCode":null,"USER_TARGET_FID":155,"USER_ID":196784218,"USER_NAME":"IDAHO FALLS COMMUNITY HOSPITAL","USER_ADDRESS":"2327 CORONADO ST","USER_CITY":"IDAHO FALLS","USER_STATE":"ID","USER_ZIP":83406,"USER_TELEPHONE":"(208) 557-2711","USER_TYPE":"GENERAL ACUTE CARE","USER_COUNTY":"BONNEVILLE","USER_LATITUDE":43.472574799999997,"USER_LONGITUDE":-111.9877682,"USER_SOURCE":"http://healthandwelfare.idaho.gov/Portals/0/Medical/LicensingCertification/AlphaHospital.pdf","USER_SOURCEDATE":1597622400000,"USER_WEBSITE":"NOT AVAILABLE","USER_OWNER":"NOT AVAILABLE","USER_BEDS":88,"USER_TRAUMA":"NOT AVAILABLE","USER_HELIPAD":"NOT AVAILABLE","USER_hosp_cnt":2,"USER_HSA_label":"IDAHO FALLS","USER_LnD":0,"USER_Pediatric":1,"USER_Gyn":0,"USER_MFM":0,"USER_CriticalAccess":0,"USER_Acute_care":1}},{"type":"Feature","id":127,"geometry":{"type":"Point","coordinates":[-116.51863026438295,43.597700635885538]},"properties":{"ObjectID":127,"Loc_name":"World","Status":"M","Score":98.489999999999995,"Match_type":"A","Match_addr":"4300 E Flamingo Ave, Nampa, Idaho, 83687","LongLabel":"4300 E Flamingo Ave, Nampa, ID, 83687, USA","ShortLabel":"4300 E Flamingo Ave","Addr_type":"PointAddress","Type":"","PlaceName":"","Place_addr":"4300 E Flamingo Ave, Nampa, Idaho, 83687","Phone":"","URL":"","Rank":19.600000000000001,"AddBldg":"","AddNum":"4300","AddNumFrom":"","AddNumTo":"","AddRange":"","Side":"","StPreDir":"E","StPreType":"","StName":"Flamingo","StType":"Ave","StDir":"","BldgComp":"","BldgType":"","BldgName":"","LevelType":"","LevelName":"","UnitType":"","UnitName":"","RoomType":"","RoomName":"","WingType":"","WingName":"","SubAddr":"","StAddr":"4300 E Flamingo Ave","Block":"","Sector":"","Nbrhd":"","District":"","City":"Nampa","MetroArea":"","Subregion":"Canyon County","Region":"Idaho","RegionAbbr":"ID","Territory":"","Zone":"","Postal":"83687","PostalExt":"3138","Country":"USA","CntryName":"United States","LangCode":"ENG","Distance":0,"X":-116.51861568750699,"Y":43.597694460115001,"DisplayX":-116.51861719625001,"DisplayY":43.597694711571997,"Xmin":-116.51961719625,"Xmax":-116.51761719625,"Ymin":43.596694711571999,"Ymax":43.598694711572001,"ExInfo":"","MatchID":"AQH59wAA3QkCAJUBBAAAAAAMFEVBU1QgRkxBTUlOR08gQVZFTlVFFQQ0MzAwZgNFTkc","PotentialID":"","StrucType":"","StrucDet":"","IN_Address":"4300 E FLAMINGO AVE","IN_Address2":null,"IN_Address3":null,"IN_Neighborhood":null,"IN_City":"NAMPA","IN_Subregion":"CANYON","IN_Region":"ID","IN_Postal":"83687","IN_PostalExt":null,"IN_CountryCode":null,"USER_TARGET_FID":156,"USER_ID":196784248,"USER_NAME":"SAINT ALPHONSUS MEDICAL CENTER - NAMPA","USER_ADDRESS":"4300 E FLAMINGO AVE","USER_CITY":"NAMPA","USER_STATE":"ID","USER_ZIP":83687,"USER_TELEPHONE":"(208) 205-0050","USER_TYPE":"GENERAL ACUTE CARE","USER_COUNTY":"CANYON","USER_LATITUDE":43.597448900000003,"USER_LONGITUDE":-116.517392,"USER_SOURCE":"http://healthandwelfare.idaho.gov/Portals/0/Medical/LicensingCertification/AlphaHospital.pdf","USER_SOURCEDATE":1597622400000,"USER_WEBSITE":"NOT AVAILABLE","USER_OWNER":"NOT AVAILABLE","USER_BEDS":106,"USER_TRAUMA":"NOT AVAILABLE","USER_HELIPAD":"NOT AVAILABLE","USER_hosp_cnt":1,"USER_HSA_label":"NAMPA","USER_LnD":1,"USER_Pediatric":1,"USER_Gyn":1,"USER_MFM":1,"USER_CriticalAccess":0,"USER_Acute_care":1}},{"type":"Feature","id":128,"geometry":{"type":"Point","coordinates":[-119.09528728100749,46.234919236434088]},"properties":{"ObjectID":128,"Loc_name":"World","Status":"M","Score":98.400000000000006,"Match_type":"A","Match_addr":"520 N 4th Ave, Pasco, Washington, 99301","LongLabel":"520 N 4th Ave, Pasco, WA, 99301, USA","ShortLabel":"520 N 4th Ave","Addr_type":"PointAddress","Type":"","PlaceName":"","Place_addr":"520 N 4th Ave, Pasco, Washington, 99301","Phone":"","URL":"","Rank":19.5,"AddBldg":"","AddNum":"520","AddNumFrom":"","AddNumTo":"","AddRange":"","Side":"","StPreDir":"N","StPreType":"","StName":"4th","StType":"Ave","StDir":"","BldgComp":"","BldgType":"","BldgName":"","LevelType":"","LevelName":"","UnitType":"","UnitName":"","RoomType":"","RoomName":"","WingType":"","WingName":"","SubAddr":"","StAddr":"520 N 4th Ave","Block":"","Sector":"","Nbrhd":"","District":"","City":"Pasco","MetroArea":"","Subregion":"Franklin County","Region":"Washington","RegionAbbr":"WA","Territory":"","Zone":"","Postal":"99301","PostalExt":"5248","Country":"USA","CntryName":"United States","LangCode":"ENG","Distance":0,"X":-119.094574022617,"Y":46.235248551813001,"DisplayX":-119.095273240979,"DisplayY":46.234913359506002,"Xmin":-119.096273240979,"Xmax":-119.09427324097901,"Ymin":46.233913359505998,"Ymax":46.235913359506,"ExInfo":"","MatchID":"AQHo7QAAKhQCAJUBBAAAAAAMEE5PUlRIIDRUSCBBVkVOVUUVAzUyMGYDRU5H","PotentialID":"","StrucType":"Commercial","StrucDet":"Medical","IN_Address":"520 4TH AVE N","IN_Address2":null,"IN_Address3":null,"IN_Neighborhood":null,"IN_City":"PASCO","IN_Subregion":"FRANKLIN","IN_Region":"WA","IN_Postal":"99301","IN_PostalExt":null,"IN_CountryCode":null,"USER_TARGET_FID":150,"USER_ID":3299301,"USER_NAME":"LOURDES MEDICAL CENTER","USER_ADDRESS":"520 4TH AVE N","USER_CITY":"PASCO","USER_STATE":"WA","USER_ZIP":99301,"USER_TELEPHONE":"(509) 547-7704","USER_TYPE":"CRITICAL ACCESS","USER_COUNTY":"FRANKLIN","USER_LATITUDE":46.2350256,"USER_LONGITUDE":-119.09538619999999,"USER_SOURCE":"https://fortress.wa.gov/doh/facilitysearch/default.aspx","USER_SOURCEDATE":1596931200000,"USER_WEBSITE":"www.lourdesmed.org","USER_OWNER":"NON-PROFIT","USER_BEDS":106,"USER_TRAUMA":"LEVEL IV, LEVEL II REHAB","USER_HELIPAD":"Y","USER_hosp_cnt":1,"USER_HSA_label":"PASCO","USER_LnD":1,"USER_Pediatric":1,"USER_Gyn":1,"USER_MFM":0,"USER_CriticalAccess":1,"USER_Acute_care":1}},{"type":"Feature","id":129,"geometry":{"type":"Point","coordinates":[-116.26448219702654,43.6035653516645]},"properties":{"ObjectID":129,"Loc_name":"World","Status":"M","Score":98.489999999999995,"Match_type":"A","Match_addr":"6651 W Franklin Rd, Boise, Idaho, 83709","LongLabel":"6651 W Franklin Rd, Boise, ID, 83709, USA","ShortLabel":"6651 W Franklin Rd","Addr_type":"PointAddress","Type":"","PlaceName":"","Place_addr":"6651 W Franklin Rd, Boise, Idaho, 83709","Phone":"","URL":"","Rank":19.5,"AddBldg":"","AddNum":"6651","AddNumFrom":"","AddNumTo":"","AddRange":"","Side":"","StPreDir":"W","StPreType":"","StName":"Franklin","StType":"Rd","StDir":"","BldgComp":"","BldgType":"","BldgName":"","LevelType":"","LevelName":"","UnitType":"","UnitName":"","RoomType":"","RoomName":"","WingType":"","WingName":"","SubAddr":"","StAddr":"6651 W Franklin Rd","Block":"","Sector":"","Nbrhd":"","District":"","City":"Boise","MetroArea":"","Subregion":"Ada County","Region":"Idaho","RegionAbbr":"ID","Territory":"","Zone":"","Postal":"83709","PostalExt":"0914","Country":"USA","CntryName":"United States","LangCode":"ENG","Distance":0,"X":-116.264442520339,"Y":43.603992412613998,"DisplayX":-116.264469174791,"DisplayY":43.603559403496,"Xmin":-116.26546917479099,"Xmax":-116.263469174791,"Ymin":43.602559403496002,"Ymax":43.604559403495998,"ExInfo":"","MatchID":"AQH3+AAA4wkCAJUBBAAAAAAMEldFU1QgRlJBTktMSU4gUk9BRBUENjY1MWYDRU5H","PotentialID":"","StrucType":"Commercial","StrucDet":"","IN_Address":"6651 W FRANKLIN RD","IN_Address2":null,"IN_Address3":null,"IN_Neighborhood":null,"IN_City":"BOISE","IN_Subregion":"ADA","IN_Region":"ID","IN_Postal":"83709","IN_PostalExt":null,"IN_CountryCode":null,"USER_TARGET_FID":157,"USER_ID":196784273,"USER_NAME":"VIBRA HOSPITAL OF BOISE","USER_ADDRESS":"6651 W FRANKLIN RD","USER_CITY":"BOISE","USER_STATE":"ID","USER_ZIP":83709,"USER_TELEPHONE":"(208) 489-9500","USER_TYPE":"LONG TERM CARE","USER_COUNTY":"ADA","USER_LATITUDE":43.603407400000002,"USER_LONGITUDE":-116.2644651,"USER_SOURCE":"http://healthandwelfare.idaho.gov/Portals/0/Medical/LicensingCertification/AlphaHospital.pdf","USER_SOURCEDATE":1597622400000,"USER_WEBSITE":"NOT AVAILABLE","USER_OWNER":"NOT AVAILABLE","USER_BEDS":40,"USER_TRAUMA":"NOT AVAILABLE","USER_HELIPAD":"NOT AVAILABLE","USER_hosp_cnt":5,"USER_HSA_label":"BOISE","USER_LnD":0,"USER_Pediatric":0,"USER_Gyn":0,"USER_MFM":0,"USER_CriticalAccess":0,"USER_Acute_care":0}},{"type":"Feature","id":130,"geometry":{"type":"Point","coordinates":[-116.59086979751783,43.616825703533877]},"properties":{"ObjectID":130,"Loc_name":"World","Status":"M","Score":98.489999999999995,"Match_type":"A","Match_addr":"9850 W St Lukes Dr, Nampa, Idaho, 83687","LongLabel":"9850 W St Lukes Dr, Nampa, ID, 83687, USA","ShortLabel":"9850 W St Lukes Dr","Addr_type":"PointAddress","Type":"","PlaceName":"","Place_addr":"9850 W St Lukes Dr, Nampa, Idaho, 83687","Phone":"","URL":"","Rank":19.5,"AddBldg":"","AddNum":"9850","AddNumFrom":"","AddNumTo":"","AddRange":"","Side":"","StPreDir":"W","StPreType":"","StName":"St Lukes","StType":"Dr","StDir":"","BldgComp":"","BldgType":"","BldgName":"","LevelType":"","LevelName":"","UnitType":"","UnitName":"","RoomType":"","RoomName":"","WingType":"","WingName":"","SubAddr":"","StAddr":"9850 W St Lukes Dr","Block":"","Sector":"","Nbrhd":"","District":"","City":"Nampa","MetroArea":"","Subregion":"Canyon County","Region":"Idaho","RegionAbbr":"ID","Territory":"","Zone":"","Postal":"83687","PostalExt":"7912","Country":"USA","CntryName":"United States","LangCode":"ENG","Distance":0,"X":-116.59034734433099,"Y":43.616634376169003,"DisplayX":-116.590856712587,"DisplayY":43.616819783867001,"Xmin":-116.591856712587,"Xmax":-116.58985671258699,"Ymin":43.615819783867003,"Ymax":43.617819783866999,"ExInfo":"","MatchID":"AQGx9wAA8AkCAJUBBAAAAAAME1dFU1QgU1QgTFVLRVMgRFJJVkUVBDk4NTBmA0VORw","PotentialID":"","StrucType":"","StrucDet":"","IN_Address":"9850 W ST LUKE'S DR, SUITE 250","IN_Address2":null,"IN_Address3":null,"IN_Neighborhood":null,"IN_City":"NAMPA","IN_Subregion":"CANYON","IN_Region":"ID","IN_Postal":"83687","IN_PostalExt":null,"IN_CountryCode":null,"USER_TARGET_FID":159,"USER_ID":196784291,"USER_NAME":"ST LUKE'S NAMPA MEDICAL CENTER","USER_ADDRESS":"9850 W ST LUKE'S DR, SUITE 250","USER_CITY":"NAMPA","USER_STATE":"ID","USER_ZIP":83687,"USER_TELEPHONE":"(208) 505-2000","USER_TYPE":"GENERAL ACUTE CARE","USER_COUNTY":"CANYON","USER_LATITUDE":43.617390700000001,"USER_LONGITUDE":-116.59030869999999,"USER_SOURCE":"http://healthandwelfare.idaho.gov/Portals/0/Medical/LicensingCertification/AlphaHospital.pdf","USER_SOURCEDATE":1597622400000,"USER_WEBSITE":"NOT AVAILABLE","USER_OWNER":"NOT AVAILABLE","USER_BEDS":87,"USER_TRAUMA":"NOT AVAILABLE","USER_HELIPAD":"NOT AVAILABLE","USER_hosp_cnt":1,"USER_HSA_label":"NAMPA","USER_LnD":1,"USER_Pediatric":1,"USER_Gyn":1,"USER_MFM":1,"USER_CriticalAccess":0,"USER_Acute_care":1}}]}